"Rank","Name","Symbol","marketcap","price (USD)","country"
"1","NVIDIA","NVDA","5287968243712","218.991","United States"
"2","Apple","AAPL","4878834335744","334.3","United States"
"3","Alphabet (Google)","GOOG","4127786795008","337.515","United States"
"4","Microsoft","MSFT","3679358550016","495.5","United States"
"5","Amazon","AMZN","2758815252480","255.77","United States"
"6","TSMC","TSM","2244446519296","432.75","Taiwan"
"7","SpaceX","SPCX","1958548865024","148.58","United States"
"8","Broadcom","AVGO","1739320328192","364.36","United States"
"9","Saudi Aramco","2222.SR","1683786162198","6.96046","Saudi Arabia"
"10","Meta Platforms (Facebook)","META","1651522666496","648.29","United States"
"11","Tesla","TSLA","1442770190336","365.3","United States"
"12","Samsung","005930.KS","1272152775152","193.732","South Korea"
"13","Micron Technology","MU","1099413454848","973.455","United States"
"14","Berkshire Hathaway","BRK-B","1086538645504","507.56","United States"
"15","Eli Lilly","LLY","1002193092608","1123.86","United States"
"16","SK Hynix","000660.KS","960265993517","1352.76","South Korea"
"17","JPMorgan Chase","JPM","950567436288","357.6","United States"
"18","Walmart","WMT","848172875776","106.58","United States"
"19","AMD","AMD","835892477952","512.04","United States"
"20","Visa","V","692021100544","370.65","United States"
"21","Exxon Mobil","XOM","680685862912","165.54","United States"
"22","ASML","ASML","656811032576","1710","Netherlands"
"23","Johnson & Johnson","JNJ","640334102528","265.71","United States"
"24","CXMT","688825.SS","599925050899","8.47172","China"
"25","Intel","INTC","537438289920","101.67","United States"
"26","Mastercard","MA","498703663104","569.29","United States"
"27","Tencent","TCEHY","493382460000","54.62","China"
"28","AbbVie","ABBV","455341932544","257.675","United States"
"29","Bank of America","BAC","440018698240","62.925","United States"
"30","Cisco","CSCO","439283810304","111.42","United States"
"31","Oracle","ORCL","435556057088","151.21","United States"
"32","China Construction Bank","601939.SS","430505390066","1.64566","China"
"33","Chevron","CVX","419096526848","213.65","United States"
"34","Costco","COST","401242783744","904.762","United States"
"35","Palantir","PLTR","401082449920","166.905","United States"
"36","Coca-Cola","KO","380151726080","88.355","United States"
"37","Caterpillar","CAT","378266484736","822.9","United States"
"38","Lam Research","LRCX","378255572992","302.285","United States"
"39","Applied Materials","AMAT","367086436352","462.56","United States"
"40","Agricultural Bank of China","601288.SS","366141247680","1.04617","China"
"41","HSBC","HSBC","360867594240","105.37","United Kingdom"
"42","Merck","MRK","358085296128","145.14","United States"
"43","Dell","DELL","354138161152","556.985","United States"
"44","ICBC","1398.HK","345852541918","0.970388","China"
"45","Roche","RO.SW","344833931112","432.792","Switzerland"
"46","UnitedHealth","UNH","339928121344","378.71","United States"
"47","General Electric","GE","337223385088","325.015","United States"
"48","Procter & Gamble","PG","337042997248","145.11","United States"
"49","Morgan Stanley","MS","337035657216","214.595","United States"
"50","Netflix","NFLX","320019595264","76.855","United States"
"51","Bank of China","601988.SS","316130373194","0.981124","China"
"52","Home Depot","HD","309004435456","309.72","United States"
"53","Philip Morris International","PM","302308655104","193.96","United States"
"54","Goldman Sachs","GS","300710166528","1032.76","United States"
"55","Royal Bank Of Canada","RY","285545594880","206.255","Canada"
"56","Arm Holdings","ARM","278630170624","260.89","United Kingdom"
"57","Shell","SHEL","276093566976","96.51","United Kingdom"
"58","Wells Fargo","WFC","273792892928","90.54","United States"
"59","Alibaba","BABA","271927214080","109.4","China"
"60","Mitsubishi UFJ Financial","MUFG","268900220928","23.89","Japan"
"61","Palo Alto Networks","PANW","268782927872","329.795","United States"
"62","RTX","RTX","266916741120","198.045","United States"
"63","Novartis","NVS","261585879040","137.625","Switzerland"
"64","GE Vernova","GEV","253906468864","953.34","United States"
"65","Arista Networks","ANET","250031489024","198.245","United States"
"66","Texas Instruments","TXN","248007032832","271.566","United States"
"67","AstraZeneca","AZN","246855319552","159.17","United Kingdom"
"68","Nestlé","NESN.SW","244810952027","95.175","Switzerland"
"69","SoftBank Group Corp.","9984.T","242777501929","42.6006","Japan"
"70","Siemens","SIE.DE","239778115717","307.304","Germany"
"71","Sandisk","SNDK","238206156800","1626.88","United States"
"72","SAP","SAP","238170062848","206.35","Germany"
"73","LVMH","MC.PA","237724636567","482.234","France"
"74","KLA","KLAC","237046775808","181.43","United States"
"75","Kweichow Moutai","600519.SS","236899255857","189.507","China"
"76","Toyota","TM","235119624192","198.55","Japan"
"77","L'Oréal","OR.PA","234936179375","441.071","France"
"78","Citigroup","C","233138552832","138.985","United States"
"79","PetroChina","0857.HK","232912275883","1.2726","China"
"80","MediaTek","2454.TW","231740901093","145.095","Taiwan"
"81","CATL","300750.SZ","228360599355","49.3564","China"
"82","Thermo Fisher Scientific","TMO","226579283968","612.795","United States"
"83","IBM","IBM","225080623104","238.905","United States"
"84","BHP Group","BHP","221260972032","87.06","Australia"
"85","American Express","AXP","219809972224","325.495","United States"
"86","International Holding Company","IHC.AE","218583573289","99.65","United Arab Emirates"
"87","China Mobile","0941.HK","218158080576","10.0609","China"
"88","Santander","SAN","216337203200","14.905","Spain"
"89","Linde","LIN","214858235904","466.09","United Kingdom"
"90","Marvell Technology","MRVL","213046919168","237.06","United States"
"91","CrowdStrike","CRWD","210582437888","205.66","United States"
"92","Verizon","VZ","210418597888","50.645","United States"
"93","Amphenol","APH","206204157952","83.62","United States"
"94","Amgen","AMGN","205488816128","380.09","United States"
"95","Salesforce","CRM","205132742656","249.25","United States"
"96","TotalEnergies","TTE","202377330688","91.58","France"
"97","Toronto Dominion Bank","TD","197948506112","120.81","Canada"
"98","T-Mobile US","TMUS","196679696384","183.355","United States"
"99","QUALCOMM","QCOM","196368252928","183.855","United States"
"100","Inditex","ITX.MC","195393417058","62.7264","Spain"
"101","Allianz SE","ALV.DE","192998859998","508.848","Germany"
"102","KIOXIA Holdings Corporation","285A.T","192598386569","351.943","Japan"
"103","Schneider Electric","SU.PA","190423559189","338.017","France"
"104","Foxconn Industrial Internet","601138.SS","189864845511","9.56783","China"
"105","Novo Nordisk","NVO","189811834880","42.9543","Denmark"
"106","Seagate Technology","STX","187509407744","824.605","Ireland"
"107","Pepsico","PEP","187442528256","137.22","United States"
"108","Commonwealth Bank","CBA.AX","185066826595","110.697","Australia"
"109","Charles Schwab","SCHW","184641159168","106.77","United States"
"110","Walt Disney","DIS","184306548736","106.74","United States"
"111","Deere &amp; Company (John Deere)","DE","183652663296","681.14","United States"
"112","Analog Devices","ADI","183415308288","378.515","United States"
"113","Airbus","AIR.PA","183257328271","231.537","Netherlands"
"114","Reliance Industries","RELIANCE.NS","181940848669","13.4448","India"
"115","Prosus","PRX.AS","180699691252","41.3551","Netherlands"
"116","McDonald","MCD","179054542848","253.03","United States"
"117","AT&T","T","179018579968","26.125","United States"
"118","Gilead Sciences","GILD","178410946560","143.885","United States"
"119","Abbott Laboratories","ABT","176940351488","102.255","United States"
"120","BlackRock","BLK","176865099776","1088.56","United States"
"121","ABB","ABBN.SW","174876968664","96.5497","Switzerland"
"122","Nextera Energy","NEE","172948455424","82.91","United States"
"123","DBS Group","D05.SI","172912144623","60.7989","Singapore"
"124","Sumitomo Mitsui Financial Group","SMFG","172561088512","27.25","Japan"
"125","Shopify","SHOP","170875158528","131.68","Canada"
"126","Hermès","RMS.PA","170211330085","1625.06","France"
"127","Welltower","WELL","169741549568","235.565","United States"
"128","Union Pacific Corporation","UNP","169139240960","284.71","United States"
"129","UBS","UBS","167783464960","54.8","Switzerland"
"130","CM Bank","3968.HK","167066353525","6.6244","China"
"131","Boeing","BA","166222725120","210.31","United States"
"132","Eaton","ETN","164689362944","424.02","Ireland"
"133","ConocoPhillips","COP","164066672640","136.57","United States"
"134","Southern Copper","SCCO","163971547136","194.2","United States"
"135","Banco Bilbao Vizcaya Argentaria","BBVA","162596864000","29.465","Spain"
"136","Rio Tinto","RIO","162367586304","99.835","United Kingdom"
"137","Rolls-Royce Holdings","RR.L","162194865600","19.6807","United Kingdom"
"138","Zhongji Innolight","300308.SZ","161754713373","138.283","China"
"139","Western Digital","WDC","161735049216","448.59","United States"
"140","China Life Insurance","601628.SS","160351254154","5.6732","China"
"141","Safran","SAF.PA","158879640169","383.419","France"
"142","Deutsche Telekom","DTE.DE","158772455475","33.1979","Germany"
"143","Pfizer","PFE","157083009024","27.56","United States"
"144","Iberdrola","IBE.MC","156212892967","23.4092","Spain"
"145","Interactive Brokers","IBKR","155626504192","91.34","United States"
"146","Blackstone Group","BX","154504183808","129.26","United States"
"147","China Shenhua Energy","601088.SS","153883425400","7.09486","China"
"148","Anheuser-Busch Inbev","BUD","153857687552","78.135","Belgium"
"149","Tokyo Electron","8035.T","152281591796","335.203","Japan"
"150","Ping An Insurance","601318.SS","152127332134","8.40128","China"
"151","Hitachi","6501.T","151586803204","33.8655","Japan"
"152","Advantest","6857.T","149237368361","206.619","Japan"
"153","CNOOC","0883.HK","147761770801","3.10881","China"
"154","UniCredit","UCG.MI","146897461168","98.0442","Italy"
"155","Uber","UBER","146451562496","71.7","United States"
"156","Corning","GLW","143800172544","166.94","United States"
"157","Siemens Energy","ENR.F","141972757598","166.86","Germany"
"158","Danaher","DHR","141419708416","201.17","United States"
"159","Recruit","6098.T","140226809601","100.965","Japan"
"160","Sony","SONY","139307089920","23.845","Japan"
"161","Mizuho Financial Group","MFG","138761338880","11.465","Japan"
"162","TJX Companies","TJX","138211737600","125.65","United States"
"163","Intesa Sanpaolo","ISP.MI","137943800231","7.93312","Italy"
"164","Petrobras","PBR","136846123008","21.235","Brazil"
"165","ServiceNow","NOW","136810029056","132.329","United States"
"166","Unilever","UL","133523939328","62.01","United Kingdom"
"167","Newmont","NEM","133360566272","126.565","United States"
"168","Delta Electronics","2308.TW","133165201641","51.2658","Taiwan"
"169","Fast Retailing","9983.T","132879025112","433.041","Japan"
"170","Prologis","PLD","132301643776","136.1","United States"
"171","Intuitive Surgical","ISRG","132057702400","368.59","United States"
"172","BNP Paribas","BNP.PA","132049422057","120.483","France"
"173","Booking Holdings (Booking.com)","BKNG","131138437120","174.53","United States"
"174","Vertex Pharmaceuticals","VRTX","130452537344","514.685","United States"
"175","Chubb","CB","129761042432","336.343","Switzerland"
"176","Bristol-Myers Squibb","BMY","129538752512","63.415","United States"
"177","Investor AB","INVE-B.ST","128691162224","42.0075","Sweden"
"178","Zijin Mining","601899.SS","128101120885","4.81751","China"
"179","Capital One","COF","127672336384","208.11","United States"
"180","Compagnie Financière Richemont","CFR.SW","126289785648","214.8","Switzerland"
"181","Progressive","PGR","125471121408","215.92","United States"
"182","Air Liquide","AI.PA","123394181899","193.358","France"
"183","Bank of Montreal","BMO","121321390080","174.54","Canada"
"184","Lockheed Martin","LMT","121260916736","525.415","United States"
"185","CVS Health","CVS","120619696128","94.31","United States"
"186","S&P Global","SPGI","120375681024","408.33","United States"
"187","Keyence","6861.T","120062736262","495.053","Japan"
"188","Bharti Airtel","BHARTIARTL.NS","119568832582","19.1658","India"
"189","Parker-Hannifin","PH","119379558400","947.1","United States"
"190","Mitsubishi Corporation","8058.T","119371554052","32.6018","Japan"
"191","British American Tobacco","BTI","119004979200","55.265","United Kingdom"
"192","HDFC Bank","HDB","118791012352","23.12","India"
"193","BP","BP","118442860544","45.99","United Kingdom"
"194","Snowflake","SNOW","116182335488","329.315","United States"
"195","Medtronic","MDT","115806756864","90.535","Ireland"
"196","Altria Group","MO","115387654144","69.105","United States"
"197","Fortinet","FTNT","114385952768","155.9","United States"
"198","BYD","002594.SZ","114366610053","12.5441","China"
"199","Scotiabank","BNS","113741209600","93.32","Canada"
"200","Valero Energy","VLO","113521156096","394.27","United States"
"201","Marathon Petroleum","MPC","113332453376","403.57","United States"
"202","Starbucks","SBUX","113156399104","99.26","United States"
"203","OCBC Bank","O39.SI","112160138013","24.9512","Singapore"
"204","Lowe's Companies","LOW","111195299840","198.19","United States"
"205","PDD Holdings (Pinduoduo)","PDD","111167266816","78.1","China"
"206","BNY Mellon (Bank of New York Mellon)","BNY","110599569408","163.005","United States"
"207","Accenture","ACN","110345404416","180.32","Ireland"
"208","Foxconn (Hon Hai Precision Industry)","2317.TW","109965026545","7.8481","Taiwan"
"209","Cloudflare","NET","109247037440","306.805","United States"
"210","Spotify","SPOT","108198969344","526.3","Sweden"
"211","AppLovin","APP","108063342592","321.675","United States"
"212","Zurich Insurance Group","ZURN.SW","107840828178","721.975","Switzerland"
"213","CaixaBank","CABK.MC","107651073221","15.4958","Spain"
"214","SK Square","402340.KS","107160579697","813.002","South Korea"
"215","Automatic Data Processing","ADP","106319273984","267.63","United States"
"216","Equinor","EQNR","106215727104","44.78","Norway"
"217","ING","ING","106206044160","37.26","Netherlands"
"218","Al Rajhi Bank","1120.SR","105445345174","17.5742","Saudi Arabia"
"219","ICICI Bank","IBN","105350692864","29.355","India"
"220","Phillips 66","PSX","104934719488","261.725","United States"
"221","AXA","CS.PA","104860713567","50.151","France"
"222","Enbridge","ENB","104826290176","47.995","Canada"
"223","Itōchū Shōji","8001.T","104448701052","14.9428","Japan"
"224","Stryker Corporation","SYK","104381734912","272.13","United States"
"225","CIBC (Canadian Imperial Bank of Commerce)","CM","104103878656","114.66","Canada"
"226","China Yangtze Power","600900.SS","103954485826","4.24855","China"
"227","Enel","ENEL.MI","103180887415","10.4006","Italy"
"228","ASE Group","ASX","103066091520","39.585","Taiwan"
"229","Equinix","EQIX","102770679808","1041.54","United States"
"230","Freeport-McMoRan","FCX","102737723392","71.5435","United States"
"231","Canadian Natural Resources","CNQ","102405013504","49.675","Canada"
"232","McKesson","MCK","102362259456","877.965","United States"
"233","Sanofi","SNY","101895749632","42.525","France"
"234","Robinhood","HOOD","101803089920","113.23","United States"
"235","Airbnb","ABNB","101470224384","169.46","United States"
"236","Constellation Energy","CEG","101470101504","286.39","United States"
"237","Southern Company","SO","101162926080","87.94","United States"
"238","Grupo México","GMBXF","100944158720","12.9","Mexico"
"239","Agnico Eagle Mines","AEM","100928651264","199.32","Canada"
"240","Adobe","ADBE","100028891136","251.645","United States"
"241","Delta Electronics (Thailand)","DELTA.BK","99851048415","8.00485","Thailand"
"242","Sinopec","600028.SS","99506710955","0.824324","China"
"243","Vertiv Holdings","VRT","98966978560","257.065","United States"
"244","CME Group","CME","98848333824","274.9","United States"
"245","Tokio Marine","8766.T","98627256217","51.9154","Japan"
"246","AIA","1299.HK","98600995074","9.56999","Hong Kong"
"247","Bank of Communications","601328.SS","98530321391","1.11505","China"
"248","Midea","000333.SZ","98276183624","12.8815","China"
"249","Postal Savings Bank of China","601658.SS","97921120303","0.815363","China"
"250","U.S. Bancorp","USB","97822261248","62.785","United States"
"251","Cambricon Technologies","688256.SS","97665637172","155.307","China"
"252","Trane Technologies","TT","97414160384","442.745","Ireland"
"253","Quanta Services","PWR","97353359360","647.54","United States"
"254","PNC Financial Services","PNC","97310343168","243.92","United States"
"255","MercadoLibre","MELI","97079304192","1914.9","Argentina"
"256","General Dynamics","GD","96426557440","356.4","United States"
"257","GSK plc","GSK","96274866176","48.07","United Kingdom"
"258","Glencore","GLCNF","96241516544","8.2","Switzerland"
"259","State Bank of India","SBIN.NS","96199768038","10.4218","India"
"260","KKR & Co.","KKR","94058455040","101.84","United States"
"261","Mitsui Bussan","8031.T","93677230721","32.9601","Japan"
"262","Duke Energy","DUK","93279674368","119.635","United States"
"263","NTT (Nippon Telegraph &amp; Telephone)","9432.T","92735159082","1.14448","Japan"
"264","HCA Healthcare","HCA","92401762304","426.795","United States"
"265","Howmet Aerospace","HWM","92194906112","231.18","United States"
"266","Itaú Unibanco","ITUB","91646861312","8.315","Brazil"
"267","CSX Corporation","CSX","90734215168","48.98","United States"
"268","Elevance Health","ELV","90440998912","417.03","United States"
"269","Comcast","CMCSA","89833742336","25.315","United States"
"270","Barclays","BCS","89752199168","26.775","United Kingdom"
"271","Williams Companies","WMB","89597018112","73.25","United States"
"272","DoorDash","DASH","88600764416","204.48","United States"
"273","Intercontinental Exchange","ICE","88428052480","157.515","United States"
"274","Johnson Controls","JCI","88407957504","145.95","Ireland"
"275","Infineon","IFX.DE","88363564180","67.9981","Germany"
"276","Atlas Copco","ATCO-B.ST","88235422934","18.0861","Sweden"
"277","Eoptolink Technology","300502.SZ","88072781432","63.1683","China"
"278","Marriott International","MAR","87614865408","335.99","United States"
"279","Xiaomi","XIACF","86956408832","3.38","China"
"280","Lloyds Banking Group","LYG","86839525376","6.005","United Kingdom"
"281","Murata Manufacturing (Murata Seisakusho)","6981.T","86808610071","47.8898","Japan"
"282","Waste Management","WM","85571026944","214.08","United States"
"283","Brookfield Corporation","BN","85499060224","38.3","Canada"
"284","United Parcel Service","UPS","85350408192","100.32","United States"
"285","Intuit","INTU","85233803264","318.946","United States"
"286","Monster Beverage","MNST","84777967616","43.275","United States"
"287","3M","MMM","84769292288","164.37","United States"
"288","Emerson","EMR","84674043904","151.8","United States"
"289","National Australia Bank","NAB.AX","84651224528","27.6517","Australia"
"290","Marsh & McLennan Companies","MRSH","84390035456","176.84","United States"
"291","Enterprise Products","EPD","84144029696","38.965","United States"
"292","Tata Consultancy Services","TCS.NS","83977057112","23.2103","India"
"293","Westpac Banking","WBC.AX","83895567062","24.5674","Australia"
"294","Lumentum","LITE","83136200704","926.825","United States"
"295","American Tower","AMT","82808094720","177.715","United States"
"296","SLB (Schlumberger)","SLB","82792931328","55.785","United States"
"297","Moody's","MCO","81523220480","470.74","United States"
"298","TAQA","TAQA.AE","81434161761","0.72","United Arab Emirates"
"299","Bloom Energy","BE","81342562304","276.18","United States"
"300","Mitsubishi Heavy Industries","7011.T","81094694156","24.1338","Japan"
"301","Cintas","CTAS","81050345472","202.54","United States"
"302","Suncor Energy","SU","80822009856","68.45","Canada"
"303","Regeneron Pharmaceuticals","REGN","80753778688","784.36","United States"
"304","Hewlett Packard Enterprise","HPE","80623575040","60.735","United States"
"305","ENI","E","80325910528","55.88","Italy"
"306","ANZ Bank","ANZ.AX","80040323994","26.5824","Australia"
"307","Mondelez International","MDLZ","79730966528","62.47","United States"
"308","Datadog","DDOG","79628468224","221.76","United States"
"309","Cadence Design Systems","CDNS","79527985152","288.78","United States"
"310","Dior","CDI.PA","79221033898","439.115","France"
"311","Generali","G.MI","78976970169","52.3456","Italy"
"312","CPKC (Canadian Pacific Kansas City)","CP","78796267520","89.635","Canada"
"313","Sherwin-Williams","SHW","78739816448","324.355","United States"
"314","Carvana","CVNA","78368382976","70.7","United States"
"315","EssilorLuxottica","EL.PA","77981730604","169.995","France"
"316","Simon Property Group","SPG","77929299968","205.281","United States"
"317","The Travelers Companies","TRV","77752598528","372.78","United States"
"318","Motorola Solutions","MSI","77608312832","468.95","United States"
"319","General Motors","GM","77597237248","85.7948","United States"
"320","Japan Tobacco","2914.T","77400638958","43.5972","Japan"
"321","Ecolab","ECL","77353877504","275.94","United States"
"322","National Grid","NGG","77272498176","76.86","United Kingdom"
"323","EOG Resources","EOG","77095297024","146.98","United States"
"324","SoftBank Corp.","9434.T","76929534836","1.60827","Japan"
"325","Cummins","CMI","76672925696","556.955","United States"
"326","Illinois Tool Works","ITW","76484460544","268.555","United States"
"327","Synopsys","SNPS","76392112128","398.63","United States"
"328","Japan Post Bank","7182.T","76335397083","21.4306","Japan"
"329","Apollo Global Management","APO","76324749312","129.245","United States"
"330","Deutsche Bank","DB","76071321600","40.485","Germany"
"331","Brookfield Asset Management","BAM","75358330880","47.18","Canada"
"332","BAE Systems","BA.L","75198062093","25.6799","United Kingdom"
"333","NatWest Group","NWG","75041669120","18.9036","United Kingdom"
"334","Hyundai","005380.KS","74768965309","285.559","South Korea"
"335","FedEx","FDX","74198548480","313.51","United States"
"336","CITIC Bank","601998.SS","74122639118","1.33206","China"
"337","NetEase","NTES","74032128000","115.63","China"
"338","Energy Transfer LP","ET","74013728768","21.495","United States"
"339","Canadian National Railway","CNI","73933897728","122.225","Canada"
"340","The Cigna Group","CI","73748193280","279.095","United States"
"341","Northrop Grumman","NOC","73643343872","518.385","United States"
"342","Munich RE (Münchener Rück)","MUV2.DE","73542735659","584.533","Germany"
"343","Ross Stores","ROST","73288859648","228.47","United States"
"344","KDDI","9433.T","72971182391","19.7435","Japan"
"345","WuXi AppTec","2359.HK","72795418374","24.0748","China"
"346","Sberbank","SBER.ME","72660192511","3.35","Russia"
"347","Ferrari","RACE","72533925888","412.94","Italy"
"348","Norfolk Southern","NSC","72357584896","322.15","United States"
"349","Barrick Gold","B","72073281536","43.79","Canada"
"350","Manulife Financial","MFC","71920164864","43.345","Canada"
"351","Volvo Group","VOLV-A.ST","71559829621","35.1913","Sweden"
"352","Vinci","DG.PA","71553597766","129.412","France"
"353","Digital Realty","DLR","71206600704","188.545","United States"
"354","Target","TGT","70995222528","156.275","United States"
"355","DHL Group (Deutsche Post)","DHL.DE","70915236242","63.8876","Germany"
"356","ENGIE","ENGI.PA","70742892234","27.8449","France"
"357","Bank of China (Hong Kong)","2388.HK","70510188128","6.66903","Hong Kong"
"358","Vingroup Company","VIC.VN","70384763481","9.38621","Vietnam"
"359","Nu Holdings","NU","70334832640","14.56","Brazil"
"360","Nordea Bank","NDA-FI.HE","70223743719","20.6921","Finland"
"361","Warner Bros. Discovery","WBD","70212362240","28.005","United States"
"362","Royal Caribbean Group","RCL","70104539136","262.12","United States"
"363","Colgate-Palmolive","CL","69924012032","87.715","United States"
"364","Wheaton Precious Metals","WPM","69912248320","153.938","Canada"
"365","O'Reilly Automotive","ORLY","69433106432","85.83","United States"
"366","Hilton Worldwide","HLT","69175951360","307.36","United States"
"367","SMIC","0981.HK","68947563535","8.05257","China"
"368","Kinder Morgan","KMI","68874993664","30.93","United States"
"369","Chugai Pharmaceutical","4519.T","68837715517","41.832","Japan"
"370","NAURA Technology Group","002371.SZ","68706612052","94.6777","China"
"371","Macquarie Group Limited","MQG.AX","68563609724","179.892","Australia"
"372","ADNOC Gas","ADNOCGAS.AE","68541116513","0.89","United Arab Emirates"
"373","Republic Services","RSG","68300808192","223.05","United States"
"374","America Movil","AMX","68285214720","22.825","Mexico"
"375","Ma'aden","1211.SR","68219632776","17.5742","Saudi Arabia"
"376","Shin-Etsu Chemical","4063.T","67840735348","37.3765","Japan"
"377","Standard Chartered","STAN.L","67766590053","31.0919","United Kingdom"
"378","Bajaj Finance","BAJFINANCE.NS","67359582113","10.8279","India"
"379","American Electric Power","AEP","67336511488","123.69","United States"
"380","Mitsubishi Electric","6503.T","67010816720","32.7451","Japan"
"381","Merck KGaA","MRK.DE","66362697624","152.636","Germany"
"382","Sea Limited","SE","66203451392","108.09","Singapore"
"383","The Saudi National Bank","1180.SR","65742509888","11.0771","Saudi Arabia"
"384","Crédit Agricole","ACA.PA","65706343569","21.6268","France"
"385","Imperial Oil","IMO","65530990592","131.79","Canada"
"386","Air Products and Chemicals","APD","65151107072","292.57","United States"
"387","Aon","AON","64952811520","306.2","United Kingdom"
"388","Paccar","PCAR","64898166784","123.295","United States"
"389","Vale","VALE","64793989120","15.225","Brazil"
"390","Honeywell","HON","64313462784","202.92","United States"
"391","Fubon Financial","2881.TW","64220243737","4.69937","Taiwan"
"392","Luxshare Precision","002475.SZ","64004689941","8.27161","China"
"393","Allstate","ALL","63987601408","253.058","United States"
"394","Panasonic","6752.T","63879295622","27.3582","Japan"
"395","TC Energy","TRP","63467565056","60.923","Canada"
"396","Société Générale","GLE.PA","63384151212","86.7627","France"
"397","Hong Kong Exchanges & Clearing","0388.HK","63278753982","50.0624","Hong Kong"
"398","TransDigm Group","TDG","63025737728","1140.19","United States"
"399","LG Energy Solution","373220.KS","62890080470","268.761","South Korea"
"400","CITIC Securities","600030.SS","62810672084","4.02007","China"
"401","Targa Resources","TRGP","62408007680","291.04","United States"
"402","Arthur J. Gallagher & Co.","AJG","62190886912","242.61","United States"
"403","Boston Scientific","BSX","62141079552","42.8787","United States"
"404","United Rentals","URI","61850361856","993.7","United States"
"405","Argenx","ARGX","61791637504","993.63","Netherlands"
"406","Truist Financial Corporation","TFC","61624934400","50.445","United States"
"407","TE Connectivity","TEL","61608415232","212.8","Switzerland"
"408","Nebius Group","NBIS","61597556736","226.582","Netherlands"
"409","Nintendo","7974.T","61582377755","52.7166","Japan"
"410","Nokia","NOK","61529104384","10.99","Finland"
"411","MetLife","MET","61399781376","96.62","United States"
"412","Occidental Petroleum","OXY","61077843968","61.1","United States"
"413","W. W. Grainger","GWW","61041881088","1295.98","United States"
"414","Oneok","OKE","60969353216","96.72","United States"
"415","Cencora","COR","60893904896","319.105","United States"
"416","MPLX","MPLX","60730109952","59.9","United States"
"417","Cenovus Energy","CVE","60472795136","32.79","Canada"
"418","Monolithic Power Systems","MPWR","60366524416","1228.38","United States"
"419","KBC","KBCSF","60203778048","150.9","Belgium"
"420","Coherent Corp.","COHR","59897245696","305.86","United States"
"421","Teradyne","TER","59823788032","382.65","United States"
"422","NXP Semiconductors","NXPI","59713736704","236.805","Netherlands"
"423","Great-West Lifeco","GWO.TO","59553026910","66.5248","Canada"
"424","Wesfarmers","WES.AX","59351919670","52.2794","Australia"
"425","Cement Roadstone Holding","CRH","59306782720","89.145","Ireland"
"426","Moderna","MRNA","59299225600","148.532","United States"
"427","Comfort Systems USA","FIX","59024936960","1677.12","United States"
"428","National Bank of Canada","NA.TO","58909554164","152.955","Canada"
"429","Nan Ya Plastics","1303.TW","58853728894","7.42089","Taiwan"
"430","RELX","RELX","58630995968","33.685","United Kingdom"
"431","First Abu Dhabi Bank","FAB.AE","58593345155","5.3","United Arab Emirates"
"432","Nucor","NUE","58525982720","257.965","United States"
"433","Takeda Pharmaceutical","TAK","58297393152","18.255","Japan"
"434","Saudi Telecom Company","7010.SR","58275314994","11.6789","Saudi Arabia"
"435","Singtel","Z74.SI","57933109084","3.55318","Singapore"
"436","Anglo American","AAL.L","57843823341","53.9846","United Kingdom"
"437","Deutsche Börse","DB1.DE","57841942486","320.831","Germany"
"438","Aflac","AFL","57704611840","115.1","United States"
"439","CSL","CSL.AX","57569581824","119.966","Australia"
"440","Dominion Energy","D","57494614016","65.37","United States"
"441","Keysight","KEYS","57357160448","336.91","United States"
"442","Industrial Bank","601166.SS","57231935599","2.70436","China"
"443","Diamondback Energy","FANG","57202438144","204.28","United States"
"444","Cheniere Energy","LNG","57196535808","276.935","United States"
"445","Baker Hughes","BKR","56969564160","57.39","United States"
"446","United Microelectronics","UMC","56741433344","22.625","Taiwan"
"447","Fastenal","FAST","56657694720","49.375","United States"
"448","Nongfu Spring","9633.HK","56646641539","5.03684","China"
"449","Larsen &amp; Toubro","LT.NS","56605784503","41.1419","India"
"450","Realty Income","O","56361476096","59.565","United States"
"451","ArcelorMittal","MT","56177287168","74.66","Luxembourg"
"452","Sumitomo","8053.T","56100282119","11.8682","Japan"
"453","Ford","F","55906095104","14.02","United States"
"454","Corteva","CTVA","55604113408","83.34","United States"
"455","Public Storage","PSA","55541841920","297.25","United States"
"456","Ametek","AME","55290933248","241.17","United States"
"457","Bayer","BAYN.DE","54950495528","55.9336","Germany"
"458","Erste Group Bank","EBO.F","54893768876","141.314","Austria"
"459","Devon Energy","DVN","54846001152","49.86","United States"
"460","Nike","NKE","54741106688","36.9","United States"
"461","Sempra","SRE","54649720832","83.575","United States"
"462","Zijin Gold International Company Limited","2259.HK","54637838102","20.4151","Hong Kong"
"463","Cardinal Health","CAH","54291312640","233.435","United States"
"464","Emirates NBD Bank PJSC","EMIRATESNBD.AE","54276415627","8.59267","United Arab Emirates"
"465","RWE","RWE.DE","54196835311","69.4844","Germany"
"466","Thales","HO.PA","54176645436","263.353","France"
"467","BTG Pactual","BPAC3.SA","54165998410","4.67446","Brazil"
"468","Garmin","GRMN","54145282048","280.76","Switzerland"
"469","London Stock Exchange","LSEG.L","53859131795","111.46","United Kingdom"
"470","Shengyi Technology (SYTECH)","600183.SS","53840420073","22.1656","China"
"471","UOB","U11.SI","53783660774","32.5787","Singapore"
"472","Rheinmetall","RHM.F","53750646204","1151.76","Germany"
"473","Fujikura","5803.T","53730810683","32.452","Japan"
"474","Commerzbank","CBK.F","53603091272","49.5936","Germany"
"475","Meituan","3690.HK","53557652584","9.57637","China"
"476","E.ON","EOAN.DE","53508629291","20.4772","Germany"
"477","Marubeni","8002.T","53439677310","32.8884","Japan"
"478","State Street Corporation","STT","53314117632","194.08","United States"
"479","Strategy 
 (MicroStrategy)","MSTR","53281431552","134.115","United States"
"480","Alimentation Couche-Tard","ATD.TO","53119422003","57.8667","Canada"
"481","AngloGold Ashanti","AU","52847828992","104.49","South Africa"
"482","China Telecom","0728.HK","52741734706","0.576367","China"
"483","Delta Air Lines","DAL","52604514304","79.9919","United States"
"484","Compass Group","CPG.L","52454662144","30.85","United Kingdom"
"485","Mercedes-Benz","MBG.DE","51890585584","54.2034","Germany"
"486","BASF","BAS.DE","51813269539","60.1835","Germany"
"487","The People's Insurance Company (PICC)","601319.SS","51710446298","1.16928","China"
"488","Emirates Telecom (Etisalat Group)","EAND.AE","51618404854","5.94","United Arab Emirates"
"489","Loblaw Companies","L.TO","51356353235","44.4412","Canada"
"490","Cathay Financial Holding","2882.TW","51295810524","3.49684","Taiwan"
"491","Nasdaq","NDAQ","51051401216","91.33","United States"
"492","Franco-Nevada","FNV","51045015552","264.655","Canada"
"493","CITIC limited","0267.HK","50930641037","1.75078","China"
"494","Vivmark Residential","VMRK","50922401792","65.81","United States"
"495","Unimicron","3037.TW","50717111060","30.9177","Taiwan"
"496","Antofagasta","ANTO.L","50553336611","51.2786","United Kingdom"
"497","Astera Labs","ALAB","50531004416","291.27","United States"
"498","Entergy","ETR","50386411520","105.46","United States"
"499","ORLEN","PKN.WA","50248481606","43.2825","Poland"
"500","Maersk","MAERSK-B.CO","49979500969","3467.9","Denmark"
"501","Ciena","CIEN","49967652864","352.36","United States"
"502","Sandvik","SAND.ST","49894567104","39.7761","Sweden"
"503","Endesa","ELE.MC","49709798451","48.8853","Spain"
"504","Siemens Healthineers","SHL.DE","49682973741","44.3915","Germany"
"505","Vistra","VST","49658908672","147.955","United States"
"506","CoreWeave","CRWV","49652080640","90.025","United States"
"507","Swiss Re","SREN.SW","49538788701","167.974","Switzerland"
"508","Honeywell Aerospace","HONA","49536540672","156.29","United States"
"509","Lenovo","0992.HK","49509685393","3.99122","Hong Kong"
"510","Fifth Third Bank","FITB","49466454016","54.545","United States"
"511","Hoya","7741.T","49441893724","147.799","Japan"
"512","Humana","HUM","49114046464","409.01","United States"
"513","Samsung Biologics","207940.KS","48900842071","1056.38","South Korea"
"514","Ameriprise Financial","AMP","48832811008","552.825","United States"
"515","DNB","DNB.OL","48537952978","34.0512","Norway"
"516","Edwards Lifesciences","EW","48481005568","84.11","United States"
"517","Nanya Technology","2408.TW","48342517825","15.6013","Taiwan"
"518","PICC Property and Casualty Company Limited","2328.HK","48330287738","2.17285","China"
"519","Diageo","DEO","48285544448","86.86","United Kingdom"
"520","Swire Pacific","0019.HK","48065589721","13.2488","Hong Kong"
"521","Rockwell Automation","ROK","48038076416","431.71","United States"
"522","DSV","DSV.VI","47979167059","200.941","Denmark"
"523","Orange","ORA.PA","47973878215","18.0504","France"
"524","Becton Dickinson","BDX","47926460416","175.95","United States"
"525","Wabtec","WAB","47901425664","283.59","United States"
"526","Block","XYZ","47883362304","79.7","United States"
"527","Holcim Group","HOLN.SW","47823316315","86.4602","Switzerland"
"528","AMEC","688012.SS","47716179674","49.8163","China"
"529","eBay","EBAY","47697321984","107.185","United States"
"530","AutoZone","AZO","47589470208","2915.06","United States"
"531","Natera","NTRA","47508480000","329.59","United States"
"532","Danske Bank","DANS.VI","47467052896","58.8481","Denmark"
"533","Carrier Global","CARR","47464636416","57.58","United States"
"534","Porsche","P911.DE","47432932245","52.0669","Germany"
"535","Hindustan Unilever","HINDUNILVR.NS","47390229432","20.1696","India"
"536","China Pacific Insurance","601601.SS","47366146744","4.92354","China"
"537","MS&amp;AD Insurance","8725.T","47355765739","33.162","Japan"
"538","Volkswagen","VOW3.DE","47254005718","94.2638","Germany"
"539","Xcel Energy","XEL","47144271872","75.475","United States"
"540","ASM International","ASM.AS","47088482035","964.004","Netherlands"
"541","Kuwait Finance House","KFH.KW","46941488584","2537.51","Kuwait"
"542","Coinbase","COIN","46929649664","177.874","United States"
"543","Ambev","ABEV","46867664896","3.0401","Brazil"
"544","Titan Company","TITAN.NS","46524923760","52.4335","India"
"545","Ventas","VTR","46380609536","90.42","United States"
"546","Walmex","WMMVF","46322421760","2.69","Mexico"
"547","KB Financial Group","KB","46321426432","131.93","South Korea"
"548","UCB","UCB.VI","46270875323","242.685","Belgium"
"549","JBS N.V.","JBS","46248456192","14.06","Brazil"
"550","Sun Pharmaceutical","SUNPHARMA.NS","46208666261","19.2589","India"
"551","STMicroelectronics","STM","46143901696","51.735","Switzerland"
"552","Toyota Tsusho","8015.T","46133058850","49.1991","Japan"
"553","Cerebras Systems","CBRS","46087426048","194","United States"
"554","Woodside Energy","WDS","46063656960","24.23","Australia"
"555","Shanghai Pudong Development Bank","600000.SS","46056395664","1.38283","China"
"556","PayPal","PYPL","46045179904","53.825","United States"
"557","Danone","BN.PA","45906316093","71.2726","France"
"558","Skandinaviska Enskilda Banken","SEB-A.ST","45793857831","23.5435","Sweden"
"559","Chipotle Mexican Grill","CMG","45706895360","36.12","United States"
"560","L3Harris Technologies","LHX","45662617600","245.215","United States"
"561","Adani Enterprises","ADANIENT.NS","45575660121","32.0285","India"
"562","Lonza","LONN.SW","45539217325","652.011","Switzerland"
"563","Hikvision","002415.SZ","45506835351","4.96535","China"
"564","Guotai Junan Securities","601211.SS","45472777458","2.58646","China"
"565","Coca-Cola European Partners","CCEP","45349502976","102.86","United Kingdom"
"566","Heineken","HEIA.AS","45252159381","81.6071","Netherlands"
"567","Atlassian","TEAM","45210595328","178.6","Australia"
"568","Z.AI","2513.HK","45083354932","101.119","China"
"569","Banco Santander Brasil","BSBR","45000040448","6.01","Brazil"
"570","Swedbank","SWED-A.ST","44940649572","39.9929","Sweden"
"571","Samsung C&T Corporation","028260.KS","44833897081","273.987","South Korea"
"572","Workday","WDAY","44716343296","185.545","United States"
"573","China State Shipbuilding Corporation (CSSC)","600150.SS","44672275065","5.93603","China"
"574","Exelon Corporation","EXC","44581560320","43.2724","United States"
"575","Autodesk","ADSK","44516999168","213","United States"
"576","Galderma Group","GALD.SW","44350290901","190.19","Switzerland"
"577","Bank Central Asia","BBCA.JK","44320009090","0.360789","Indonesia"
"578","Dai-ichi Life Holdings","8750.T","44182979572","12.2656","Japan"
"579","Infosys","INFY","44168515584","10.905","India"
"580","Sun Life Financial","SLF","44102926336","79.22","Canada"
"581","Rosneft","ROSN.ME","44089977216","4.11","Russia"
"582","HEICO","HEI","44083679232","315.43","United States"
"583","Ares Management","ARES","43995148288","132.605","United States"
"584","Japan Post Holdings","6178.T","43976415172","16.0827","Japan"
"585","BMW","BMW.DE","43788034341","73.1537","Germany"
"586","Quanta Computer","2382.TW","43654682175","10.6487","Taiwan"
"587","CMOC","3993.HK","43649500540","2.04024","China"
"588","Kotak Mahindra Bank","KOTAKBANK.NS","43626416183","4.3856","India"
"589","Medline","MDLN","43370041344","32.235","United States"
"590","Doosan Enerbility","034020.KS","43325215166","67.7875","South Korea"
"591","Ferguson Enterprises","FERG","43277307904","223.71","United Kingdom"
"592","Revolution Medicines","RVMD","43270238208","201.88","United States"
"593","Lukoil","LKOH.ME","43263043800","62.5","Russia"
"594","East Money Information","300059.SZ","43262718701","2.7343","China"
"595","Prysmian Group","PRY.MI","43182447477","147.759","Italy"
"596","Legrand","LR.PA","43173268099","164.712","France"
"597","IQVIA","IQV","43047014400","261.525","United States"
"598","Constellation Software","CSU.TO","43012287953","2029.69","Canada"
"599","Teva Pharmaceutical Industries","TEVA","42976120832","36.88","Israel"
"600","Celestica","CLS","42953449472","340.6","Canada"
"601","Aena","AENA.MC","42951697893","28.6345","Spain"
"602","Reckitt Benckiser","RKT.L","42919004221","67.6498","United Kingdom"
"603","Flex","FLEX","42917236736","116.18","Singapore"
"604","Keurig Dr Pepper","KDP","42723131392","31.395","United States"
"605","WEG ON","WEGE3.SA","42720579323","10.1817","Brazil"
"606","Suzhou TFC Optical Communication","300394.SZ","42672558051","39.1195","China"
"607","Adani Ports & SEZ","ADANIPORTS.NS","42553549207","18.4698","India"
"608","Power Corporation of Canada","POW.TO","42551744574","67.787","Canada"
"609","Veeva Systems","VEEV","42447646720","262.17","United States"
"610","CTBC Financial Holding","2891.TW","42392508604","2.12342","Taiwan"
"611","Adani Power","ADANIPOWER.NS","42382326977","2.19772","India"
"612","Honda","HMC","42349531136","32.635","Japan"
"613","Cameco","CCJ","42320740352","97.17","Canada"
"614","Jiangsu Hengrui Medicine","600276.SS","42292768505","6.37208","China"
"615","Banca Monte dei Paschi di Siena","BMPS.MI","42259839145","13.9085","Italy"
"616","Fujitsu","6702.T","42234269764","24.4204","Japan"
"617","Sumitomo Denki Kōgyō","5802.T","42217146280","13.5325","Japan"
"618","Archer Daniels Midland (ADM)","ADM","42128089088","87.41","United States"
"619","Jardine Matheson","J36.SI","42128030000","58.43","Hong Kong"
"620","Thomson Reuters","TRI","42001121280","96.95","Canada"
"621","Fomento Económico Mexicano (FEMSA)","FMX","41979794360","117.32","Mexico"
"622","QNB (Qatar National Bank)","QNBK.QA","41775386365","4.59066","Qatar"
"623","ORIX","IX","41693048832","40.09","Japan"
"624","Hanwha Aerospace","012450.KS","41520694972","807.03","South Korea"
"625","Swisscom","SCMN.SW","41424514923","799.671","Switzerland"
"626","Agilent Technologies","A","41251602432","146.3","United States"
"627","Samsung Life Insurance","032830.KS","41224390129","229.567","South Korea"
"628","ABN AMRO","ABN.AS","41182075547","50.5341","Netherlands"
"629","Komatsu","6301.T","41176343107","46.3395","Japan"
"630","Paychex","PAYX","41005428736","115.19","United States"
"631","Take-Two Interactive","TTWO","40981438464","219.175","United States"
"632","CBRE Group","CBRE","40890929152","141.21","United States"
"633","Maruti Suzuki India","MARUTI.NS","40805857620","129.789","India"
"634","Prudential Financial","PRU","40782450688","118.21","United States"
"635","Wiwynn","6669.TW","40755589406","73.1013","Taiwan"
"636","Axis Bank","AXISBANK.BO","40653120465","13.0574","India"
"637","Compagnie de Saint-Gobain","SGO.PA","40652977157","83.0469","France"
"638","Rocket Lab","RKLB","40608993280","63.51","United States"
"639","Microchip Technology","MCHP","40475869184","74.54","United States"
"640","PKO Bank Polski","PKO.WA","40469894236","32.3759","Poland"
"641","Wuliangye Yibin","000858.SZ","40431000637","10.416","China"
"642","Ferrovial","FER.MC","40383969068","56.0381","Spain"
"643","Sysco","SYY","40344674304","84.21","United States"
"644","MSCI","MSCI","40329232384","554.735","United States"
"645","Haleon","HLN","40304226304","9.165","United Kingdom"
"646","Waste Connections","WCN","40264912896","160.055","United States"
"647","Waters Corporation","WAT","40156540928","408.985","United States"
"648","Vodafone","VOD","40154206208","17.375","United Kingdom"
"649","Gold Fields","GFI","40117067776","45.03","South Africa"
"650","Sun Hung Kai Properties","0016.HK","39981003897","13.7971","Hong Kong"
"651","Live Nation","LYV","39926927360","171.39","United States"
"652","EQT","EQT.ST","39806116057","31.9489","Sweden"
"653","SABIC","2010.SR","39781651247","13.2606","Saudi Arabia"
"654","IDEXX Laboratories","IDXX","39720652800","504.19","United States"
"655","Goodman Group","GMG.AX","39696636147","19.3194","Australia"
"656","Assa Abloy","ASSA-B.ST","39592827585","35.6443","Sweden"
"657","Axon Enterprise","AXON","39538249728","486.7","United States"
"658","Consolidated Edison","ED","39497699328","106.8","United States"
"659","Shinhan Financial Group","SHG","39463141376","83.81","South Korea"
"660","BeOne Medicines","ONC","39334838272","347.72","United States"
"661","Tesco","TSCO.L","39221329173","6.29685","United Kingdom"
"662","NEC Corp","6701.T","39189264263","29.5468","Japan"
"663","Sompo Holdings","8630.T","39129226201","44.1248","Japan"
"664","American International Group","AIG","39117639680","74.81","United States"
"665","Poste Italiane","PST.MI","39077170479","30.2601","Italy"
"666","Venture Global","VG","39076454400","15.63","United States"
"667","Mahindra &amp; Mahindra","M&M.NS","39049281563","32.5204","India"
"668","GigaDevice Semiconductor","603986.SS","39035703569","55.4507","China"
"669","Daimler Truck","DTG.F","38972841855","51.2657","Germany"
"670","ACWA POWER Company","2082.SR","38942470244","50.8321","Saudi Arabia"
"671","Otsuka Holdings","4578.T","38734293235","73.8345","Japan"
"672","Yum! Brands","YUM","38721933312","141.89","United States"
"673","D. R. Horton","DHI","38555422720","137.845","United States"
"674","SSE","SSE.L","38550643099","31.9578","United Kingdom"
"675","Telstra","TLS.AX","38471876894","3.45376","Australia"
"676","NetApp","NTAP","38318403584","195.085","United States"
"677","Roper Technologies","ROP","38284034048","387.095","United States"
"678","Bank Leumi","LUMI.TA","38282556788","26.0479","Israel"
"679","Viking Holdings","VIK","38241157120","85.62","Bermuda"
"680","Dubai Electricity and Water Authority (DEWA)","DEWA.AE","38117020207","0.76234","United Arab Emirates"
"681","Rocket Companies","RKT","38099746816","13.455","United States"
"682","Banco Bradesco","BBD","38068092928","3.595","Brazil"
"683","OTP Bank","OTP.BD","38060794957","150.291","Hungary"
"684","Renesas Electronics","6723.T","37997549718","20.7922","Japan"
"685","Daikin","6367.T","37674976619","135.358","Japan"
"686","HD Hyundai Heavy Industries","329180.KS","37524113262","357.601","South Korea"
"687","Nutrien","NTR","37506326528","78.595","Canada"
"688","Old Dominion Freight Line","ODFL","37483163648","180.235","United States"
"689","Novatek","NVTK.ME","37269972028","12.06","Russia"
"690","Chaozhou Three-Circle","300408.SZ","37081404419","18.5712","China"
"691","Aselsan","ASELS.IS","36949538734","8.10297","Turkey"
"692","The Hartford","HIG","36884639744","136.17","United States"
"693","Fortescue","FMG.AX","36848550206","11.9678","Australia"
"694","COSCO Shipping","601919.SS","36824164566","2.41772","China"
"695","Ecopetrol","EC","36820000768","17.91","Colombia"
"696","Kia","000270.KS","36733549510","94.5143","South Korea"
"697","Disco Corp.","6146.T","36726088371","338.59","Japan"
"698","Resona Holdings","8308.T","36689543019","16.4279","Japan"
"699","JD.com","JD","36659322880","27.145","China"
"700","3i Group","III.L","36632611104","35.8679","United Kingdom"
"701","Sika","SIKA.SW","36431687077","227.075","Switzerland"
"702","Muyuan Foods","002714.SZ","36363563371","6.29891","China"
"703","Talanx","TLX.DE","36341563674","140.734","Germany"
"704","Martin Marietta Materials","MLM","36157034496","509.115","United States"
"705","PSEG","PEG","36095578112","72.42","United States"
"706","PTT PCL","PTT-R.BK","36071014901","1.2735","Thailand"
"707","Repsol","REP.MC","35894230712","33.581","Spain"
"708","TKO Group Holdings","TKO","35887431680","189.61","United States"
"709","ČEZ Group","CEZ.PR","35871351551","66.8231","Czech Republic"
"710","Givaudan","GIVN.SW","35850654980","3883.59","Switzerland"
"711","Ibiden","4062.T","35814660732","127.411","Japan"
"712","United Airlines Holdings","UAL","35806531584","110.32","United States"
"713","Hochtief","HOT.F","35805606910","475.848","Germany"
"714","Kroger","KR","35732594688","58.3249","United States"
"715","Sandoz Group","SDZ.SW","35445622525","81.9187","Switzerland"
"716","Yageo","2327.TW","35361084884","17.2152","Taiwan"
"717","Twilio","TWLO","35087331328","228.47","United States"
"718","Hannover Rück","HNR1.DE","35064472025","290.757","Germany"
"719","BPER Banca","BPE.MI","35060493502","16.6698","Italy"
"720","Abu Dhabi Commercial Bank (ADCB)","ADCB.AE","35027356692","4.43","United Arab Emirates"
"721","Bank of Ningbo","002142.SZ","35007983384","5.30136","China"
"722","Estee Lauder","EL","35004010496","96.75","United States"
"723","The Hershey Company","HSY","34985177088","174.12","United States"
"724","Restaurant Brands International","QSR","34875985920","76.13","Canada"
"725","Wanhua Chemical","600309.SS","34766427048","11.1058","China"
"726","TDK","6762.T","34725120176","18.2942","Japan"
"727","Chunghwa Telecom","CHT","34714497024","44.7499","Taiwan"
"728","Fanuc","6954.T","34712098269","37.3569","Japan"
"729","M&T Bank","MTB","34636075008","239.835","United States"
"730","Northern Trust","NTRS","34546597888","188.825","United States"
"731","Weichai Power","2338.HK","34529062115","3.99632","China"
"732","Kinross Gold","KGC","34519605248","29.1","Canada"
"733","Bank of Jiangsu","600919.SS","34447784872","1.87713","China"
"734","Bank Hapoalim","POLI.TA","34424562186","26.3681","Israel"
"735","WEC Energy Group","WEC","34409693184","105.6","United States"
"736","Hindustan Aeronautics","HAL.NS","34334742222","51.3398","India"
"737","Emcor","EME","34302502912","777.66","United States"
"738","Steel Dynamics","STLD","34247532544","238.945","United States"
"739","Woolworths Group","WOW.AX","34247145716","28.0347","Australia"
"740","Iron Mountain","IRM","34220937216","114.95","United States"
"741","HCL Technologies","HCLTECH.NS","34157683899","12.624","India"
"742","Kenvue","KVUE","34141749248","17.775","United States"
"743","ITC","ITC.NS","34078541326","2.7198","India"
"744","Adyen","ADYEN.AS","34040842976","1078.38","Netherlands"
"745","Huntington Bancshares","HBAN","34023786496","16.84","United States"
"746","Ping An Bank","000001.SZ","34022080784","1.75318","China"
"747","Elbit Systems","ESLT","33991233536","725.36","Israel"
"748","Henkel","HEN3.DE","33988299360","83.9526","Germany"
"749","Kering","KER.PA","33972061850","277.055","France"
"750","EQT Corporation","EQT","33971777536","54.31","United States"
"751","Royalty Pharma","RPRX","33924718592","58.71","United Kingdom"
"752","Taishin Financial Holdings","2887.TW","33897222201","1.34968","Taiwan"
"753","Alnylam Pharmaceuticals","ALNY","33873778688","253.15","United States"
"754","UltraTech Cement","ULTRACEMCO.NS","33869226724","115.135","India"
"755","NTPC Limited","NTPC.NS","33837853954","3.48964","India"
"756","Naspers","NPSNY","33815123968","9.04","South Africa"
"757","Dollarama","DOL.TO","33788298980","124.782","Canada"
"758","Ubiquiti","UI","33668608000","556.245","United States"
"759","CK Hutchison Holdings","0001.HK","33625497935","8.7794","Hong Kong"
"760","Victory Giant Technology","300476.SZ","33607296262","34.196","China"
"761","FirstRand","FSR.JO","33593577100","6.00763","South Africa"
"762","Bajaj Auto","BAJAJ-AUTO.NS","33589692433","122.232","India"
"763","Fairfax Financial","FFH.TO","33576915062","1616.67","Canada"
"764","Leonardo","LDO.MI","33493143266","58.0585","Italy"
"765","Expedia Group","EXPE","33484959744","278.99","United States"
"766","Experian","EXPGF","33429671936","37.84","Ireland"
"767","Jabil","JBL","33410838528","318.845","United States"
"768","Accton Technology","2345.TW","33339925633","59.6519","Taiwan"
"769","Ericsson","ERIC","33228324864","10.175","Sweden"
"770","Raymond James Financial","RJF","33223213056","172.948","United States"
"771","International Container Terminal Services","ICTEF","33048457216","16.37","Philippines"
"772","Prudential","PUK","33017663488","26.69","United Kingdom"
"773","Crown Castle","CCI","32958539776","75.42","United States"
"774","Oriental Land","4661.T","32950486595","20.0952","Japan"
"775","Cheniere Energy
Partners","CQP","32884457472","67.935","United States"
"776","Schindler Group","SCHN.SW","32866468860","303.175","Switzerland"
"777","Daiichi Sankyō","4568.T","32856382569","18.0564","Japan"
"778","Roblox","RBLX","32839862272","45.97","United States"
"779","Vestas Wind Systems","VWS.CO","32787209679","33.5142","Denmark"
"780","Vulcan Materials","VMC","32783419392","253","United States"
"781","Kimberly-Clark","KMB","32759035904","98.5","United States"
"782","Arch Capital","ACGL","32754581504","95.99","Bermuda"
"783","China General Nuclear Power Group (CGN)","003816.SZ","32653340064","0.646616","China"
"784","Teck Resources","TECK","32644524032","66.54","Canada"
"785","Banorte","GFNORTEO.MX","32604209642","11.7426","Mexico"
"786","Intact Financial","IFC.TO","32494655844","184.263","Canada"
"787","Gree Electric Appliances","000651.SZ","32405243483","5.7852","China"
"788","Capitec Bank","CPI.JO","32372942400","279.504","South Africa"
"789","Centene","CNC","32331972608","65.45","United States"
"790","JSW Steel","JSWSTEEL.NS","32319838813","13.2405","India"
"791","Everpure","P","32249735168","96.78","United States"
"792","Biogen","BIIB","32210372608","218","United States"
"793","Bajaj Finserv","BAJAJFINSV.NS","32050119145","20.0283","India"
"794","Alcon","ALC","32049422336","66.3","Switzerland"
"795","Yankuang Energy (Yanzhou Coal Mining)","600188.SS","31988891838","3.18714","China"
"796","Advanced Info Service (AIS)","ADVANC.BK","31924507611","10.7338","Thailand"
"797","Nomura Holdings","NMR","31827038208","10.89","Japan"
"798","Epiroc","EPI-A.ST","31822066726","26.3005","Sweden"
"799","SAAB AB","SAAB-B.ST","31793200788","59.0239","Sweden"
"800","Maybank","MLYBY","31750895616","5.25","Malaysia"
"801","Naturgy","NTGY.MC","31711661450","34.2313","Spain"
"802","Sumitomo Mitsui Trust Holdings","8309.T","31697808487","11.51","Japan"
"803","HeidelbergCement","HEI.DE","31630871034","179.923","Germany"
"804","Itaúsa","ITSA3.SA","31488346928","2.8086","Brazil"
"805","DexCom","DXCM","31481323520","83.425","United States"
"806","HP","HPQ","31454470144","34.88","United States"
"807","Denso","6902.T","31372124200","12.5131","Japan"
"808","Carnival Corporation","CCL","31358117888","22.895","United States"
"809","Illumina","ILMN","31347795968","207.601","United States"
"810","ResMed","RMD","31347468288","217.31","United States"
"811","Swiss Life","SLHN.SW","31310098501","1120.4","Switzerland"
"812","Standard Bank Group","SBK.JO","31298892600","19.3286","South Africa"
"813","Baidu","BIDU","31280945152","91.62","China"
"814","Ahold Delhaize","AD.AS","31239123247","35.7524","Netherlands"
"815","Svenska Handelsbanken","SHB-A.ST","31228049626","15.5769","Sweden"
"816","Eternal (Zomato)","ETERNAL.NS","31169612742","3.38602","India"
"817","Kühne + Nagel","KNIN.SW","30990647613","260.952","Switzerland"
"818","Novonesis","NZYM.VI","30967615799","66.419","Denmark"
"819","Bharat Electronics","BEL.NS","30936876944","4.23226","India"
"820","Dassault Systèmes","DSY.PA","30883015703","23.5021","France"
"821","Ajinomoto","2802.T","30869228592","32.3999","Japan"
"822","Credo Technology","CRDO","30747054080","163.59","United States"
"823","Transurban","TCL.AX","30737294049","9.84995","Australia"
"824","Yuanta Financial Holding","2885.TW","30712268040","2.21519","Taiwan"
"825","Oil &amp; Natural Gas","ONGC.NS","30614558360","2.43354","India"
"826","PG&amp;E Corporation","PCG","30601889792","13.895","United States"
"827","Extra Space Storage","EXR","30567303168","138.5","United States"
"828","Celltrion","068270.KS","30508933994","133.037","South Korea"
"829","Universal Music Group","UMG.AS","30495662603","16.9589","Netherlands"
"830","Bridgestone","5108.T","30490746329","24.6028","Japan"
"831","Sunbelt Rentals","SUNB","30334894080","74.03","United States"
"832","Reddit","RDDT","30253387776","157.245","United States"
"833","Credicorp","BAP","30082449408","378.78","Bermuda"
"834","Zoetis","ZTS","30037225472","72.69","United States"
"835","KONE","KNEBV.HE","29874130732","57.6405","Finland"
"836","Foshan Haitian Flavouring and Food","603288.SS","29865106980","5.10423","China"
"837","Grupo ACS","ACS.MC","29796969262","114.085","Spain"
"838","Inpex","1605.T","29752179130","25.5994","Japan"
"839","MongoDB","MDB","29692250112","369.16","United States"
"840","7-Eleven","3382.T","29652706511","13.0798","Japan"
"841","Halliburton","HAL","29613617152","35.545","United States"
"842","Techtronic Industries","0669.HK","29585206481","16.1944","Hong Kong"
"843","TechnipFMC","FTI","29561350144","75.38","United Kingdom"
"844","Kyocera","6971.T","29550081724","23.1307","Japan"
"845","Fresnillo","FNLPF","29512587264","40.05","Mexico"
"846","BOE Technology","000725.SZ","29485432428","0.79595","China"
"847","Cboe Global Markets","CBOE","29479309312","282.285","United States"
"848","Citizens Financial Group","CFG","29461315584","69.95","United States"
"849","Mindray","300760.SZ","29448078847","24.3011","China"
"850","Roivant Sciences","ROIV","29355206656","40.64","United Kingdom"
"851","Okta","OKTA","29348554752","167.878","United States"
"852","Neste","NESTE.HE","29341405775","38.1909","Finland"
"853","Willis Towers Watson","WTW","29224474624","314.675","United Kingdom"
"854","Haier Smart Home","600690.SS","29188499961","3.13751","China"
"855","China Coal Energy Company Limited","601898.SS","29164938358","2.19969","China"
"856","Ameren","AEE","29132218368","105.23","United States"
"857","Brookfield Infrastructure Partners","BIP","29107484672","36.76","Bermuda"
"858","ON Semiconductor","ON","29070419968","74.67","United States"
"859","Fresenius","FRE.DE","29069990568","51.6123","Germany"
"860","Kraft Heinz","KHC","29046753280","24.495","United States"
"861","Adidas","ADS.DE","29017913559","165.757","Germany"
"862","Chroma ATE Inc.","2360.TW","28954333301","68.3544","Taiwan"
"863","Tenaris","TS","28860551168","57.17","Luxembourg"
"864","Sampo","SAMPO.HE","28804055457","10.9382","Finland"
"865","Kongsberg Gruppen","KOG.OL","28674207422","32.5988","Norway"
"866","GE HealthCare Technologies","GEHC","28659492864","63.45","United States"
"867","Aviva","AV.L","28619513697","9.56839","United Kingdom"
"868","Copart","CPRT","28454815744","30.735","United States"
"869","Banco BPM","BAMI.MI","28413741651","18.869","Italy"
"870","AIB Group (Allied Irish Banks)","A5G.IR","28316066887","13.5218","Ireland"
"871","Ingersoll Rand","IR","28240539648","72.785","Ireland"
"872","Mitsubishi Estate","8802.T","28171619096","23.4629","Japan"
"873","Bank Rakyat Indonesia","BBRI.JK","28106628513","0.186527","Indonesia"
"874","Teledyne Technologies","TDY","28047730688","605.055","United States"
"875","Gulf Development Public Company","GULF.BK","27972557592","1.87235","Thailand"
"876","Zoom","ZM","27920783360","95.69","United States"
"877","Publicis Groupe","PUB.PA","27919920588","111.804","France"
"878","Nestlé India","NESTLEIND.NS","27919586912","14.4788","India"
"879","Fortis","FTS","27882366976","54.575","Canada"
"880","Samsung Electro-Mechanics","009155.KS","27861814224","368.8","South Korea"
"881","Las Vegas Sands","LVS","27854389248","43.005","United States"
"882","Pembina Pipeline","PBA","27850668032","47.89","Canada"
"883","Insmed","INSM","27804332032","127.32","United States"
"884","Ryanair","RYAAY","27800760320","53.64","Ireland"
"885","China National Nuclear Power","601985.SS","27797088232","1.35147","China"
"886","Ørsted","ORSTED.CO","27768920610","21.0201","Denmark"
"887","Atmos Energy","ATO","27755948032","164.248","United States"
"888","DTE Energy","DTE","27754786816","133.38","United States"
"889","SMC corp","6273.T","27739146973","443.984","Japan"
"890","Hyundai Mobis","012330.KS","27663371675","310.195","South Korea"
"891","Hana Financial Group","086790.KS","27599220879","102.876","South Korea"
"892","Largan Precision","3008.TW","27566961085","210.759","Taiwan"
"893","Coal India","COALINDIA.NS","27504576800","4.46305","India"
"894","Hapag-Lloyd","HLAG.DE","27490607765","156.41","Germany"
"895","American Water","AWK","27485212672","138.305","United States"
"896","ATI Inc.","ATI","27441735680","201.525","United States"
"897","LPL Financial","LPLA","27436175360","348.43","United States"
"898","VICI Properties","VICI","27378292736","24.865","United States"
"899","PT DCI Indonesia Tbk","DCII.JK","27344205440","11.4711","Indonesia"
"900","Klabin","KLBN11.SA","27313292319","3.84366","Brazil"
"901","Fiserv","FISV","27300902912","51.34","United States"
"902","OMV","OMV.F","27267080401","83.6043","Austria"
"903","Dollar General","DG","27198740480","123.285","United States"
"904","Exor","EXO.AS","27192575243","82.7334","Netherlands"
"905","Sany Heavy Industry","600031.SS","27160445409","2.95383","China"
"906","New China Life Insurance","601336.SS","27159302806","8.70617","China"
"907","H&amp;M","HM-B.ST","27100167932","16.9761","Sweden"
"908","Coupang","CPNG","27079512064","15.065","United States"
"909","Mediobanca","MB.MI","27065538361","33.5578","Italy"
"910","George Weston","WN.TO","26980004840","72.0998","Canada"
"911","Corpay","CPAY","26867251200","409.19","United States"
"912","BT Group","BT-A.L","26863817088","2.72629","United Kingdom"
"913","EchoStar","ECHO","26863128576","92.475","United States"
"914","China State Construction Engineering","601668.SS","26794625031","0.64846","China"
"915","First Quantum Minerals","FM.TO","26791099339","32.1157","Canada"
"916","Williams-Sonoma","WSM","26781216768","227.385","United States"
"917","Life Insurance Corporation of India (LIC)","LICI.NS","26752477154","4.22964","India"
"918","LG Electronics","066570.KS","26749218928","148.938","South Korea"
"919","Veolia","VIE.PA","26725599363","36.5072","France"
"920","China Jushi Co., Ltd.","600176.SS","26697940691","6.66925","China"
"921","China Everbright Bank","601818.SS","26646907679","0.450989","China"
"922","FirstEnergy","FE","26646368256","46.05","United States"
"923","Airports of Thailand","AOT.BK","26639496117","1.86477","Thailand"
"924","Zscaler","ZS","26626834432","163.3","United States"
"925","China Resources Land","1109.HK","26515220930","3.71833","Hong Kong"
"926","Qnity Electronics","Q","26469064704","126.52","United States"
"927","Cognizant Technology Solutions","CTSH","26450085888","58.72","United States"
"928","Amadeus IT Group","AMS.MC","26422294645","62.9122","Spain"
"929","Otis Worldwide","OTIS","26380386304","69.3","United States"
"930","Michelin","ML.PA","26354799935","36.9476","France"
"931","VeriSign","VRSN","26258939904","290.475","United States"
"932","Emaar Properties","EMAAR.AE","26230720040","2.96768","United Arab Emirates"
"933","Lens Technology","300433.SZ","26226586303","4.96834","China"
"934","National Bank of Kuwait","NBK.KW","26198353281","2853.88","Kuwait"
"935","Powergrid Corporation of India","POWERGRID.NS","26196279601","2.81662","India"
"936","Astellas Pharma","4503.T","26167753159","14.5943","Japan"
"937","Mitsui Fudosan","8801.T","26146903764","9.71215","Japan"
"938","Sungrow Power Supply","300274.SZ","26130314035","12.6038","China"
"939","MTR Corporation","0066.HK","26054171129","4.20034","Hong Kong"
"940","nVent Electric","NVT","26044561408","160.91","United Kingdom"
"941","Hexagon AB","HEXA-B.ST","26022709801","9.69413","Sweden"
"942","Gazprom","GAZP.ME","25997086524","1.08","Russia"
"943","Mettler Toledo","MTD","25988818944","1297.07","United States"
"944","Cincinnati Financial","CINF","25986136064","169.315","United States"
"945","Global Unichip Corp.","3443.TW","25954028892","193.671","Taiwan"
"946","Divis Laboratories","DIVISLAB.NS","25902219558","97.5717","India"
"947","W. R. Berkley","WRB","25870845952","69.69","United States"
"948","CenterPoint Energy","CNP","25858064384","39.255","United States"
"949","Symbotic","SYM","25856948224","42.713","United States"
"950","Eversource Energy","ES","25789034496","68.465","United States"
"951","Pop Mart International Group","9992.HK","25768510036","19.5098","China"
"952","GlobalFoundries","GFS","25753276416","46.935","United States"
"953","Helvetia Baloise Holding AG","HBAN.SW","25729044125","259.724","Switzerland"
"954","Suzuki Motor","7269.T","25724656554","13.3339","Japan"
"955","ADNOC Drilling Company","ADNOCDRILL.AE","25701761820","1.61","United Arab Emirates"
"956","East Japan Railway","9020.T","25689566048","22.7529","Japan"
"957","PPL","PPL","25673068544","34.115","United States"
"958","Aristocrat","ALL.AX","25670516429","42.9966","Australia"
"959","Supermicro","SMCI","25637087232","39.0235","United States"
"960","EnBW Energie","EBK.DE","25615375012","78.9596","Germany"
"961","Anta Sports","2020.HK","25595137411","9.23846","China"
"962","Regions Financial","RF","25574924288","30.02","United States"
"963","Dover Corporation","DOV","25534697472","189.595","United States"
"964","Raiffeisen Bank International","RAW.F","25525084178","77.7404","Austria"
"965","Huatai Securities","601688.SS","25517969268","2.82689","China"
"966","Hindustan Zinc","HINDZINC.NS","25493876914","6.0336","India"
"967","Quest Diagnostics","DGX","25473067008","230.79","United States"
"968","Imperial Brands","IMB.L","25437548949","33.6896","United Kingdom"
"969","Texas Pacific Land Corporation","TPL","25427169280","368.645","United States"
"970","DSM-Firmenich","DSFIR.AS","25366069291","103.251","Switzerland"
"971","Shriram Transport Finance","SHRIRAMFIN.NS","25333284220","10.7662","India"
"972","Hansoh Pharma","3692.HK","25296397898","4.17229","China"
"973","Aluminum Corporation of China","601600.SS","25295550675","1.40971","China"
"974","CLP Group","0002.HK","25289572468","10.0099","Hong Kong"
"975","GF Securities","000776.SZ","25285914764","3.23149","China"
"976","J. B. Hunt","JBHT","25283778560","269.22","United States"
"977","Banco do Brasil","BBAS3.SA","25250679701","4.42306","Brazil"
"978","Circle Internet Group","CRCL","25228584960","92.55","United States"
"979","ST Engineering","S63.SI","25221033483","8.08547","Singapore"
"980","Formosa Petrochemical","6505.TW","25201588516","2.64557","Taiwan"
"981","Yili Group","600887.SS","25182799965","3.98124","China"
"982","DMart","DMART.NS","25177759350","38.6016","India"
"983","Fujifilm","4901.T","25124311795","21.0072","Japan"
"984","Moore Threads","688795.SS","25117913807","53.4392","China"
"985","Bending Spoons","BSP","25116573696","39.54","Italy"
"986","Xylem","XYL","25004101632","107.09","United States"
"987","Fortum","FORTUM.HE","24994627906","27.8565","Finland"
"988","Shandong Gold Mining","600547.SS","24954447403","5.41319","China"
"989","Expeditors International","EXPD","24949098496","191.93","United States"
"990","Dassault Aviation","AM.PA","24942890459","323.734","France"
"991","ENEOS Holdings","5020.T","24934502043","9.38646","Japan"
"992","LabCorp","LH","24873168896","306.698","United States"
"993","E.SUN Bank","2884.TW","24867201450","1.46519","Taiwan"
"994","AXIA Energia SA","AXIA3.SA","24841901862","10.8259","Brazil"
"995","Incyte","INCY","24812230656","122.41","United States"
"996","Asian Paints","ASIANPAINT.NS","24808960555","25.8792","India"
"997","WuXi Biologics","WXXWY","24799559680","12.05","China"
"998","Hua Hong Semiconductor Limited","1347.HK","24749561188","14.2434","China"
"999","Principal Financial Group","PFG","24725874688","115.485","United States"
"1000","Verbund AG","OEWA.F","24708790164","71.1217","Austria"
"1001","International Consolidated Airlines","BABWF","24690612224","5.65","Spain"
"1002","Synchrony Financial","SYF","24656603136","75.78","United States"
"1003","Trip.com","TCOM","24612028416","39.085","China"
"1004","Fox Corporation","FOX","24591388672","58.49","United States"
"1005","First Citizens BancShares","FCNCA","24579475456","2176.5","United States"
"1006","Hubbell","HUBB","24571899904","465.09","United States"
"1007","West Pharmaceutical Services","WST","24569233408","349.115","United States"
"1008","S.F. Express","002352.SZ","24469326255","4.64727","China"
"1009","Aker BP","AKRBP.OL","24456149029","38.7743","Norway"
"1010","BioNTech","BNTX","24424601600","97.23","Germany"
"1011","LY Corporation","4689.T","24415254772","3.54614","Japan"
"1012","MFHC","2886.TW","24268534245","1.63608","Taiwan"
"1013","China Minsheng Bank","600016.SS","24191348277","0.552536","China"
"1014","Grupo Cibest (Bancolombia)","CIB","24106592256","102.075","Colombia"
"1015","Canon","7751.T","24078549846","28.5307","Japan"
"1016","Philips","PHG","24030052352","24.585","Netherlands"
"1017","HENGTONG Optic-Electric","600487.SS","24028944487","9.74255","China"
"1018","Aeon","8267.T","24013493245","8.67971","Japan"
"1019","Affirm","AFRM","24010897408","71.16","United States"
"1020","Formula One Group","FWONK","23992801280","95.7","United States"
"1021","Industrivarden","INDU-A.ST","23926977002","55.3995","Sweden"
"1022","NRG Energy","NRG","23900930048","113.7","United States"
"1023","Tata Steel","TATASTEEL.NS","23893654359","1.91543","India"
"1024","Telefónica","TEF.MC","23873680804","4.24176","Spain"
"1025","SK Group","034730.KS","23820440937","436.737","South Korea"
"1026","Uniper","UN0.DE","23793063988","57.1296","Germany"
"1027","Darden Restaurants","DRI","23733633024","209.03","United States"
"1028","Tower Semiconductor","TSEM","23709431808","209.76","Israel"
"1029","QBE Insurance","QBE.AX","23694970304","15.8598","Australia"
"1030","Bunge Global SA","BG","23688288256","123.3","United States"
"1031","Nornickel","GMKN.ME","23643451750","1.58","Russia"
"1032","NN Group","NN.AS","23630522413","90.8732","Netherlands"
"1033","Chocoladefabriken Lindt &amp; Sprüngli","LISP.SW","23606053157","10335","Switzerland"
"1034","Global Payments","GPN","23562944512","89.045","United States"
"1035","AST SpaceMobile","ASTS","23552415744","60.52","United States"
"1036","PPG Industries","PPG","23543793664","105.91","United States"
"1037","Rivian","RIVN","23520497664","16.245","United States"
"1038","Bayan Resources","BYAN.JK","23482213636","0.704466","Indonesia"
"1039","Central Japan Railway","9022.T","23481107951","24.7331","Japan"
"1040","Viper Energy","VNOM","23435479040","44.7255","United States"
"1041","Alfa Laval","ALFA.ST","23397415096","56.6076","Sweden"
"1042","F5","FFIV","23387027456","413","United States"
"1043","Abu Dhabi Islamic Bank (ADIB)","ADIB.AE","23376754309","6.44","United Arab Emirates"
"1044","Nippon Steel","5401.T","23367324213","4.47111","Japan"
"1045","Tapestry","TPR","23346771968","117.09","United States"
"1046","Grasim Industries","GRASIM.NS","23298696689","34.3511","India"
"1047","Unipol Assicurazioni","UNI.MI","23260060796","32.4315","Italy"
"1048","KeyCorp (KeyBank)","KEY","23215380480","21.755","United States"
"1049","Bank Mandiri","BMRI.JK","23122682367","0.248702","Indonesia"
"1050","China International Capital Corporation","601995.SS","23075157109","4.78018","China"
"1051","Naver","035420.KS","23059862444","154.164","South Korea"
"1052","ULTA Beauty","ULTA","23050551296","539.1","United States"
"1053","Technoprobe","TPRO.MI","23049118216","35.9963","Italy"
"1054","China Securities (CSC Financial)","601066.SS","23047776227","3.54818","China"
"1055","MTN Group","MTN.JO","23003077800","12.5491","South Africa"
"1056","Roku","ROKU","22993903616","154.83","United States"
"1057","Veralto","VLTO","22988492800","94.295","United States"
"1058","ZTE","000063.SZ","22980453168","4.80407","China"
"1059","Coca-Cola FEMSA","KOF","22962098176","109.3","Mexico"
"1060","PBBank (Public Bank Bhd)","1295.KL","22903473610","1.17994","Malaysia"
"1061","Samsara","IOT","22903019520","39.11","United States"
"1062","EDP Group","EDP.F","22896895119","5.53878","Portugal"
"1063","SharkNinja","SN","22874646528","161.635","United States"
"1064","Verisk Analytics","VRSK","22872315904","175.73","United States"
"1065","Ems-Chemie","EMSN.SW","22851892153","977.035","Switzerland"
"1066","T. Rowe Price","TROW","22820530176","106.98","United States"
"1067","Vinhomes","VHM.VN","22818075240","2.77767","Vietnam"
"1068","Hindalco Industries","HINDALCO.NS","22804795063","10.2732","India"
"1069","Casey's General Stores","CASY","22762657792","615.87","United States"
"1070","China Unicom","0762.HK","22727409824","0.742774","Hong Kong"
"1071","LS ELECTRIC Co., Ltd.","010120.KS","22715235491","152.671","South Korea"
"1072","China Merchants Securities","600999.SS","22714033343","2.61185","China"
"1073","Next plc","NXT.L","22680596167","198.688","United Kingdom"
"1074","InterContinental Hotels Group","IHG","22674724864","154.61","United Kingdom"
"1075","Samsung Fire & Marine Insurance Co., Ltd.","000810.KS","22620933478","512.139","South Korea"
"1076","VAT Group","VACN.SW","22599058891","754.133","Switzerland"
"1077","Bank of Nanjing","601009.SS","22598718505","1.82785","China"
"1078","First Solar","FSLR","22594449408","210.24","United States"
"1079","Smurfit Westrock","SW","22593824768","43.075","Ireland"
"1080","Northern Star","NST.AX","22585754084","15.8518","Australia"
"1081","PulteGroup","PHM","22491979776","118.077","United States"
"1082","Constellation Oil Services Holding","QG21.F","22466204822","14.7812","Luxembourg"
"1083","Coles Group","COL.AX","22400187257","16.6774","Australia"
"1084","Arxis, Inc.","ARXS","22396508160","51.985","United States"
"1085","Bandai Namco","7832.T","22388630380","34.9077","Japan"
"1086","SGS","SGSN.SW","22381581914","113.267","Switzerland"
"1087","SoFi","SOFI","22331121664","17.2899","United States"
"1088","AerCap","AER","22319349760","141.995","Ireland"
"1089","Bank of Ireland Group","BIRG.IR","22304820489","23.653","Ireland"
"1090","Amrize","AMRZ","22281750528","40.74","Switzerland"
"1091","Hydro One","H.TO","22258804498","37.0921","Canada"
"1092","Loews Corporation","L","22226403328","108.725","United States"
"1093","Church & Dwight","CHD","22223634432","93.69","United States"
"1094","YPF S.A.","YPF","22218893312","56.67","Argentina"
"1095","Geely","0175.HK","22170179322","2.05554","China"
"1096","Carpenter Technology","CRS","22167545856","447.3","United States"
"1097","Brown &amp; Brown","BRO","22164590592","66.24","United States"
"1098","Coca-Cola HBC","CCH.L","22160786265","60.8037","Switzerland"
"1099","CNH Industrial","CNH","22136305664","13.765","United Kingdom"
"1100","Adani Green Energy","ADANIGREEN.NS","22090506174","13.4111","India"
"1101","Amundi","AMUN.PA","22089761458","109.789","France"
"1102","Nan Ya PCB","8046.TW","22084136434","34.1772","Taiwan"
"1103","Markel Group","MKL","22058338304","1780.34","United States"
"1104","Dollar Tree","DLTR","21973385216","117.11","United States"
"1105","Tradeweb","TW","21946310656","101.59","United States"
"1106","Expand Energy","EXE","21932668928","94.74","United States"
"1107","Multiply Group","MULTIPLY.AE","21926338892","0.63","United Arab Emirates"
"1108","Zhejiang Sanhua Intelligent Controls Co.,Ltd","002050.SZ","21912285587","5.20728","China"
"1109","BCE Inc.","BCE","21867730944","23.45","Canada"
"1110","Edison International","EIX","21768542208","56.569","United States"
"1111","Omnicom Group","OMC","21722712064","79.18","United States"
"1112","ASUS","2357.TW","21718686134","29.2405","Taiwan"
"1113","Geberit","GEBN.SW","21701745779","670.668","Switzerland"
"1114","Dr. Sulaiman Al Habib Medical Services Group Company","4013.SR","21686857509","61.9625","Saudi Arabia"
"1115","Shenzhen Inovance","300124.SZ","21655297743","7.99235","China"
"1116","Eicher Motors","EICHERMOT.NS","21636469423","78.8152","India"
"1117","Riyad Bank","1010.SR","21605978007","5.42404","Saudi Arabia"
"1118","Terumo","4543.T","21580898173","14.6301","Japan"
"1119","Entegris","ENTG","21518059520","140.825","United States"
"1120","Bombardier","BBD-B.TO","21517186383","218.11","Canada"
"1121","KEPCO","9503.T","21512785026","19.3103","Japan"
"1122","JX Advanced Metals","5016.T","21507650371","24.0687","Japan"
"1123","MTU Aero Engines","MTX.DE","21499456118","399.094","Germany"
"1124","United Therapeutics","UTHR","21477943296","500.76","United States"
"1125","Royal Gold","RGLD","21447585792","253.135","United States"
"1126","Terna","TRN.MI","21447052810","10.6874","Italy"
"1127","Snam","SRG.MI","21431552503","6.38644","Italy"
"1128","Kingspan Group","KRX.IR","21426589456","119.02","Ireland"
"1129","International Flavors & Fragrances","IFF","21379016704","83.79","United States"
"1130","CK Asset Holdings","1113.HK","21367596836","6.10541","Hong Kong"
"1131","Traton","8TRA.DE","21342312779","42.6846","Germany"
"1132","Tenet Healthcare","THC","21319821312","264.78","United States"
"1133","XPO Logistics","XPO","21313542144","182.032","United States"
"1134","CK Infrastructure","1038.HK","21301394128","8.45424","Hong Kong"
"1135","Dow","DOW","21233205248","29.395","United States"
"1136","Banco de Chile","BCH","21142876160","41.86","Chile"
"1137","CMS Energy","CMS","21125693440","67.37","United States"
"1138","Guardant Health","GH","21123819520","157.41","United States"
"1139","Solar Industries India","SOLARINDS.NS","21111820616","233.305","India"
"1140","Fair Isaac (FICO)","FICO","21109204992","977.385","United States"
"1141","MACOM Technology Solutions","MTSI","21108924416","276.4","United States"
"1142","Coeur Mining","CDE","21067528192","20.495","United States"
"1143","LyondellBasell","LYB","21050769408","65.165","United States"
"1144","Legal &amp; General","LGEN.L","21027433951","3.88445","United Kingdom"
"1145","Fuyao Glass Industry Group","600660.SS","21011931754","8.05134","China"
"1146","Industrias Peñoles","PE&OLES.MX","21011371750","52.862","Mexico"
"1147","Constellation Brands","STZ","20969650176","122.77","United States"
"1148","Pan American Silver","PAAS","20923697152","50.465","Canada"
"1149","Packaging Corporation of America","PKG","20878850048","234.335","United States"
"1150","QNB Finansbank","QNBTR.IS","20848554333","3.79065","Turkey"
"1151","Innovent Biologics","1801.HK","20802598671","11.929","China"
"1152","TVS Motor","TVSMOTOR.NS","20737010153","43.6361","India"
"1153","Erste Bank Polska","EBP.WA","20720502875","202.766","Poland"
"1154","US Foods","USFD","20700686336","95.69","United States"
"1155","CIMB Group","1023.KL","20700600823","1.91495","Malaysia"
"1156","Curtiss-Wright","CW","20662421504","559.435","United States"
"1157","Bank of Shanghai","601229.SS","20624792026","1.45153","China"
"1158","TD Synnex","SNX","20596574208","257.59","United States"
"1159","Steris","STE","20595924992","211.24","Ireland"
"1160","Lundin Mining","LUN.TO","20568896842","24.1607","Canada"
"1161","Evolution Mining","EVN.AX","20549700369","10.051","Australia"
"1162","Singapore Exchange","S68.SI","20546476189","19.1872","Singapore"
"1163","Banco Sabadell","SAB.MC","20481815067","4.33349","Spain"
"1164","Partners Group","PGHN.SW","20463457557","794.393","Switzerland"
"1165","Stellantis","STLA","20456568832","5.43","Netherlands"
"1166","Sinopac Financial Holdings","2890.TW","20428208863","1.38195","Taiwan"
"1167","Kubota","6326.T","20419298283","18.128","Japan"
"1168","Hua Nan Financial Holdings","2880.TW","20380550085","1.44994","Taiwan"
"1169","KGI Financial Holding","2883.TW","20331931947","1.19778","Taiwan"
"1170","AVIC Shenyang Aircraft Company Limited","600760.SS","20329327571","7.17102","China"
"1171","Sociedad Química y Minera","SQM","20325988352","71.16","Chile"
"1172","Rongsheng Petrochemical","002493.SZ","20287978549","2.03094","China"
"1173","China Northern Rare Earth (CNREHT)","600111.SS","20233657188","5.59704","China"
"1174","Banco Comercial Português (Millennium bcp)","BCP.LS","20215211214","1.38179","Portugal"
"1175","CF Industries","CF","20185481216","133.38","United States"
"1176","Lasertec","6920.T","20183379094","225.184","Japan"
"1177","Western Midstream","WES","20160854016","48.795","United States"
"1178","Banca Mediolanum","BMED.MI","20147507356","27.1946","Italy"
"1179","Woodward","WWD","20138018816","341.058","United States"
"1180","Mizrahi-Tefahot","MZTF.TA","20136219232","77.307","Israel"
"1181","China Tower","0788.HK","20128895025","1.15146","China"
"1182","Indian Oil","IOC.NS","20128666859","1.42542","India"
"1183","InterGlobe Aviation (IndiGo)","INDIGO.NS","20126574599","52.0515","India"
"1184","SAIC Motor","600104.SS","20118967478","1.75019","China"
"1185","Ralph Lauren","RL","20116156416","337.62","United States"
"1186","Alinma Bank","1150.SR","20098521340","6.69951","Saudi Arabia"
"1187","Nidec","6594.T","20093409088","17.5288","Japan"
"1188","Alpha Dhabi","ALPHADHABI.AE","20093114644","2.01","United Arab Emirates"
"1189","PT Amman Mineral Internasional Tbk","AMMN.JK","20074400698","0.277223","Indonesia"
"1190","HD Hyundai Electric","267260.KS","20072378976","557.679","South Korea"
"1191","Genmab","GMAB","20015077376","32.55","Denmark"
"1192","Reliance","RS","19998070784","391.7","United States"
"1193","Santos","STO.AX","19993517946","6.15607","Australia"
"1194","NiSource","NI","19976075264","41.655","United States"
"1195","Kaō","4452.T","19961147765","22.0624","Japan"
"1196","Lite-On Technology","2301.TW","19890559436","8.76582","Taiwan"
"1197","China National Uranium","001280.SZ","19843598893","9.59471","China"
"1198","Hyosung Heavy Industries Corporation","298040.KS","19840317302","2130.68","South Korea"
"1199","Permian Resources","PR","19837538304","23.685","United States"
"1200","Capgemini","CAP.PA","19834682006","119.484","France"
"1201","Wärtsilä","WRT1V.HE","19783891034","33.5578","Finland"
"1202","Torrent Pharmaceuticals","TORNTPHARM.NS","19768858070","51.973","India"
"1203","Amcor","AMCR","19716732928","42.645","Switzerland"
"1204","Cellnex Telecom","CLNX.MC","19711106415","29.8072","Spain"
"1205","Bouygues","EN.PA","19691480144","51.0683","France"
"1206","Rogers Communications","RCI","19685808128","36.44","Canada"
"1207","Equifax","EFX","19676368896","167.48","United States"
"1208","Eurobank Ergasias Services and Holdings","EUROB.AT","19657119307","5.4784","Greece"
"1209","HF Sinclair","DINO","19616669696","110.34","United States"
"1210","Fidelity National Information Services","FIS","19601981440","38.01","United States"
"1211","Hanwha Ocean (DSME)","042660.KS","19577916532","63.9054","South Korea"
"1212","Telenor","TEL.OL","19560118328","14.3951","Norway"
"1213","SBA Communications","SBAC","19558934528","184.365","United States"
"1214","Snap-on","SNA","19529318400","377.545","United States"
"1215","Arca Continental","AC.MX","19518321820","11.4936","Mexico"
"1216","Borouge","BOROUGE.AE","19477063552","0.65","United Arab Emirates"
"1217","China Galaxy Securities","601881.SS","19447571903","1.77857","China"
"1218","CRRC","1766.HK","19358931287","0.674554","China"
"1219","Southwest Airlines","LUV","19331061760","39.515","United States"
"1220","Sumitomo Realty &amp; Development","8830.T","19318339225","20.916","Japan"
"1221","Lennar","LEN","19295700992","80.1","United States"
"1222","HD Korea Shipbuilding &amp; Offshore Engineering","009540.KS","19295696245","272.867","South Korea"
"1223","Charter Communications","CHTR","19288006656","143.11","United States"
"1224","MasTec","MTZ","19248291840","239.69","United States"
"1225","Unity Software","U","19192279040","43.61","United States"
"1226","Baosteel","600019.SS","19190979139","0.881044","China"
"1227","General Mills","GIS","19163793408","35.845","United States"
"1228","IHH Healthcare","Q0F.SI","19153062523","2.10822","Malaysia"
"1229","Broadridge Financial Solutions","BR","19131148288","167.785","United States"
"1230","Nippon Yūsen","9101.T","19089654999","47.3036","Japan"
"1231","Shanghai International Port Group (SIPG)","600018.SS","19085922099","0.819843","China"
"1232","Woori Financial Group","WF","19079391232","78.62","South Korea"
"1233","Knorr-Bremse","KBX.DE","19073711580","118.323","Germany"
"1234","FTAI Aviation","FTAI","19038812160","185.37","United States"
"1235","Kaspi.kz Joint Stock Company","KKS.F","19005137347","98.235","Kazakhstan"
"1236","Best Buy","BBY","18997135360","90.58","United States"
"1237","Telefonica Brasil","VIV","18973913088","11.875","Brazil"
"1238","Bank of Hangzhou","600926.SS","18954965586","2.61484","China"
"1239","POSCO","PKX","18938800128","62.6111","South Korea"
"1240","Viatris","VTRS","18911549440","16.465","United States"
"1241","Halma","HLMA.L","18907216075","50.0617","United Kingdom"
"1242","KGHM Polska Miedź","KGH.WA","18906545297","94.5327","Poland"
"1243","SiTime","SITM","18894743552","630.76","United States"
"1244","FedEx Freight","FDXF","18881896448","126.285","United States"
"1245","Telecom Italia","TIT.MI","18862952113","8.84231","Italy"
"1246","Essex Property Trust","ESS","18857459712","273.563","United States"
"1247","Bank Pekao (Bank Polska Kasa Opieki)","PEO.WA","18854024353","71.8331","Poland"
"1248","Julius Bär","BAER.SW","18846107974","91.5909","Switzerland"
"1249","Evergy","EVRG","18844256256","81.73","United States"
"1250","CDW Corporation","CDW","18828873728","150.61","United States"
"1251","TPG Inc.","TPG","18751137792","48.01","United States"
"1252","SS&C Technologies","SSNC","18747760640","79.895","United States"
"1253","KE Holdings","BEKE","18729304064","16.99","China"
"1254","Wistron Corporation","3231.TW","18667711613","5.87025","Taiwan"
"1255","Genuine Parts Company","GPC","18657939456","135.34","United States"
"1256","Toast","TOST","18608709632","32.195","United States"
"1257","Sabesp","SBS","18603372544","5.29","Brazil"
"1258","Tenaga Nasional","TNABY","18580389888","12.75","Malaysia"
"1259","Beiersdorf","BEI.DE","18566051556","85.137","Germany"
"1260","Tyson Foods","TSN","18561046528","52.76","United States"
"1261","Daiwa House","1925.T","18555659470","29.9507","Japan"
"1262","Krung Thai Bank","KTB.BK","18540104850","1.32656","Thailand"
"1263","Advantech","2395.TW","18535982180","21.3291","Taiwan"
"1264","Norsk Hydro","NHY.OL","18509285133","9.41815","Norway"
"1265","Great Wall Motors","601633.SS","18499140325","2.16236","China"
"1266","Hyundai Motor India","HYUNDAI.NS","18489265281","22.7549","India"
"1267","The Saudi British Bank","1060.SR","18482480048","8.99481","Saudi Arabia"
"1268","PTT Exploration and Production","PTTEP.BK","18477644948","4.65434","Thailand"
"1269","Euronext","ENX.PA","18473401679","185.215","Netherlands"
"1270","Chery Automobile","9973.HK","18472653184","3.18022","China"
"1271","Telia Company","TELIA.ST","18466382897","4.6963","Sweden"
"1272","Vodacom","VOD.JO","18448724800","9.5502","South Africa"
"1273","ASICS Corporation","7936.T","18420167430","25.9838","Japan"
"1274","Straumann","STMN.SW","18416761003","115.501","Switzerland"
"1275","IHI Corporation","7013.T","18403790153","17.3594","Japan"
"1276","National Bank of Greece","ETE.AT","18397313901","20.5295","Greece"
"1277","Mashreqbank","MASQ.AE","18351957066","91.4808","United Arab Emirates"
"1278","SK Innovation","096770.KS","18306248431","108.102","South Korea"
"1279","Galaxy Entertainment","0027.HK","18304959016","4.17994","Hong Kong"
"1280","Konami Holdings","9766.T","18304483169","135.032","Japan"
"1281","Wilmar International","F34.SI","18288252379","2.9294","Singapore"
"1282","Plains All American Pipeline","PAA","18270644224","25.895","United States"
"1283","International Paper","IP","18267566080","34.4951","United States"
"1284","Furukawa Electric","5801.T","18242819504","25.9316","Japan"
"1285","Essity","ESSITY-B.ST","18238708768","26.9821","Sweden"
"1286","Gen Digital","GEN","18176094208","30.365","United States"
"1287","CSG N.V. (The Czechoslovak Group)","CSG.AS","18165351498","18.1654","Czech Republic"
"1288","Hengli Petrochemical","600346.SS","18153822162","2.579","China"
"1289","Samvardhana Motherson","MOTHERSON.NS","18127076335","1.72127","India"
"1290","MKS Instruments","MKSI","18104602624","267.75","United States"
"1291","Hongkong Land","H78.SI","18071525376","8.48","Hong Kong"
"1292","Saudi Electricity","5110.SR","18062081362","4.33498","Saudi Arabia"
"1293","Galp Energia","GZ5.F","18016215144","24.9187","Portugal"
"1294","ageas","AGS.BR","17975554113","85.9138","Belgium"
"1295","Nutanix","NTNX","17950633984","66.405","United States"
"1296","Korea Zinc","010130.KS","17949966807","880.192","South Korea"
"1297","Kazatomprom","0ZQ.F","17948971445","69.2058","Kazakhstan"
"1298","Grupo Carso","GCARSOA1.MX","17919016769","7.9537","Mexico"
"1299","Swire Properties","1972.HK","17913630144","3.11136","Hong Kong"
"1300","ITT","ITT","17912264704","199.38","United States"
"1301","China Steel","2002A.TW","17894614954","1.17405","Taiwan"
"1302","Nomura Research Institute","4307.T","17880885273","31.9244","Japan"
"1303","KPN","KPN.AS","17875090533","4.73874","Netherlands"
"1304","Vonovia","VNA.DE","17836654860","21.023","Germany"
"1305","Brambles","BXB.AX","17832253274","13.3893","Australia"
"1306","C. H. Robinson","CHRW","17810468864","152.42","United States"
"1307","DWS Group","DWS.F","17800743517","89.0037","Germany"
"1308","Air China","601111.SS","17779967056","0.86763","China"
"1309","Carlsberg","CARL-B.CO","17761162850","134.379","Denmark"
"1310","Zhongjin Gold","600489.SS","17756492311","3.66316","China"
"1311","Rubrik","RBRK","17734189056","86.16","United States"
"1312","Powszechny Zakład Ubezpieczeń","PZU.WA","17727352605","20.5291","Poland"
"1313","Magna International","MGA","17712488448","66.21","Canada"
"1314","First Financial Holding","2892.TW","17701306569","1.23101","Taiwan"
"1315","SBI Life Insurance","SBILIFE.NS","17692515176","17.6335","India"
"1316","Bankinter","BKT.MC","17667125306","19.6586","Spain"
"1317","Resonac Holdings Corporation","4004.T","17664662872","93.1155","Japan"
"1318","SPEEH Hidroelectrica","H2O.RO","17656080684","39.253","Romania"
"1319","Bank of Beijing","601169.SS","17649674818","0.834777","China"
"1320","East West Bancorp","EWBC","17634797568","128.71","United States"
"1321","Zimmer Biomet","ZBH","17581379584","92.1757","United States"
"1322","Adani Energy Solutions","ADANIENSOL.NS","17575009966","14.3709","India"
"1323","Hwatsing Technology","688120.SS","17572620059","35.4086","China"
"1324","News Corp","NWS","17571555328","32.755","United States"
"1325","WSP Global","WSP.TO","17530879160","130.035","Canada"
"1326","Kasikornbank","KBANK.BK","17529288541","7.39842","Thailand"
"1327","Ovintiv","OVV","17526759424","63.365","United States"
"1328","Alliant Energy","LNT","17493940224","67.47","United States"
"1329","Flutter Entertainment","FLUT","17489270784","100.78","Ireland"
"1330","Nordson","NDSN","17474004992","313.72","United States"
"1331","Tractor Supply","TSCO","17462659072","33.515","United States"
"1332","Associated British Foods","ABF.L","17435488187","24.9425","United Kingdom"
"1333","China Overseas Land &amp; Investment","0688.HK","17417536029","1.59139","Hong Kong"
"1334","BE Semiconductor","BESI.AS","17392351568","219.752","Netherlands"
"1335","Pernod Ricard","RI.PA","17374317420","68.9968","France"
"1336","WESCO International","WCC","17369120768","356.415","United States"
"1337","Ascendis Pharma","ASND","17352007680","263.775","Denmark"
"1338","IREN (Iris Energy)","IREN","17340551168","44.005","Australia"
"1339","CVC Capital Partners plc","CVC.AS","17302080948","15.8616","Jersey"
"1340","SDIC Power Holdings","600886.SS","17284658372","2.15937","China"
"1341","Franklin Resources","BEN","17226346496","33.905","United States"
"1342","Tourmaline Oil","TOU.TO","17202677750","44.2681","Canada"
"1343","ASR Nederland","ASRNL.AS","17192093690","85.2996","Netherlands"
"1344","Metso","METSO.HE","17135371793","20.6921","Finland"
"1345","Zhejiang Century Huatong","002602.SZ","17126787071","2.32364","China"
"1346","Wolters Kluwer","WKL.AS","17120513567","76.9159","Netherlands"
"1347","SEGRO","SGRO.L","17086844649","12.6289","United Kingdom"
"1348","Hong Kong and China Gas","0003.HK","17084176311","0.915557","Hong Kong"
"1349","Kuaishou Technology","1024.HK","17076390891","3.98612","China"
"1350","Dupont De Nemours","DD","17066730496","126.38","United States"
"1351","Falabella","FALABELLA.SN","17046107157","6.79441","Chile"
"1352","B3","B3SA3.SA","17040742744","3.42139","Brazil"
"1353","COSCO Shipping Energy","600026.SS","17024745513","3.11511","China"
"1354","Zangge Mining Company","000408.SZ","17021333607","10.8491","China"
"1355","Onto Innovation","ONTO","17019821056","278.45","United States"
"1356","Clean Harbors","CLH","16986408960","321.79","United States"
"1357","Vodafone Idea","IDEA.NS","16976086112","0.156688","India"
"1358","Airtel Africa","AAF.L","16942553610","4.66784","United Kingdom"
"1359","Public Power Corporation","PPC.AT","16818861612","28.6345","Greece"
"1360","PharmaEssentia","6446.TW","16746413886","40.4781","Taiwan"
"1361","Al Dar Properties","ALDAR.AE","16718978966","2.13","United Arab Emirates"
"1362","mBank","MBK.WA","16718933307","393.148","Poland"
"1363","Lattice Semiconductor","LSCC","16709861376","117.65","United States"
"1364","Rollins","ROL","16707773440","34.725","United States"
"1365","Evolution Gaming","EVO.ST","16705120756","90.3739","Sweden"
"1366","DLF","DLF.NS","16698119911","6.74587","India"
"1367","Pidilite","PIDILITIND.NS","16693695510","16.4005","India"
"1368","Daiwa Securities Group","8601.T","16660761933","11.9985","Japan"
"1369","James Hardie Industries","JHX","16643579904","28.67","Ireland"
"1370","Zebra Technologies","ZBRA","16643417088","351.79","United States"
"1371","Tata Motors","TATAMOTORS.NS","16633915542","4.51722","India"
"1372","Power Assets","0006.HK","16630958938","7.80391","Hong Kong"
"1373","Industries Qatar","IQCD.QA","16620878853","2.74725","Qatar"
"1374","Wipro","WIT","16620290048","1.68","India"
"1375","Medpace","MEDP","16595153920","594.56","United States"
"1376","Sumitomo Metal Mining","5713.T","16586465686","61.7774","Japan"
"1377","Singapore Airlines","C6L.SI","16584232295","5.25871","Singapore"
"1378","Nippon Paint","4612.T","16574159249","7.1457","Japan"
"1379","Banco Santander-Chile","BSAC","16569124864","35.17","Chile"
"1380","Fortive","FTV","16564125696","54.845","United States"
"1381","Blue Owl Capital","OWL","16557007872","10.565","United States"
"1382","Annaly Capital Management","NLY","16538228736","21.9423","United States"
"1383","FinecoBank","FBK.MI","16524518677","27.0088","Italy"
"1384","IDEX","IEX","16520629248","224.1","United States"
"1385","Jacobs Engineering","J","16501273600","140.99","United States"
"1386","Cholamandalam Investment and Finance","CHOLAFIN.NS","16501155217","19.3207","India"
"1387","Sonova","SOON.SW","16493377822","277.645","Switzerland"
"1388","NVR","NVR","16477617152","6152.6","United States"
"1389","Secom","9735.T","16464514653","41.2718","Japan"
"1390","Continental","CON.DE","16432797797","82.1615","Germany"
"1391","Huaneng Power International","600011.SS","16414556278","1.03787","China"
"1392","Computershare","CPU.AX","16398779118","28.3526","Australia"
"1393","Türkiye Petrol Rafinerileri","TUPRS.IS","16395881769","8.5094","Turkey"
"1394","APi Group","APG","16391839744","37.93","United States"
"1395","HANMI Semiconductor","042700.KS","16357871949","172.455","South Korea"
"1396","Amer Sports","AS","16349199360","28.1","Finland"
"1397","Invitation Homes","INVH","16339592192","27.665","United States"
"1398","Lundin Gold","LUG.TO","16318427076","67.484","Canada"
"1399","Keppel","BN4.SI","16245349385","9.02509","Singapore"
"1400","Millicom","TIGO","16234328064","96.8","Luxembourg"
"1401","Whitecap Resources","WCP.TO","16223108776","13.3425","Canada"
"1402","Luzhou Laojiao","000568.SZ","16184232437","10.9955","China"
"1403","Polyus","PLZL.ME","16177999919","11.65","Russia"
"1404","South32","S32.AX","16151021552","3.60399","Australia"
"1405","ABB India","ABB.NS","16133781833","76.1356","India"
"1406","Boliden","BOL.ST","16127216608","56.7935","Sweden"
"1407","Reinsurance Group of America","RGA","16108941312","246.685","United States"
"1408","Henderson Land Development","0012.HK","16100462939","3.32559","Hong Kong"
"1409","Saudi Arabian Fertilizer Company","2020.SR","16085445928","33.7904","Saudi Arabia"
"1410","BAWAG Group","0B2.F","16075634020","208.778","Austria"
"1411","Rede D'Or Sao Luiz","RDOR3.SA","16070156028","7.39664","Brazil"
"1412","Evergreen Marine","2603.TW","16066536993","7.42089","Taiwan"
"1413","Weyerhaeuser","WY","16050791424","22.27","United States"
"1414","Jones Lang LaSalle","JLL","16050018304","348.855","United States"
"1415","EDP Renováveis","EDPR.LS","16020995319","15.1184","Spain"
"1416","Ball Corporation","BALL","16005288960","60.465","United States"
"1417","China Tourism Group Duty Free","601888.SS","16004255754","7.70251","China"
"1418","Azrieli Group","AZRG.TA","15964118179","128.209","Israel"
"1419","LG Chem","051910.KS","15953283871","203.81","South Korea"
"1420","Jazz Pharmaceuticals","JAZZ","15949836288","245.705","Ireland"
"1421","Datang International Power Generation Company","601991.SS","15945975588","0.861632","China"
"1422","Tatneft","TATN.ME","15942458030","7.38","Russia"
"1423","Neurocrine Biosciences","NBIX","15933000704","156.745","United States"
"1424","Leidos","LDOS","15922451456","126.88","United States"
"1425","DiDi","DIDIY","15911532544","3.53","China"
"1426","Jio Financial Services","JIOFIN.NS","15889284676","2.40632","India"
"1427","Lingyi iTECH","002600.SZ","15885551811","1.95628","China"
"1428","Meritz Financial Group","138040.KS","15794939092","95.8581","South Korea"
"1429","Futu Holdings","FUTU","15791368192","112.639","Hong Kong"
"1430","Swedish Orphan Biovitrum","SOBI.ST","15785444028","45.2696","Sweden"
"1431","UPM-Kymmene","UPM.HE","15779308958","29.9234","Finland"
"1432","EVE Energy","300014.SZ","15772985826","7.25763","China"
"1433","Mitsui O.S.K. Lines","9104.T","15770996491","45.8966","Japan"
"1434","W. P. Carey","WPC","15764654080","69.1988","United States"
"1435","Mapfre","MAP.MC","15760028697","5.1347","Spain"
"1436","Semtech","SMTC","15742166016","168.68","United States"
"1437","Sieyuan Electric","002028.SZ","15738179247","20.1108","China"
"1438","PMetal (Press Metal Aluminium)","8869.KL","15717658546","1.90757","Malaysia"
"1439","Bharat Heavy Electricals Limited","BHEL.NS","15708282121","4.5112","India"
"1440","Shionogi","4507.T","15674129621","18.4147","Japan"
"1441","Korea Electric Power","KEP","15663923200","12.2","South Korea"
"1442","Kimco Realty","KIM","15646162944","23.325","United States"
"1443","Trent Limited","TRENT.NS","15640884443","29.3322","India"
"1444","APA Corporation","APA","15630934016","44.615","United States"
"1445","China Three Gorges Renewables","600905.SS","15624933082","0.546562","China"
"1446","Sterling Infrastructure","STRL","15621861376","510.71","United States"
"1447","Huagong Tech","000988.SZ","15598174882","15.5128","China"
"1448","Host Hotels & Resorts","HST","15593135104","22.445","United States"
"1449","Unibail-Rodamco-Westfield","URW.PA","15589973587","107.873","France"
"1450","Xi'an Eswin Material Technology Co.,Ltd.","688783.SS","15589728243","3.86095","China"
"1451","ING Bank Slaski","ING.WA","15587450918","119.811","Poland"
"1452","Nexon","3659.T","15575621778","19.9975","Japan"
"1453","SITC International","1308.HK","15562795747","5.78408","Hong Kong"
"1454","ZTO Express","ZTO","15561409536","20.58","China"
"1455","Akamai","AKAM","15541514240","108.14","United States"
"1456","Yangzijiang Shipbuilding (Holdings) Ltd.","BS6.SI","15527579256","3.94543","China"
"1457","RB Global","RBA","15527166976","83.84","Canada"
"1458","Aramark","ARMK","15526197248","58.895","United States"
"1459","Cemex","CX","15504524288","10.745","Mexico"
"1460","RBC Bearings","RBC","15488177152","489.215","United States"
"1461","Inspur","000977.SZ","15468960411","10.534","China"
"1462","Hyatt Hotels","H","15467075584","164.13","United States"
"1463","Piraeus Financial Holdings","TPEIR.AT","15450109357","12.5406","Greece"
"1464","Kerry Group","KRZ.IR","15409552440","96.9577","Ireland"
"1465","Bitmine Immersion Technologies","BMNR","15394336768","25.52","United States"
"1466","The Phoenix Holdings","PHOE.TA","15378201003","60.9941","Israel"
"1467","Corebridge Financial","CRBG","15372331008","34.485","United States"
"1468","Carlyle Group","CG","15343690752","43.06","United States"
"1469","Admiral Group","ADM.L","15311094763","51.2245","United Kingdom"
"1470","BB Seguridade Participações","BBSE3.SA","15266147760","7.86409","Brazil"
"1471","Guosen Securities","002736.SZ","15263811763","1.49035","China"
"1472","China Satellite Communications","601698.SS","15241197028","3.60791","China"
"1473","T&amp;D Holdings","8795.T","15234873334","32.1068","Japan"
"1474","Banco de Crédito e Inversiones","BCI.SN","15232312714","69.6799","Chile"
"1475","Shanghai Electric Group","601727.SS","15223582100","0.979631","China"
"1476","GFL Environmental","GFL","15207918592","42.14","Canada"
"1477","TCL Technology Group Corporation","000100.SZ","15206882233","0.69291","China"
"1478","Lamar Advertising","LAMR","15189800960","149.58","United States"
"1479","INNIO N.V.","INIO","15172499456","20.23","Germany"
"1480","Nippon Sanso","4091.T","15166317927","35.038","Japan"
"1481","IonQ","IONQ","15164227584","37.43","United States"
"1482","SCB (Siam Commercial Bank)","SCB.BK","15161171577","4.50273","Thailand"
"1483","Pershing Square Inc.","PS","15160000512","37.9","United States"
"1484","Emera","EMA.TO","15158686382","49.3527","Canada"
"1485","Asahi Group","2502.T","15115481945","10.3342","Japan"
"1486","SCREEN Holdings","7735.T","15094361046","79.8273","Japan"
"1487","BOSCH India","BOSCHLTD.NS","15075680810","511.108","India"
"1488","Hua Xia Bank","600015.SS","15065112718","0.946603","China"
"1489","Ipsen","IPN.PA","15059486401","182.42","France"
"1490","Gjensidige Forsikring","GJF.OL","15040292304","30.0827","Norway"
"1491","Omega Healthcare Investors","OHI","15038901248","47.1","United States"
"1492","DigitalOcean","DOCN","15037836288","127.895","United States"
"1493","Informa plc","INF.L","15033549330","12.0336","United Kingdom"
"1494","Alamos Gold","AGI","15019529216","35.88","Canada"
"1495","Endeavour Mining","EDV.TO","14989469924","62.1903","United Kingdom"
"1496","CG Power and Industrial Solutions","CGPOWER.NS","14989367161","9.51434","India"
"1497","Grupo Financiero Inbursa","GFINBURO.MX","14985954678","2.50391","Mexico"
"1498","Talen Energy","TLN","14976560128","312.57","United States"
"1499","Mid-America Apartment Communities","MAA","14959696896","125.75","United States"
"1500","Pinnacle Financial Partners","PNFP","14933705728","98.825","United States"
"1501","Burlington Stores","BURL","14931801088","237.71","United States"
"1502","Suncorp","SUN.AX","14923977098","14.0785","Australia"
"1503","Fabrinet","FN","14871109632","414.99","Cayman Islands"
"1504","MMG Limited","1208.HK","14857662109","1.15656","Australia"
"1505","Dynatrace","DT","14856815616","51.19","United States"
"1506","Lundbergföretagen","LUND-B.ST","14853044768","59.8913","Sweden"
"1507","Osaka Gas","9532.T","14848872652","39.3372","Japan"
"1508","TransUnion","TRU","14840378368","77.455","United States"
"1509","LATAM Airlines","LTM","14836262912","50.68","Chile"
"1510","Performance Food Group","PFGC","14833137664","94.435","United States"
"1511","Elia Group","ELI.BR","14827937783","135.857","Belgium"
"1512","Solventum","SOLV","14814570496","87.03","United States"
"1513","Warner Music Group","WMG","14801390592","28.295","United States"
"1514","IGM Financial","IGM.TO","14798659032","64.0943","Canada"
"1515","Sartorius","SRT.DE","14785464135","214.12","Germany"
"1516","ADNOC Logistics &amp; Services","ADNOCLS.AE","14785314465","2","United Arab Emirates"
"1517","Fisher & Paykel Healthcare","FPH.NZ","14780572806","25.1267","New Zealand"
"1518","Telkom Indonesia","TLK","14766931968","14.9795","Indonesia"
"1519","Unum","UNM","14753401856","93.195","United States"
"1520","Siemens India","SIEMENS.NS","14749516653","41.4172","India"
"1521","Varun Beverages","VBL.NS","14745620437","4.35943","India"
"1522","Brookfield Renewable Partners","BEP","14744919040","30.31","Bermuda"
"1523","Kajima","1812.T","14740708517","31.8983","Japan"
"1524","Chubu Electric Power","9502.T","14722200196","19.4894","Japan"
"1525","Cummins India","CUMMINSIND.NS","14710111367","53.0668","India"
"1526","Logitech","LOGI","14708305920","102.72","Switzerland"
"1527","Sichuan Biokin Pharmaceutical","688506.SS","14686495578","35.5714","China"
"1528","HMM","011200.KS","14682198190","15.5657","South Korea"
"1529","Chow Tai Fook","1929.HK","14682078061","1.4881","Hong Kong"
"1530","Hitachi Energy India","POWERINDIA.NS","14665399545","329.024","India"
"1531","Japan Exchange Group","8697.T","14664402462","14.3989","Japan"
"1532","Doosan","000150.KS","14628302379","1012.33","South Korea"
"1533","Ganfeng Lithium","002460.SZ","14612735929","6.96942","China"
"1534","Sunoco","SUN","14568159232","77.32","United States"
"1535","China Communications Construction","601800.SS","14566033243","0.898373","China"
"1536","Coloplast","COLO-B.CO","14563566811","64.6212","Denmark"
"1537","VeriSilicon Microelectronics","688521.SS","14546625204","27.6596","China"
"1538","SK Telecom","SKM","14511043584","37.8","South Korea"
"1539","REA Group","REA.AX","14507410749","110.862","Australia"
"1540","Sun Communities","SUI","14486336512","114.65","United States"
"1541","Dubai Islamic Bank","DIB.AE","14482163195","2.00387","United Arab Emirates"
"1542","Equitable Holdings","EQH","14478408704","53.08","United States"
"1543","Strabag","XD4.F","14477254633","125.406","Austria"
"1544","Covestro","1COV.F","14466349960","69.6702","Germany"
"1545","CGI","GIB","14461111296","69.835","Canada"
"1546","Israel Discount Bank","DSCT.TA","14457512168","11.816","Israel"
"1547","UL Solutions","ULS","14441776128","71.53","United States"
"1548","Yum China","YUMC","14418004992","42.42","China"
"1549","Equinox Gold","EQX","14406454272","12.34","Canada"
"1550","Healthpeak Properties","DOC","14402264064","20.315","United States"
"1551","Topicus","TOI.V","14395519623","67.5273","Canada"
"1552","BSE","BSE.NS","14384977630","35.4197","India"
"1553","Bureau Veritas","BVI.PA","14372490821","32.3038","France"
"1554","Invesco","IVZ","14364194816","32.535","United States"
"1555","Banque Saudi Fransi","1050.SR","14362079731","5.80216","Saudi Arabia"
"1556","Telus","TU","14340374528","9.105","Canada"
"1557","Kirin Holdings","2503.T","14323569493","18.0759","Japan"
"1558","Emirates Integrated Telecommunications Company","DU.AE","14316129604","3.15827","United Arab Emirates"
"1559","Origin Energy","ORG.AX","14309850572","8.30641","Australia"
"1560","Tech Mahindra","TECHM.NS","14288978435","16.1294","India"
"1561","Penske Automotive Group","PAG","14281346048","217.495","United States"
"1562","Vår Energi","VAR.OL","14266095894","5.71501","Norway"
"1563","Union Bank of India","UNIONBANK.NS","14230115391","1.86414","India"
"1564","Ares Capital","ARCC","14227622912","19.815","United States"
"1565","Lifco","LIFCO-B.ST","14202158621","31.2674","Sweden"
"1566","Sekisui House","1928.T","14191915211","21.8931","Japan"
"1567","CapitaLand Mall Trust","C38U.SI","14185884122","1.80028","Singapore"
"1568","GD Power Development","600795.SS","14169627328","0.794457","China"
"1569","Tryg","TRYG.CO","14168522469","23.7768","Denmark"
"1570","Everest Group","EG","14158246912","369.255","Bermuda"
"1571","BridgeBio Pharma","BBIO","14153693184","72.4","United States"
"1572","Qatar Islamic Bank","QIBK.QA","14145133869","5.98626","Qatar"
"1573","Pan Pacific International Holdings","7532.T","14139358854","4.72971","Japan"
"1574","Eurofins Scientific","ERF.PA","14133705714","82.0948","Luxembourg"
"1575","JD Health","6618.HK","14129203550","4.42987","China"
"1576","Somnigroup International","SGI","14122887168","67.135","United States"
"1577","Moncler","MONC.MI","14114283958","51.8927","Italy"
"1578","Emaar Development","EMAARDEV.AE","14070626097","3.51766","United Arab Emirates"
"1579","LTIMindtree","LTIM.NS","14069121851","47.4605","India"
"1580","Grupo Bimbo","BIMBOA.MX","14056410646","3.27176","Mexico"
"1581","Punjab National Bank","PNB.NS","14044390732","1.222","India"
"1582","iFLYTEK","002230.SZ","14043578870","5.84642","China"
"1583","Albemarle","ALB","14036701184","118.95","United States"
"1584","Unisplendour","000938.SZ","14026196377","4.90413","China"
"1585","PTC","PTC","14009243648","129.11","United States"
"1586","Regency Centers","REG","13947121664","74.6","United States"
"1587","Exelixis","EXEL","13937720320","56.25","United States"
"1588","Assurant","AIZ","13933470720","282.49","United States"
"1589","Alteogen","196170.KQ","13918035933","200.078","South Korea"
"1590","Summit Therapeutics","SMMT","13912754176","17.44","United Kingdom"
"1591","Symrise","SY1.DE","13890050305","101.254","Germany"
"1592","McCormick & Company","MKC","13878116352","51.62","United States"
"1593","Ryohin Keikaku","7453.T","13848235727","26.088","Japan"
"1594","ARC Resources","ARX.TO","13839232553","24.4564","Canada"
"1595","Taiwan Cooperative Financial","5880.TW","13834952226","0.86076","Taiwan"
"1596","Revvity","RVTY","13834482688","123.98","United States"
"1597","Abu Dhabi National Oil Company (ADNOC)","ADNOCDIST.AE","13817419623","1.11","United Arab Emirates"
"1598","Textron","TXT","13814005760","80.3201","United States"
"1599","Lincoln Electric","LECO","13813121024","253.425","United States"
"1600","Nitto Denko","6988.T","13810564234","20.8769","Japan"
"1601","Romgaz","SNG.RO","13800072969","3.58051","Romania"
"1602","BWX Technologies","BWXT","13789118464","150.5","United States"
"1603","Concordia Financial Group","7186.T","13748759694","12.3698","Japan"
"1604","SBI Holdings","8473.T","13734650066","21.2482","Japan"
"1605","OBIC","4684.T","13722740639","31.8723","Japan"
"1606","Anhui Conch Cement","600585.SS","13714369699","2.58796","China"
"1607","Tyler Technologies","TYL","13700992000","334.56","United States"
"1608","Satellite Chemical","002648.SZ","13693107982","4.06487","China"
"1609","GlobalWafers","6488.TWO","13647422831","28.5443","Taiwan"
"1610","Samsung Heavy Industries","010140.KS","13646205275","15.9763","South Korea"
"1611","Olympus","7733.T","13638831642","12.8323","Japan"
"1612","Skyworks Solutions","SWKS","13629072384","90.575","United States"
"1613","True Corporation","TRUE.BK","13619687536","0.394178","Thailand"
"1614","Bharat Petroleum","BPCL.NS","13617354483","3.18715","India"
"1615","MOL Group","MOL.BD","13601740563","17.2035","Hungary"
"1616","Wayfair","W","13595450368","99.26","United States"
"1617","IES Holdings","IESC","13578049536","340.74","United States"
"1618","Stanley Black &amp; Decker","SWK","13564299264","89.8199","United States"
"1619","CACI International Inc","CACI","13550146560","613.14","United States"
"1620","Investment AB Latour","LATO-B.ST","13546598804","21.1891","Sweden"
"1621","Asahi Kasei","3407.T","13546325898","10.1095","Japan"
"1622","Masco","MAS","13536916480","68.65","United States"
"1623","BorgWarner","BWA","13529555968","66.43","United States"
"1624","Kingdom Holding","4280.SR","13499688244","3.64266","Saudi Arabia"
"1625","China Gold International Resources","CGG.TO","13491067963","34.0328","Canada"
"1626","Obayashi","1802.T","13487018675","19.6197","Japan"
"1627","Uni-President Enterprises","1216.TW","13485795710","2.37342","Taiwan"
"1628","AEGON","AEG","13482714112","9.11","Netherlands"
"1629","Embraer","EMBJ","13466099712","75.67","Brazil"
"1630","Trimble","TRMB","13462638592","57.735","United States"
"1631","Check Point Software","CHKP","13449715712","131.73","Israel"
"1632","RenaissanceRe","RNR","13429571584","323.2","Bermuda"
"1633","Tōkyō Gas","9531.T","13427450194","40.8744","Japan"
"1634","Charles River Laboratories","CRL","13414712320","278.5","United States"
"1635","ICON plc","ICLR","13407857664","173.78","Ireland"
"1636","Mueller Industries","MLI","13406910464","60.615","United States"
"1637","Metro","MRU.TO","13396229112","64.015","Canada"
"1638","Five Below","FIVE","13390518272","243.225","United States"
"1639","Impala Platinum","IMP.JO","13390490900","14.9186","South Africa"
"1640","Western Mining","601168.SS","13376884606","5.61346","China"
"1641","Carrefour","CA.PA","13368402432","18.8922","France"
"1642","China Southern Airlines","600029.SS","13340956220","0.736216","China"
"1643","Hecla Mining","HL","13327817728","19.8399","United States"
"1644","KT&amp;G (Korea Tobacco)","033780.KS","13314596672","128.259","South Korea"
"1645","United Utilities","UU.L","13307428324","17.9137","United Kingdom"
"1646","Etihad Etisalat (Mobily)","7020.SR","13304286526","17.3346","Saudi Arabia"
"1647","TTM Technologies","TTMI","13298187264","126.23","United States"
"1648","Apollo Hospitals","APOLLOHOSP.NS","13297897697","92.4848","India"
"1649","Carlisle Companies","CSL","13295298560","334.775","United States"
"1650","Banque Cantonale Vaudoise","BCVN.SW","13293449233","154.779","Switzerland"
"1651","LTM Limited","LTM.NS","13265351946","44.7457","India"
"1652","Taisei Corporation","1801.T","13240860914","81.2277","Japan"
"1653","Jiangsu Eastern Shenghong","000301.SZ","13209827215","1.99809","China"
"1654","Kawasaki Heavy Industries","7012.T","13190189712","15.1056","Japan"
"1655","H World Group Limited","HTHT","13189695488","42.89","China"
"1656","Elm Company","7203.SR","13185993601","164.825","Saudi Arabia"
"1657","Globe Life","GL","13180448768","171.51","United States"
"1658","Daifuku","6383.T","13149609378","35.3637","Japan"
"1659","Tongfu Microelectronics Co.,Ltd","002156.SZ","13144468847","8.66137","China"
"1660","“K” Line","9107.T","13123697900","22.1276","Japan"
"1661","Quantinuum Inc.","QNT","13097908224","49.3","United States"
"1662","DT Midstream","DTM","13095193600","128.365","United States"
"1663","Insurance Australia Group","IAG.AX","13084495676","5.59656","Australia"
"1664","Watsco","WSO","13082721280","317.14","United States"
"1665","Harel Group","HARL.TA","13070124288","63.6016","Israel"
"1666","Aurora Innovation","AUR","13067091968","6.52","United States"
"1667","Ivanhoe Mines","IVN.TO","13064757519","9.15943","Canada"
"1668","HD Hyundai","267250.KS","13057631826","184.773","South Korea"
"1669","Delivery Hero","DHER.F","13030905719","42.5221","Germany"
"1670","Formosa Plastics","1301.TW","13013508250","2.0443","Taiwan"
"1671","iA Financial","IAG.TO","13011521776","147.214","Canada"
"1672","Hasbro","HAS","13004299264","92.2","United States"
"1673","Formosa Chemicals &amp; Fibre","1326.TW","12993700202","2.22152","Taiwan"
"1674","Polycab India","POLYCAB.NS","12993337078","86.2571","India"
"1675","Scentre Group","SCG.AX","12990024910","2.48403","Australia"
"1676","AMH (American Homes 4 Rent)","AMH","12979080192","31.66","United States"
"1677","Bajaj Holdings &amp; Investment","BAJAJHLDNG.NS","12969876095","116.538","India"
"1678","Dongfang Electric Corporation","600875.SS","12962912385","3.74828","China"
"1679","Harmony Gold","HMY","12943281152","20.71","South Africa"
"1680","Allegion","ALLE","12941145088","152.183","Ireland"
"1681","Tencent Music Entertainment","TME","12932186112","7.935","China"
"1682","UDR Apartments","UDR","12931220480","35.2","United States"
"1683","Nextpower","NXT","12930204672","84.16","United States"
"1684","Diploma plc","DPLM.L","12908738880","96.2657","United Kingdom"
"1685","Mitsubishi HC Capital","8593.T","12907269737","9.00214","Japan"
"1686","Jerónimo Martins","JEM.F","12901437253","20.5295","Portugal"
"1687","Bank of Baroda","BANKBARODA.NS","12889434326","2.49246","India"
"1688","J.M. Smucker Company","SJM","12871124992","120.49","United States"
"1689","Idemitsu Kosan","5019.T","12866896873","10.7348","Japan"
"1690","Alpha Services and Holdings","ALPHA.AT","12863625826","5.70135","Greece"
"1691","Acciona","ANA.MC","12862485538","241.756","Spain"
"1692","CNA Financial","CNA","12861662208","47.53","United States"
"1693","QXO, Inc.","QXO","12859697152","12.395","United States"
"1694","Avery Dennison","AVY","12848743424","169.535","United States"
"1695","Samsung SDS","018260.KS","12848580457","166.109","South Korea"
"1696","SEI Investments","SEIC","12833651712","106.93","United States"
"1697","Modon Holding PSC","MODON.AE","12818097948","0.78","United Arab Emirates"
"1698","LONGi Green Energy Technology","601012.SS","12810426243","1.69046","China"
"1699","Ally Financial","ALLY","12809848832","42.11","United States"
"1700","Lennox","LII","12801273856","370.4","United States"
"1701","Alcoa","AA","12799607808","48.5","United States"
"1702","RPM International","RPM","12797487104","100.26","United States"
"1703","Amkor Technology","AMKR","12785363968","51.46","United States"
"1704","Orion Corporation","ORNAV.HE","12781812837","90.8035","Finland"
"1705","Samsung SDI","006405.KS","12748617849","162.003","South Korea"
"1706","Coca-Cola Consolidated","COKE","12709453824","190.935","United States"
"1707","BioMarin Pharmaceutical","BMRN","12698438656","65.6","United States"
"1708","LG Corp","003550.KS","12698286232","83.9878","South Korea"
"1709","Bank of Chengdu","601838.SS","12690493282","2.99415","China"
"1710","Shanghai United Imaging Healthcare","688271.SS","12690241273","15.3978","China"
"1711","CSPC Pharmaceutical Group Limited","1093.HK","12667520956","1.11065","China"
"1712","SKF (Svenska Kullagerfabriken)","SKF-B.ST","12657771682","27.7978","Sweden"
"1713","Erie Indemnity","ERIE","12647611392","241.875","United States"
"1714","Madison Air Solutions","MAIR","12645918720","25.205","United States"
"1715","Almarai","2280.SR","12630344846","12.7067","Saudi Arabia"
"1716","S-OIL","010950.KS","12607444297","111.984","South Korea"
"1717","Ebara Corporation","6361.T","12598096771","27.6643","Japan"
"1718","Chifeng Jilong Gold Mining","600988.SS","12597701427","6.62893","China"
"1719","Webster Financial","WBS","12568934400","77.57","United States"
"1720","Prada","1913.HK","12562096569","4.90932","Italy"
"1721","Orient Overseas Container Line","0316.HK","12538488560","18.987","Hong Kong"
"1722","PayPay Corporation","PAYP","12537304064","18.515","Japan"
"1723","Chime Financial","CHYM","12533060608","33.105","United States"
"1724","Link REIT","0823.HK","12530396027","4.82516","Hong Kong"
"1725","Penumbra","PEN","12525837312","318","United States"
"1726","Britannia Industries","BRITANNIA.NS","12509822160","51.9364","India"
"1727","Aéroports de Paris","ADP.PA","12508979610","126.451","France"
"1728","U-Haul","UHAL","12507719680","63.98","United States"
"1729","Japan Post Insurance","7181.T","12476576046","11.5132","Japan"
"1730","Chiba Bank","CHBAY","12475944960","90.24","Japan"
"1731","Rexel","RXL.PA","12469402461","42.3943","France"
"1732","Aker ASA","AKER.OL","12468726560","169.126","Norway"
"1733","BELIMO Holding","BEAN.SW","12455320507","1012.63","Switzerland"
"1734","Industrial Bank of Korea (IBK)","024110.KS","12412525235","15.5657","South Korea"
"1735","Kokusai Electric","6525.T","12408099187","53.1661","Japan"
"1736","Graco","GGG","12404853760","76.595","United States"
"1737","Swiss Prime Site","SPSN.SW","12398799469","154.534","Switzerland"
"1738","China Resources Power Holdings","0836.HK","12397656337","2.39473","Hong Kong"
"1739","Yara International","YAR.OL","12395334689","48.6615","Norway"
"1740","Sino Land","0083.HK","12394893364","1.293","Hong Kong"
"1741","Madrigal Pharmaceuticals","MDGL","12381963264","535.92","United States"
"1742","China Railway Construction","601186.SS","12370109312","0.910937","China"
"1743","Toll Brothers","TOL","12367049728","134.21","United States"
"1744","Recordati","REC.MI","12366791998","60.3809","Italy"
"1745","Eastroc Beverage Group","605499.SS","12364203008","16.8404","China"
"1746","Tongling Nonferrous Metals Group Co.,Ltd.","000630.SZ","12355360679","0.921391","China"
"1747","Schroders","SDR.L","12342075192","7.91503","United Kingdom"
"1748","DocuSign","DOCU","12341168128","66.03","United States"
"1749","Hut 8","HUT","12337040384","100.09","Canada"
"1750","Pro Medicus","PME.AX","12326541422","117.991","Australia"
"1751","Brown Forman","BF-A","12325094400","26.86","United States"
"1752","GoDaddy","GDDY","12321567744","97.2901","United States"
"1753","Baxter","BAX","12307090432","23.805","United States"
"1754","GEA Group","G1A.F","12306535090","75.5922","Germany"
"1755","Crown Holdings","CCK","12305164288","113.14","United States"
"1756","POSCO Future M","003670.KS","12304572351","138.337","South Korea"
"1757","CP All","CPALL.BK","12293968557","1.37962","Thailand"
"1758","Grab Holdings","GRAB","12273497088","2.9999","Singapore"
"1759","Accor","AC.PA","12269124369","53.4951","France"
"1760","Tele2","TEL2-B.ST","12258038828","17.606","Sweden"
"1761","Allegro.eu","ALE.WA","12233396859","12.0738","Poland"
"1762","Pershing Square Holdings","PSHD.L","12225084416","56.685","United States"
"1763","Power Finance Corp","PFC.NS","12208718746","3.6995","India"
"1764","Klépierre","LI.PA","12201704692","42.5453","France"
"1765","CoStar Group","CSGP","12200500224","30.11","United States"
"1766","Tata Power","TATAPOWER.NS","12195735018","3.81673","India"
"1767","Halozyme Therapeutics","HALO","12183443456","107.345","United States"
"1768","Corcept Therapeutics","CORT","12177285120","112.65","United States"
"1769","Zhejiang NHU Co., Ltd.","002001.SZ","12167194490","3.95884","China"
"1770","YTL Power International","6742.KL","12151526551","1.40118","Malaysia"
"1771","Arab National Bank","1080.SR","12140978923","6.11636","Saudi Arabia"
"1772","Intertek","ITRK.L","12140896561","79.0957","United Kingdom"
"1773","Figma","FIG","12136634368","22.77","United States"
"1774","Bolloré","BOL.PA","12130488415","4.31723","France"
"1775","Paytm","PAYTM.NS","12129454073","18.9188","India"
"1776","DraftKings","DKNG","12128372736","24.43","United States"
"1777","Eiffage","FGR.PA","12116799014","124.71","France"
"1778","Gaming and Leisure Properties","GLPI","12114824192","40.45","United States"
"1779","Shizuoka Financial Group","5831.T","12107587855","23.1307","Japan"
"1780","Equity LifeStyle Properties","ELS","12092813312","60.31","United States"
"1781","Grupo Aeroportuario del Pacífico","PAC","12081844224","203.05","Mexico"
"1782","AGNC Investment","AGNC","12080055296","10.19","United States"
"1783","Seres Group","601127.SS","12065178623","6.92611","China"
"1784","HDFC Life","HDFCLIFE.NS","12049257875","5.54741","India"
"1785","Innolux","3481.TW","12047348966","1.50949","Taiwan"
"1786","Indra Sistemas","IDR.MC","12047177238","68.8342","Spain"
"1787","Far EasTone","4904.TW","12044711972","3.33861","Taiwan"
"1788","Indian Bank","INDIANB.NS","12033009008","8.93343","India"
"1789","Fuji Electric","6504.T","12029704009","82.4002","Japan"
"1790","Dick's Sporting Goods","DKS","12026871808","135.245","United States"
"1791","MiniMax Group","0100.HK","12023831864","34.429","China"
"1792","Toromont","TIH.TO","12016029493","147.322","Canada"
"1793","Stifel","SF","12004637696","79.5","United States"
"1794","The Magnum Ice Cream Company","MICC","11995885568","19.765","Netherlands"
"1795","Washington H. Soul Pattinson and Company (Soul Patts)","SOL.AX","11987558382","31.5529","Australia"
"1796","Severn Trent","SVT.L","11973787091","39.6428","United Kingdom"
"1797","Encompass Health","EHC","11970600960","121.34","United States"
"1798","Wharf REIC","1997.HK","11970222880","3.94276","Hong Kong"
"1799","Manhattan Associates","MANH","11955725312","205.055","United States"
"1800","Camden Property Trust","CPT","11949388800","103.25","United States"
"1801","GAIL","GAIL.NS","11948558526","1.81725","India"
"1802","Arrowhead Pharmaceuticals","ARWR","11940239360","84.53","United States"
"1803","Jindal Steel &amp; Power","JINDALSTEL.NS","11933173961","11.7281","India"
"1804","Nitori Holdings","9843.T","11932834577","21.1179","Japan"
"1805","Sino Biopharmaceutical","1177.HK","11928955870","0.669453","China"
"1806","Hong Kong Telecom","6823.HK","11908382430","1.57098","Hong Kong"
"1807","Antero Resources","AR","11894814720","38.69","United States"
"1808","Fresenius Medical Care","FMS","11887119360","22.335","Germany"
"1809","Subaru","7270.T","11868475517","17.063","Japan"
"1810","Hudbay Minerals","HBM","11854224384","26.69","Canada"
"1811","Mowi","MNHVF","11852212224","22.42","Norway"
"1812","Wise PLC","WISE.L","11845747601","12.0417","United Kingdom"
"1813","Fidelity National Financial","FNF","11838031872","44.14","United States"
"1814","Power Construction Corporation of China","601669.SS","11833272998","0.686936","China"
"1815","Applied Industrial Technologies","AIT","11828591616","322.315","United States"
"1816","Watts Water Technologies","WTS","11826446336","354.265","United States"
"1817","BrightSpring Health Services","BTSG","11806559232","59.67","United States"
"1818","Paramount Skydance","PSKY","11797259264","10.515","United States"
"1819","Nova Ltd.","NVMI","11779729408","370.36","Israel"
"1820","Ooredoo","ORDS.AE","11773585029","3.68","United Arab Emirates"
"1821","Canara Bank","CANBK.NS","11772669068","1.29789","India"
"1822","Sichuan Road and Bridge Group (SRBG)","600039.SS","11764836696","1.35297","China"
"1823","Koç Holding","KCHOL.IS","11763847775","4.64056","Turkey"
"1824","American Healthcare REIT","AHR","11741413376","53.86","United States"
"1825","Toray Industries","3402.T","11737251541","8.05763","Japan"
"1826","Muthoot Finance","MUTHOOTFIN.NS","11732679350","29.2244","India"
"1827","Goldwind Science&amp;Technology","002202.SZ","11732044964","2.77761","China"
"1828","Pinnacle West Capital","PNW","11723408384","96.73","United States"
"1829","Texas Roadhouse","TXRH","11716905984","178.5","United States"
"1830","BXP, Inc.","BXP","11716335616","64.775","United States"
"1831","Essential Utilities","WTRG","11711206400","41.29","United States"
"1832","Keyera","KEY.TO","11705901272","39.8918","Canada"
"1833","AltaGas","ALA.TO","11705694448","37.5176","Canada"
"1834","American Financial Group","AFG","11699389440","141.09","United States"
"1835","Zydus Lifesciences","ZYDUSLIFE.NS","11684179692","11.7134","India"
"1836","Lodha Group","LODHA.NS","11681311035","11.6904","India"
"1837","Hyundai Glovis","086280.KS","11674306521","155.657","South Korea"
"1838","Sanmina","SANM","11667608576","217.69","United States"
"1839","Suzano","SUZ","11650564096","9.46","Brazil"
"1840","Guidewire Software","GWRE","11650063360","139.93","United States"
"1841","DaVita","DVA","11642588160","182.486","United States"
"1842","Sage Group","SGE.L","11633665571","12.9617","United Kingdom"
"1843","(HLBank) Hong Leong Bank","5819.KL","11633296946","5.67355","Malaysia"
"1844","HubSpot","HUBS","11631041536","227.21","United States"
"1845","LG Electronics India Ltd.","LGEINDIA.NS","11628791689","17.1321","India"
"1846","Iamgold","IAG","11628414976","20.365","Canada"
"1847","Axsome Therapeutics","AXSM","11621993472","221.875","United States"
"1848","Getlink","GET.PA","11621691670","21.4236","France"
"1849","Crane Company","CR","11616715776","200.98","United States"
"1850","Sichuan Chuantou Energy","600674.SS","11610712497","2.38188","China"
"1851","Taiwan Mobile","3045.TW","11605397831","3.82911","Taiwan"
"1852","First Horizon Corporation","FHN","11600434176","24.485","United States"
"1853","GarantiBank","GARAN.IS","11599130132","2.7617","Turkey"
"1854","AkzoNobel","AKZA.AS","11591194020","67.6266","Netherlands"
"1855","Li Auto","LI","11570930688","11.84","China"
"1856","Capcom","9697.T","11553159578","27.6187","Japan"
"1857","Cipla","CIPLA.NS","11550498326","14.2977","India"
"1858","Arrow Electronics","ARW","11511803904","226.141","United States"
"1859","Rohm","6963.T","11509211068","29.8139","Japan"
"1860","Elanco","ELAN","11494831104","23.015","United States"
"1861","Swatch","UHR.SW","11487871737","220.938","Switzerland"
"1862","Smith & Nephew","SNN","11467319296","27.4","United Kingdom"
"1863","BJ's Wholesale Club","BJ","11461794816","90.74","United States"
"1864","J&amp;T Global Express","1519.HK","11457614649","1.19035","China"
"1865","Zensho Holdings","7550.T","11450393063","73.1831","Japan"
"1866","Advanced Energy","AEIS","11430595584","285.405","United States"
"1867","Realtek","2379.TW","11425808453","22.2785","Taiwan"
"1868","CCL Industries","CCL-B.TO","11413046308","67.5093","Canada"
"1869","Eldorado Gold","EGO","11384371200","43.65","Canada"
"1870","Skanska","SKA-B.ST","11382261606","27.488","Sweden"
"1871","Ooredoo Qatar","ORDS.QA","11351999532","3.54396","Qatar"
"1872","Kakao","035720.KS","11350370369","25.7563","South Korea"
"1873","Puig Brands","PUIG.MC","11348256790","20.1463","Spain"
"1874","Bio-Techne","TECH","11343447040","72.335","United States"
"1875","Hyundai Engineering and Construction","000720.KS","11320938565","100.711","South Korea"
"1876","Aditya Birla Capital","ABCAPITAL.NS","11318102761","4.13439","India"
"1877","Orient Securities Company Limited (DFZQ)","600958.SS","11318032373","1.33206","China"
"1878","Hormel Foods","HRL","11312460800","20.555","United States"
"1879","Ternium","TX","11309285376","57.61","Luxembourg"
"1880","Saputo","SAP.TO","11308060733","28.488","Canada"
"1881","SCSK Corporation","9719.T","11306209179","36.1482","Japan"
"1882","Jack Henry &amp; Associates","JKHY","11294790656","161.095","United States"
"1883","China Eastern Airlines","600115.SS","11247713345","0.509229","China"
"1884","Lotus Bakeries","LOTB.BR","11233272003","13817.9","Belgium"
"1885","Rentokil Initial","RTO","11227461632","22.31","United Kingdom"
"1886","AIER Eye Hospital","300015.SZ","11193252523","1.20363","China"
"1887","Anker Innovations","300866.SZ","11190455959","19.0296","China"
"1888","Astra International","ASII.JK","11180623460","0.280075","Indonesia"
"1889","Dayforce","DAY","11180042240","69.86","United States"
"1890","Service Corporation International","SCI","11159554048","81.88","United States"
"1891","Generac","GNRC","11143056384","188.845","United States"
"1892","Laurus Labs","LAURUSLABS.NS","11135385322","20.6092","India"
"1893","Confluent","CFLT","11133729792","30.99","United States"
"1894","Bunzl","BNZL.L","11130560267","34.7179","United Kingdom"
"1895","Gartner","IT","11123377152","176.145","United States"
"1896","Deckers Brands","DECK","11112438784","81.6","United States"
"1897","China Resources Microelectronics","688396.SS","11105447018","8.36121","China"
"1898","G Mining Ventures","GMIN.TO","11104940129","37.4779","Canada"
"1899","Instacart (Maplebear Inc.)","CART","11103900672","47.965","United States"
"1900","Indian Railway Finance","IRFC.NS","11091952117","0.848754","India"
"1901","Thyssenkrupp","TKA.F","11085141576","17.8065","Germany"
"1902","LIG Defense & Aerospace","079550.KS","11057335379","506.167","South Korea"
"1903","SG Micro","300661.SZ","11055908932","16.1251","China"
"1904","Pharmaron Beijing","300759.SZ","11051577071","6.01517","China"
"1905","Jonhon Optronic Technology","002179.SZ","11046335043","5.25954","China"
"1906","Discovery Limited","DSY.JO","11043480700","16.5008","South Africa"
"1907","Menora Mivtachim Holdings","MMHD.TA","11010379576","176.216","Israel"
"1908","ENKA","ENKAI.IS","11009240990","1.87783","Turkey"
"1909","Salik Company","SALIK.AE","11006289685","1.46751","United Arab Emirates"
"1910","Huntington Ingalls Industries","HII","10989521920","278.889","United States"
"1911","Littelfuse","LFUS","10983180288","432.43","United States"
"1912","Seven Group Holdings
 (SGH)","SGH.AX","10979786228","27.073","Australia"
"1913","Nordex","NDX1.F","10952447248","46.2378","Germany"
"1914","Frontline","FRO","10950819840","49.19","Bermuda"
"1915","Yamaha Motor","7272.T","10948607373","11.2787","Japan"
"1916","Hero MotoCorp","HEROMOTOCO.NS","10938216900","54.6525","India"
"1917","SM Investments Corporation","SVTMF","10926007296","9","Philippines"
"1918","National Silicon Industry Group","688126.SS","10917376250","3.30327","China"
"1919","Knight-Swift Transportation","KNX","10916857856","67.075","United States"
"1920","Evercore","EVR","10912394240","283.75","United States"
"1921","Marico","MARICO.NS","10897083697","8.39544","India"
"1922","Bangkok Bank","BBL.BK","10881214668","5.70042","Thailand"
"1923","Indian Hotels Company","INDHOTEL.NS","10879068499","7.52041","India"
"1924","Unicaja Banco","UNI.MC","10878768472","4.23595","Spain"
"1925","lululemon athletica","LULU","10876152832","98.24","Canada"
"1926","M&G plc","MNG.L","10838892750","4.49736","United Kingdom"
"1927","Shinkin Central Bank","8421.T","10834296850","1244.15","Japan"
"1928","Edison","EDNR.MI","10833896534","2.28751","Italy"
"1929","GMR Airports","GMRAIRPORT.NS","10828642684","1.02554","India"
"1930","JFrog","FROG","10797496320","87.57","United States"
"1931","HDFC Asset Management Company Limited","HDFCAMC.NS","10789382134","25.1612","India"
"1932","Regal Rexnord","RRX","10780942336","161.95","United States"
"1933","Lufthansa","LHA.DE","10778518250","8.96656","Germany"
"1934","Vedanta","VEDL.NS","10777645470","2.7601","India"
"1935","Tempus AI","TEM","10777133056","59.7287","United States"
"1936","TFI International","TFII","10776328192","131.11","Canada"
"1937","LPP SA","LPP.WA","10765219036","5791.78","Poland"
"1938","Cathay Pacific","0293.HK","10763031494","1.76991","Hong Kong"
"1939","New York Times","NYT","10761647104","66.725","United States"
"1940","Petro Rabigh","2380.SR","10760096343","4.89682","Saudi Arabia"
"1941","Cognex","CGNX","10736045056","63.82","United States"
"1942","Hikari Tsushin","9435.T","10725416391","245.442","Japan"
"1943","Brookfield Property Partners","BPYPP","10725319680","16.23","Bermuda"
"1944","Indus Towers","INDUSTOWER.NS","10710011825","4.06113","India"
"1945","Globalstar","GSAT","10686389248","82.48","United States"
"1946","BIDV  (Commercial Bank for Investment and Development of Vietnam)","BID.VN","10682694393","1.3734","Vietnam"
"1947","EastGroup Properties","EGP","10676422656","198.545","United States"
"1948","Jefferies Financial Group","JEF","10667910144","52.45","United States"
"1949","Align Technology","ALGN","10667344896","150.16","United States"
"1950","Unicharm","8113.T","10665399673","6.19793","Japan"
"1951","Haisco Pharmaceutical Group","002653.SZ","10663708561","9.34681","China"
"1952","Vienna Insurance Group","WSV2.F","10656758321","83.2559","Austria"
"1953","Powerchip Semiconductor Manufacturing","6770.TW","10649830077","2.23734","Taiwan"
"1954","Pinterest","PINS","10649517056","18.805","United States"
"1955","Chang Hwa Commercial Bank","2801.TW","10640678056","0.882297","Taiwan"
"1956","Marks &amp; Spencer","MKS.L","10609295622","5.12786","United Kingdom"
"1957","BİM Birleşik Mağazalar","BIMAS.IS","10608825555","8.94671","Turkey"
"1958","Akeso","9926.HK","10606592915","11.5146","China"
"1959","Molina Healthcare","MOH","10592685056","202.925","United States"
"1960","Guangdong HAID Group","002311.SZ","10578278790","6.38403","China"
"1961","WH Group","0288.HK","10577026494","0.824384","Hong Kong"
"1962","Allison Transmission","ALSN","10574530560","128.055","United States"
"1963","Sime Darby Plantation","5285.KL","10574174812","1.52901","Malaysia"
"1964","Max Healthcare Institute","MAXHEALTH.NS","10571530156","10.8614","India"
"1965","Freedom Holding","FRHC","10570891264","165.72","Kazakhstan"
"1966","AES","AES","10566240256","14.8103","United States"
"1967","UMB Financial","UMBF","10552497152","138.94","United States"
"1968","TMX Group","X.TO","10548557051","38.3037","Canada"
"1969","SSAB","SSAB-B.ST","10534165074","10.5588","Sweden"
"1970","Novatek Microelectronics","3034.TW","10533419684","17.3101","Taiwan"
"1971","GameStop","GME","10531458048","20.875","United States"
"1972","Shoprite","SHP.JO","10517632400","19.4488","South Africa"
"1973","Clorox","CLX","10510718976","86.915","United States"
"1974","Beazley","BEZ.L","10507943034","17.6431","United Kingdom"
"1975","Antero Midstream","AM","10504535040","22.13","United States"
"1976","Qorvo","QRVO","10483817472","118.835","United States"
"1977","Sofina","SOF.VI","10477192092","296.563","Belgium"
"1978","Pilbara Minerals","PLS.AX","10468289072","3.24503","Australia"
"1979","Owens Corning","OC","10456559616","132.28","United States"
"1980","Chongqing Changan","000625.SZ","10451155013","1.0543","China"
"1981","Shimizu Corporation","1803.T","10434228376","15.3727","Japan"
"1982","Phoenix Group","PHNX.L","10432668584","10.4178","United Kingdom"
"1983","Popular, Inc. (Banco Popular de Puerto Rico)","BPOP","10429060096","163.52","United States"
"1984","Darling Ingredients","DAR","10425249792","66.065","United States"
"1985","CPFL Energia","CPFE3.SA","10421549374","9.04449","Brazil"
"1986","Verisure plc","VSURE.ST","10418863804","10.0766","Switzerland"
"1987","Enlight Renewable Energy","ENLT","10417619968","74.49","Israel"
"1988","Sanlam","SLM.JO","10416703600","4.98466","South Africa"
"1989","China Railway Group","0390.HK","10416599624","0.424625","China"
"1990","D'Ieteren Group","DIE.BR","10398876066","197.747","Belgium"
"1991","APR Co., Ltd.","278470.KS","10397314440","277.72","South Korea"
"1992","United Spirits","UNITDSPR.BO","10384021331","14.6242","India"
"1993","Lynas","LYC.AX","10383690159","10.3166","Australia"
"1994","Domino's Pizza","DPZ","10382702592","313.85","United States"
"1995","APA Group","APA.AX","10377891977","7.83976","Australia"
"1996","MGM Resorts","MGM","10372209664","40.54","United States"
"1997","Trelleborg AB","TREL-B.ST","10359462996","46.6739","Sweden"
"1998","GBL","GBLB.VI","10350489330","87.32","Belgium"
"1999","Porsche SE","PAH3.DE","10333980718","33.7436","Germany"
"2000","Nykaa","NYKAA.NS","10331649466","3.60582","India"
"2001","Universal Health Services","UHS","10329213952","175.26","United States"
"2002","Boubyan Bank","BOUBYAN.KW","10327302864","2188.52","Kuwait"
"2003","Ackermans &amp; Van Haaren","ACKB.BR","10316636212","315.838","Belgium"
"2004","Cytokinetics","CYTK","10307196928","74.14","United States"
"2005","Krystal Biotech","KRYS","10297139200","347.89","United States"
"2006","Tsingtao","600600.SS","10289930526","7.54286","China"
"2007","ViaSat","VSAT","10289670144","74.695","United States"
"2008","Oscar Health","OSCR","10273248256","33.285","United States"
"2009","Tata Consumer Products","TATACONSUM.NS","10265676514","10.3726","India"
"2010","Subsea 7","SUBC.OL","10259433096","34.643","Luxembourg"
"2011","Quebecor","QBR-B.TO","10255408192","45.5086","Canada"
"2012","Hensoldt","HAG.F","10254447116","88.7831","Germany"
"2013","CapitaLand Investment Limited","9CI.SI","10251472020","2.05295","Singapore"
"2014","South State Corp","SSB","10244874240","105.645","United States"
"2015","Focus Media Information Technology","002027.SZ","10244377483","0.709336","China"
"2016","Mitsubishi Chemical Holdings","4188.T","10235361688","7.53327","Japan"
"2017","Ashok Leyland","ASHOKLEY.NS","10224925589","1.74075","India"
"2018","Apogee Therapeutics","APGE","10223142912","135.07","United States"
"2019","Donaldson Company","DCI","10221036544","88.18","United States"
"2020","Mebuki Financial Group","7167.T","10209697807","10.8781","Japan"
"2021","Zhejiang Huayou Cobalt","603799.SS","10196613857","5.38498","China"
"2022","Wintrust Financial","WTFC","10194199552","151.125","United States"
"2023","Ambuja Cements","AMBUJACEM.NS","10191287599","4.10142","India"
"2024","Abivax","ABVX","10181209088","116.685","France"
"2025","Rakuten","4755.T","10180865535","4.66587","Japan"
"2026","Cullen/Frost Bankers","CFR","10171270144","163.66","United States"
"2027","Brenntag","BNR.DE","10163308497","70.3902","Germany"
"2028","Bank Albilad","1140.SR","10161096573","6.77406","Saudi Arabia"
"2029","Citic Pacific Special Steel Group","000708.SZ","10152504971","2.01153","China"
"2030","Aritzia","ATZ.TO","10141213965","88.5075","Canada"
"2031","Cooper Companies","COO","10133565440","53.291","United States"
"2032","Aisin Seiki","7259.T","10133562509","14.5291","Japan"
"2033","Aurobindo Pharma","AUROPHARMA.NS","10116389706","17.5822","India"
"2034","Hyundai Rotem Company","064350.KS","10111803946","92.6479","South Korea"
"2035","Gerdau","GGB","10104951808","5.15","Brazil"
"2036","The Ensign Group","ENSG","10100928512","173.31","United States"
"2037","Kikkoman","2801.T","10098115976","10.8846","Japan"
"2038","JSW Energy","JSWENERGY.NS","10096846890","5.51026","India"
"2039","Modine Manufacturing","MOD","10095664128","190.08","United States"
"2040","XP Inc.","XP","10060057600","19.825","Brazil"
"2041","Dongfeng Motor","0489.HK","10055763756","1.2185","China"
"2042","Zhejiang Zheneng Electric","600023.SS","10051944271","0.749657","China"
"2043","Federal Realty Investment Trust","FRT","10028193792","114.715","United States"
"2044","Lupin Limited","LUPIN.NS","10026920102","21.928","India"
"2045","XPeng","XPEV","10020318208","10.475","China"
"2046","Prio SA (Petro Rio)","PRIO3.SA","10016575107","12.5602","Brazil"
"2047","Glaukos","GKOS","10013703168","169.77","United States"
"2048","Avantor","AVTR","10013493248","14.805","United States"
"2049","PChem (Petronas Chemicals Group)","5183.KL","10009833236","1.25123","Malaysia"
"2050","Zions Bancorporation","ZION","9994886144","68.48","United States"
"2051","Kesko","KESKOA.HE","9990934763","25.0813","Finland"
"2052","Dr. Reddy's Laboratories","RDY","9970869248","11.97","India"
"2053","Match Group","MTCH","9962813440","42.71","United States"
"2054","Dillard's","DDS","9962242048","637.81","United States"
"2055","Globus Medical","GMED","9954179072","74.14","United States"
"2056","Bio-Rad Laboratories","BIO","9950345216","372.14","United States"
"2057","Renault","RNO.PA","9939230609","34.3474","France"
"2058","Wan Hai Lines","2615.TW","9938915196","3.54184","Taiwan"
"2059","Solstice Advanced Materials","SOLS","9934315520","62.54","United States"
"2060","FirstCash","FCFS","9932359680","229.005","United States"
"2061","Hanwha Systems","272210.KS","9897738595","52.931","South Korea"
"2062","Sirius XM","SIRI","9891227648","29.345","United States"
"2063","Mazagon Dock Shipbuilders Limited","MAZDOCK.NS","9875505466","24.4819","India"
"2064","Canadian Utilities","CU.TO","9867577640","36.2338","Canada"
"2065","Qantas Airways","QAN.AX","9853339905","6.51159","Australia"
"2066","Smiths Group","SMIN.L","9851663064","34.4608","United Kingdom"
"2067","Saipem","SPM.MI","9846850891","5.07496","Italy"
"2068","Old Republic International","ORI","9845634048","40.78","United States"
"2069","Shimano","7309.T","9840543129","116.696","Japan"
"2070","AtkinsRéalis","ATRL.TO","9839462043","61.4835","Canada"
"2071","BDO Unibank","BDOUY","9839101952","18.44","Philippines"
"2072","Paycom","PAYC","9830571008","218.11","United States"
"2073","Old National Bank","ONB","9811313664","25.6458","United States"
"2074","Isuzu","7202.T","9803668216","14.2653","Japan"
"2075","Advanced Drainage Systems","WMS","9798170624","129.94","United States"
"2076","Sainsbury's","SBRY.L","9795229454","4.49601","United Kingdom"
"2077","Italgas","IG.MI","9788294051","9.61914","Italy"
"2078","Ayvens","AYV.PA","9788013438","12.5523","France"
"2079","Equatorial Energia","EQTL3.SA","9783413224","7.78749","Brazil"
"2080","Ryan Specialty","RYAN","9779224576","38.16","United States"
"2081","OPC Energy","OPCE.TA","9778288340","31.5202","Israel"
"2082","Henry Schein","HSIC","9773861888","87.7","United States"
"2083","China Taiping Insurance","0966.HK","9752432151","2.71352","Hong Kong"
"2084","Bharat Forge","BHARATFORG.NS","9732411445","20.3569","India"
"2085","Komerční banka","KOMB.PR","9725047745","51.4945","Czech Republic"
"2086","First Majestic Silver","AG","9719473152","19.7187","Canada"
"2087","Luckin Coffee","LKNCY","9693734912","33.86","China"
"2088","IMI plc","IMI.L","9693601850","41.077","United Kingdom"
"2089","Range Resources","RRC","9683655680","41.4399","United States"
"2090","Budweiser APAC","1876.HK","9683339028","0.731936","Hong Kong"
"2091","BlueScope Steel","BSL.AX","9675060574","22.0853","Australia"
"2092","SailPoint","SAIL","9670469632","17.05","United States"
"2093","Evonik Industries","EVK.DE","9664143560","20.7385","Germany"
"2094","Leonardo DRS","DRS","9645459456","36.14","United States"
"2095","Demant","DEMANT.CO","9642486064","45.721","Denmark"
"2096","Siam Cement","SCC.BK","9642207688","8.03517","Thailand"
"2097","Bangkok Dusit Medical Services (BDMS)","BDMS.BK","9637357070","0.606428","Thailand"
"2098","Fukuoka Financial Group","8354.T","9634999853","50.9839","Japan"
"2099","OGE Energy","OGE","9632885760","46.63","United States"
"2100","Zhaojin Mining Industry Company","1818.HK","9621379494","2.71607","China"
"2101","bioMérieux","BIM.PA","9620904171","81.7464","France"
"2102","Murphy USA","MUSA","9609613312","522.82","United States"
"2103","Houlihan Lokey","HLI","9609042944","137.495","United States"
"2104","LG Innotek","011070.KS","9593146786","405.381","South Korea"
"2105","VIAVI Solutions","VIAV","9586230272","38.85","United States"
"2106","Silicon Motion","SIMO","9582124032","282.594","Hong Kong"
"2107","Snap","SNAP","9580635136","5.665","United States"
"2108","Forgent Power Solutions","FPS","9574319104","31.4501","United States"
"2109","Jyske Bank","JYSK.CO","9562199744","169.901","Denmark"
"2110","The Weir Group","WEIR.L","9561142023","36.8286","United Kingdom"
"2111","Mankind Pharma","MANKIND.NS","9559819879","23.8644","India"
"2112","Aptiv","APTV","9559438336","46.04","Ireland"
"2113","Sodexo","SW.PA","9557319739","65.49","France"
"2114","Acuity Brands","AYI","9546296320","318.895","United States"
"2115","SPX Technologies","SPXC","9535095808","190.375","United States"
"2116","Janus Living","JAN","9519721472","30.68","United States"
"2117","Syensqo","SYENS.BR","9519402487","93.3581","Belgium"
"2118","Dundee Precious Metals","DPM.TO","9510115183","43.3522","Canada"
"2119","KT Corporation","KT","9503840256","19.955","South Korea"
"2120","Korea Aerospace Industries","047810.KS","9496596504","97.4259","South Korea"
"2121","Andritz","AZ2.F","9490362003","96.8416","Austria"
"2122","Tianqi Lithium","002466.SZ","9484090073","6.42136","China"
"2123","Alchip Technologies","3661.TW","9482067750","115.506","Taiwan"
"2124","Protagonist Therapeutics","PTGX","9470057472","146.35","United States"
"2125","Lineage","LINE","9468238848","37.76","United States"
"2126","Sunny Optical","2382.HK","9464856302","8.81128","China"
"2127","MIXUE Group","2097.HK","9463580843","24.9292","China"
"2128","Banca Transilvania","TLV.RO","9454258962","7.58537","Romania"
"2129","Praxis Precision Medicines","PRAX","9448123392","338.4","United States"
"2130","Flowserve","FLS","9447021568","74.32","United States"
"2131","Merlin Properties","MRL.MC","9432976028","15.2346","Spain"
"2132","Stora Enso","STEAV.HE","9431939187","11.9601","Finland"
"2133","Centrica","CNA.L","9431400485","2.04167","United Kingdom"
"2134","Bentley Systems","BSY","9431340032","31.22","United States"
"2135","Pearson","PSO","9426605056","15.685","United Kingdom"
"2136","Orkla","ORK.OL","9426078582","9.80116","Norway"
"2137","Life Time Group","LTH","9425625088","42.18","United States"
"2138","Rambus","RMBS","9404704768","86.71","United States"
"2139","Kymera Therapeutics","KYMR","9397928960","114.25","United States"
"2140","IDBI Bank","IDBI.NS","9389501222","0.873247","India"
"2141","Sanrio Company","8136.T","9386286718","7.74171","Japan"
"2142","PBF Energy","PBF","9383376896","79.16","United States"
"2143","Madison Square Garden Sports","MSGS","9371310080","389.175","United States"
"2144","Vanguard International Semiconductor","5347.TWO","9361977179","4.98418","Taiwan"
"2145","Repligen","RGEN","9345174528","165.59","United States"
"2146","Hotai Motor","2207.TW","9343812716","16.7722","Taiwan"
"2147","Jackson Financial","JXN","9341825024","137.93","United States"
"2148","Saia","SAIA","9332273152","350.77","United States"
"2149","Valmont Industries","VMI","9331871744","483.395","United States"
"2150","Dino Polska","DNP.WA","9323297285","9.50969","Poland"
"2151","Sasol","SSL","9314277376","14.53","South Africa"
"2152","Companhia Paranaense de Energia (COPEL)","ELPC","9313440768","12.545","Brazil"
"2153","Gaztransport & Technigaz","GTT.PA","9308427209","251.045","France"
"2154","Voya Financial","VOYA","9307869184","102.74","United States"
"2155","Ryder","R","9302950912","242.6","United States"
"2156","Empresas Copec","COPEC.SN","9297369285","7.15263","Chile"
"2157","OTE Group","OTE.F","9278776749","22.5732","Greece"
"2158","NIBE Industrier","NIBE-B.ST","9278617828","4.60234","Sweden"
"2159","Dycom Industries","DY","9273287680","307.46","United States"
"2160","Red Eléctrica","RED.MC","9273130004","17.1853","Spain"
"2161","Chandra Asri Petrochemical","TPIA.JK","9272332134","0.107239","Indonesia"
"2162","Bid Corp","BID.JO","9270231900","27.7349","South Africa"
"2163","Pandora","PNDORA.CO","9267803213","123.9","Denmark"
"2164","Enel Américas","ENELAM.SN","9267010545","0.0899809","Chile"
"2165","Godrej","GODREJCP.NS","9264797616","9.0538","India"
"2166","San’an Optoelectronics","600703.SS","9260722165","1.85622","China"
"2167","Legence Corp.","LGN","9257456640","56.35","United States"
"2168","Ascendas Reit","A17U.SI","9229434326","1.84766","Singapore"
"2169","Kinetik","KNTK","9224776704","54.52","United States"
"2170","Banca Popolare di Sondrio","BPSO.MI","9223399404","20.5062","Italy"
"2171","Affiliated Managers Group","AMG","9222686720","356.64","United States"
"2172","Qingdao Port International","601298.SS","9218440343","1.42017","China"
"2173","On Holding","ONON","9212627968","27.565","Switzerland"
"2174","FactSet","FDS","9212186624","259.02","United States"
"2175","NIO","NIO","9208326144","3.675","China"
"2176","Westlake Corporation","WLK","9194321920","71.945","United States"
"2177","AL Sydbank A/S","ALSYDB.CO","9193378717","108.323","Denmark"
"2178","Chongqing Rural Commercial Bank","3618.HK","9188744962","0.809082","China"
"2179","HELLA","HLE.F","9186148265","82.6753","Germany"
"2180","Tetra Tech","TTEK","9184313344","35.87","United States"
"2181","NGK Insulators","5333.T","9169534971","32.5758","Japan"
"2182","Insulet","PODD","9164464128","132.14","United States"
"2183","CareTrust REIT","CTRE","9161086976","38.77","United States"
"2184","Ionis Pharmaceuticals","IONS","9155924992","55.095","United States"
"2185","Oshkosh Corporation","OSK","9154152448","148.27","United States"
"2186","MP Materials","MP","9146406912","51.355","United States"
"2187","360 Security Technology","601360.SS","9135674403","1.30518","China"
"2188","Niterra","5334.T","9135375944","46.9323","Japan"
"2189","Vicor","VICR","9133744128","198.1","United States"
"2190","YTO Express","600233.SS","9124906530","2.66412","China"
"2191","JSC Halyk Bank","H4L1.F","9120692880","33.4417","Kazakhstan"
"2192","Medibank","MPL.AX","9114764553","3.30964","Australia"
"2193","Pentair","PNR","9108371456","57.07","United Kingdom"
"2194","China Merchants Shekou Industrial Zone","001979.SZ","9101663609","1.0095","China"
"2195","New Oriental","EDU","9099148288","54.58","China"
"2196","Wynn Resorts","WYNN","9098772480","88.36","United States"
"2197","InterDigital","IDCC","9094811648","352.43","United States"
"2198","Sibanye-Stillwater","SBSW","9092764672","12.57","South Africa"
"2199","Barito Pacific","BRPT.JK","9087329139","0.0969711","Indonesia"
"2200","Addtech AB","ADDT-B.ST","9076540184","33.6217","Sweden"
"2201","Financière de Tubize","TUB.BR","9076187760","203.902","Belgium"
"2202","Indutrade","INDT.ST","9074019363","24.9065","Sweden"
"2203","Genscript Biotech","1548.HK","9070218130","4.12638","China"
"2204","Gildan","GIL","9068845056","48.97","Canada"
"2205","SM Energy","SM","9066996736","38.12","United States"
"2206","Shenzhen Transsion Holdings","688036.SS","9064864202","7.87438","China"
"2207","SBI Shinsei Bank","8303.T","9062458557","10.217","Japan"
"2208","Mallplaza","MALLPLAZA.SN","9060945066","4.13742","Chile"
"2209","Mengniu Dairy","2319.HK","9048086144","2.34117","China"
"2210","Primerica","PRI","9036230656","293.6","United States"
"2211","InPost","INPST.AS","9032468595","18.0678","Luxembourg"
"2212","TIM S.A.","TIMB","9021257728","18.99","Brazil"
"2213","Persistent Systems","PERSISTENT.NS","9019995896","57.735","India"
"2214","Storebrand","STB.OL","9016252068","21.6249","Norway"
"2215","Booz Allen Hamilton","BAH","9012953088","74.93","United States"
"2216","Crinetics Pharmaceuticals","CRNX","9012787200","84.95","United States"
"2217","Applied Optoelectronics","AAOI","8995812352","105.95","United States"
"2218","10x Genomics","TXG","8970547200","68.85","United States"
"2219","Suntory","2587.T","8968938518","29.0257","Japan"
"2220","FormFactor","FORM","8967088128","114.785","United States"
"2221","CubeSmart","CUBE","8932045824","39.46","United States"
"2222","Federal Bank","FEDERALBNK.NS","8906639333","3.60582","India"
"2223","Agree Realty","ADC","8903631872","71.385","United States"
"2224","Autoliv","ALV","8903448576","121.57","Sweden"
"2225","Voestalpine","VAS.F","8895046649","51.8811","Austria"
"2226","CSPC Innovation Pharmaceutical","300765.SZ","8893545905","6.33176","China"
"2227","West Japan Railway","9021.T","8887117021","19.5285","Japan"
"2228","China Merchants Port","0144.HK","8880772211","2.11547","Hong Kong"
"2229","Ramsay Health Care","RHC.AX","8874245485","38.445","Australia"
"2230","MinebeaMitsumi","6479.T","8870631314","22.0885","Japan"
"2231","The Toro Company","TTC","8867118080","93.67","United States"
"2232","Securitas AB","SECU-B.ST","8866637844","15.4891","Sweden"
"2233","Shiseido","4911.T","8860931479","22.1732","Japan"
"2234","Brixmor Property Group","BRX","8842525696","28.815","United States"
"2235","Brinker International","EAT","8833716224","211.51","United States"
"2236","Finning","FTT.TO","8827974813","67.6139","Canada"
"2237","Thai Beverage","Y92.SI","8824814881","0.351143","Thailand"
"2238","Makita","6586.T","8821312505","34.2368","Japan"
"2239","Hainan Airlines","900945.SS","8815989760","0.204","China"
"2240","Nordnet AB","SAVE.ST","8812175421","35.4598","Sweden"
"2241","Multi Commodity Exchange","MCX.NS","8801179171","34.5803","India"
"2242","SK Innovation","096775.KS","8799136263","51.9605","South Korea"
"2243","CarMax","KMX","8797069312","61.99","United States"
"2244","Kyoto Financial Group","5844.T","8788929348","31.3642","Japan"
"2245","ENN Natural Gas Co.,Ltd.","600803.SS","8775889769","2.83534","China"
"2246","Qiagen","QGEN","8773972992","42.49","Netherlands"
"2247","Banca Generali","BGN.MI","8772189237","76.7534","Italy"
"2248","Vaxcyte","PCVX","8761655296","58.88","United States"
"2249","SPIE","SPIE.PA","8756168726","51.8346","France"
"2250","Sagax","SAGA-B.ST","8755810539","17.6989","Sweden"
"2251","Central Pattana","CPN.BK","8743299366","1.94815","Thailand"
"2252","Toho Co.","9602.T","8740130493","10.5068","Japan"
"2253","Elastic NV","ESTC","8726875136","83.12","United States"
"2254","Buenaventura Mining Company","BVN","8719369216","34.33","Peru"
"2255","American Airlines","AAL","8715561984","13.1661","United States"
"2256","Otsuka","4768.T","8714372696","22.9809","Japan"
"2257","Liberty Live Holdings","LLYVA","8707388416","94.64","United States"
"2258","ImmunityBio","IBRX","8695956480","8.205","United States"
"2259","Zain (Mobile Telecommunications Company)","ZAIN.KW","8693634630","2009.13","Kuwait"
"2260","PB Fintech","POLICYBZR.NS","8693029976","18.812","India"
"2261","Lear Corporation","LEA","8686343168","130.475","United States"
"2262","Aurubis","NDA.F","8684152820","198.908","Germany"
"2263","DB Insurance","005830.KS","8679004215","143.115","South Korea"
"2264","Tingyi (master kang)","0322.HK","8676529502","1.53911","China"
"2265","Alexandria Real Estate Equities","ARE","8668439552","50.37","United States"
"2266","Mitsui Mining &amp; Smelting","5706.T","8661659244","151.382","Japan"
"2267","Rural Electrification Corp","RECLTD.NS","8658761470","3.28827","India"
"2268","ASMPT
 (ASM Pacific Technology)","0522.HK","8652798229","20.6319","Hong Kong"
"2269","Shanghai Airport (AVINEX)","600009.SS","8650607554","3.47649","China"
"2270","Mohawk Industries","MHK","8648467456","127.675","United States"
"2271","TeraWulf","WULF","8647127040","17.33","United States"
"2272","Kratos Defense &amp; Security Solutions","KTOS","8646445056","46.06","United States"
"2273","Toppan","7911.T","8643683684","30.7779","Japan"
"2274","Western Alliance Bancorporation","WAL","8625514496","79.06","United States"
"2275","Accelleron Industries","ACLN.SW","8617241132","91.6277","Switzerland"
"2276","Rexford Industrial","REXR","8617232384","37.69","United States"
"2277","A2A","A2A.MI","8616614240","2.7543","Italy"
"2278","Fosun Pharma","600196.SS","8613773894","3.22561","China"
"2279","Hulic","3003.T","8608680264","11.3374","Japan"
"2280","Bank of Ayudhya","BAY.BK","8586926056","1.16737","Thailand"
"2281","China Zheshang Bank","2016.HK","8580269410","0.312412","China"
"2282","AGCO","AGCO","8579587072","122.51","United States"
"2283","Sembcorp","U96.SI","8575432500","4.81654","Singapore"
"2284","Prosperity Bancshares","PB","8571006976","71.32","United States"
"2285","ENGIE Brasil","EGIE3.SA","8568113928","6.0493","Brazil"
"2286","YANGHE","002304.SZ","8564356919","5.68514","China"
"2287","Eisai","4523.T","8563469862","30.3415","Japan"
"2288","Coforge","COFORGE.NS","8561429793","19.327","India"
"2289","Abu Dhabi Ports","ADPORTS.AE","8550545980","1.68","United Arab Emirates"
"2290","MISC Berhad","3816.KL","8547832524","1.91495","Malaysia"
"2291","Jardine Cycle &amp; Carriage","C07.SI","8544671344","21.6191","Singapore"
"2292","Ryman Hospitality Properties","RHP","8544049152","123.855","United States"
"2293","Dixon Technologies","DIXON.NS","8543703383","140.517","India"
"2294","PhosAgro","PHOR.ME","8533552570","66.37","Russia"
"2295","Ecopro","086520.KQ","8532375168","63.0095","South Korea"
"2296","Shree Cement","SHREECEM.NS","8523576134","236.236","India"
"2297","Full Truck Alliance","YMM","8508349440","8.135","China"
"2298","Xero","XRO.AX","8503955055","48.137","New Zealand"
"2299","Vista Energy","VIST","8495417344","76.8","Mexico"
"2300","CITIC Metal","601061.SS","8488142596","1.73227","China"
"2301","Info Edge","NAUKRI.NS","8480115491","13.0919","India"
"2302","SalMar ASA","SALM.OL","8479501295","62.5617","Norway"
"2303","Turkish Airlines","THYAO.IS","8479112906","6.17884","Turkey"
"2304","RHB Bank","1066.KL","8476569632","1.94199","Malaysia"
"2305","StoneX Group","SNEX","8474532352","70.26","United States"
"2306","Columbia Banking System","COLB","8471508480","29.945","United States"
"2307","Tokyo Century","8439.T","8462334074","17.3138","Japan"
"2308","Mineral Resources","MIN.AX","8462313564","42.6233","Australia"
"2309","Huadian Power International","600027.SS","8462077421","0.72875","China"
"2310","PGE Polska","PGE.WA","8459460779","3.7703","Poland"
"2311","Twist Bioscience","TWST","8452073984","127.48","United States"
"2312","Svenska Cellulosa Aktiebolaget (SCA)","SCA-B.ST","8449104441","12.0299","Sweden"
"2313","Infratil","IFT.NZ","8443500748","8.44931","New Zealand"
"2314","Dai Nippon Printing","7912.T","8441919254","19.7305","Japan"
"2315","First Industrial Realty Trust","FR","8432147968","61.54","United States"
"2316","Zabka Group","ZAB.WA","8429442681","8.45126","Poland"
"2317","KBC Ancora","KBCA.BR","8423728995","109.382","Belgium"
"2318","JD Logistics","2618.HK","8418262057","1.37589","China"
"2319","PetGas (Petronas Gas)","6033.KL","8414960976","4.2527","Malaysia"
"2320","Motor Oil (Hellas) Corinth Refineries","MOH.AT","8412873073","77.4501","Greece"
"2321","GS Holdings Corp.","078930.KS","8410984341","88.8404","South Korea"
"2322","Kunlun Tech","300418.SZ","8407110134","6.54232","China"
"2323","Element Solutions","ESI","8385404416","34.41","United States"
"2324","Nedbank","NED.JO","8384025600","18.3496","South Africa"
"2325","TG Therapeutics","TGTX","8379795456","54.74","United States"
"2326","Nippon Express","9147.T","8361468081","35.1878","Japan"
"2327","Commerce Bancshares","CBSH","8357792768","58.27","United States"
"2328","Taesa (Transmissora Aliança de Energia Elétrica)","TAEE11.SA","8356907862","8.08603","Brazil"
"2329","Founder Securities","601901.SS","8347166897","1.01398","China"
"2330","NNN REIT","NNN","8342382080","43.85","United States"
"2331","Oil India","OIL.NS","8339045720","5.12665","India"
"2332","Alstom","ALO.PA","8333002811","18.0128","France"
"2333","AU Small Finance Bank","AUBANK.NS","8306012942","11.0833","India"
"2334","Japan Airlines","9201.T","8298708157","19.3071","Japan"
"2335","HD Hyundai Marine Solution","443060.KS","8266894772","184.4","South Korea"
"2336","Bank Muscat","BKMB.OM","8266785541","1.1013","Oman"
"2337","Chord Energy","CHRD","8266489856","151.13","United States"
"2338","Auckland Airport","AIA.AX","8262465580","4.86036","New Zealand"
"2339","PSP Swiss Property","PSPN.SW","8259159134","180.064","Switzerland"
"2340","Lincoln National Corporation","LNC","8253294592","43.11","United States"
"2341","VPBank (Vietnam Prosperity Joint Stock Commercial Bank)","VPB.VN","8248880930","1.0397","Vietnam"
"2342","Sangfor Technologies","300454.SZ","8243342316","19.1013","China"
"2343","Bank of the Philippine Islands","BPHLY","8238492672","31.11","Philippines"
"2344","BOK Financial","BOKF","8234822144","135.515","United States"
"2345","China Rare Earth Resources And Technology","000831.SZ","8229675118","7.75491","China"
"2346","Hess Midstream","HESM","8220331520","39.87","United States"
"2347","Bruker","BRKR","8211405312","53.895","United States"
"2348","ANA Holdings","9202.T","8209177849","19.1182","Japan"
"2349","Credito Emiliano","CE.MI","8198050066","24.1059","Italy"
"2350","Figure Technology Solutions","FIGR","8192035840","36.51","United States"
"2351","TMBThanachart Bank (ttb)","TTB.BK","8188971210","0.0903578","Thailand"
"2352","Quiñenco","QUINENCO.SN","8188233072","4.92448","Chile"
"2353","AECOM","ACM","8183805440","63.59","United States"
"2354","Timken Company","TKR","8174948352","117.97","United States"
"2355","BKW AG","BKW.SW","8167757544","154.779","Switzerland"
"2356","Kunlun Energy Company","0135.HK","8166752143","0.947436","Hong Kong"
"2357","UGI Corporation","UGI","8148663808","37.99","United States"
"2358","Hualu Hengsheng","600426.SS","8145459180","2.96205","China"
"2359","Kinsale Capital Group","KNSL","8142603264","357.47","United States"
"2360","AirTAC International","1590.TW","8132911213","40.6646","Taiwan"
"2361","NewMarket Corp","NEU","8129669120","884.005","United States"
"2362","Meridian Energy","MEZ.AX","8119399641","3.06555","New Zealand"
"2363","Riot Platforms","RIOT","8116850688","21.63","United States"
"2364","Procore","PCOR","8100739584","53.31","United States"
"2365","Bharti Hexacom","BHARTIHEXA.NS","8085618820","16.1712","India"
"2366","Chewy","CHWY","8084766720","20.115","United States"
"2367","Compass","COMP","8083220480","10.5299","United States"
"2368","MBME GROUP","MBME.AE","8073257081","2.94","United Arab Emirates"
"2369","OUTsurance Group","OUT.JO","8065295600","5.20971","South Africa"
"2370","Ecopro BM","247540.KQ","8055404126","82.3454","South Korea"
"2371","Acciona Energías Renovables","ANE.MC","8049670535","24.8026","Spain"
"2372","Konecranes","KCR.HE","8046521367","33.8597","Finland"
"2373","Commercial International Bank","CIN.F","8045151000","2.43846","Egypt"
"2374","Hiscox","HSX.L","8044830185","25.3416","Bermuda"
"2375","VZ Holding","VZN.SW","8043815099","204.244","Switzerland"
"2376","Avnet","AVT","8043561984","98.005","United States"
"2377","NHPC Limited","NHPC.NS","8030560074","0.799456","India"
"2378","The Mosaic Company","MOS","8030044160","25.26","United States"
"2379","Ultrapar Participacoes","UGP","8029446656","7.535","Brazil"
"2380","Melrose Industries","MRO.L","8025198784","6.44027","United Kingdom"
"2381","Pirelli","PIRC.MI","8005602387","7.37924","Italy"
"2382","The Hachijuni Bank","8359.T","8004809379","17.6102","Japan"
"2383","Indoritel","DNET.JK","7989675164","0.563288","Indonesia"
"2384","Hyundai Autoever Corporation","307950.KS","7984452945","291.158","South Korea"
"2385","Investec","INVR.L","7978939614","9.04733","United Kingdom"
"2386","Smithfield Foods","SFD","7978633728","20.2623","United States"
"2387","IndusInd Bank","INDUSINDBK.NS","7977384958","10.2386","India"
"2388","Lithia Motors","LAD","7973166592","362.695","United States"
"2389","Bank Negara Indonesia","BBNI.JK","7969482405","0.213907","Indonesia"
"2390","Buzzi Unicem","BZU.MI","7968849799","45.1463","Italy"
"2391","Davide Campari-Milano","CPR.MI","7968824235","6.64422","Italy"
"2392","Capstone Copper","CS.TO","7967045978","10.4288","Canada"
"2393","Yuntianhua","600096.SS","7965155679","4.36928","China"
"2394","Lion Finance Group PLC","BGEO.L","7962760552","184.955","United Kingdom"
"2395","Zhejiang Chint Electrics","601877.SS","7958668365","3.70348","China"
"2396","StandardAero","SARO","7955303424","24.04","United States"
"2397","AptarGroup","ATR","7953045504","125.085","United States"
"2398","HealthEquity","HQY","7940668416","96","United States"
"2399","Choice Properties REIT","CHP-UN.TO","7924307612","10.948","Canada"
"2400","Metlen Energy &amp; Metals","MTLN.AT","7912350847","55.5736","Greece"
"2401","Waaree Energies Limited (WEL)","WAAREEENER.NS","7903336275","27.4754","India"
"2402","Canadian Tire","CTC.TO","7898819682","151.455","Canada"
"2403","Pure Health Holding","PUREHEALTH.AE","7895668356","0.71","United Arab Emirates"
"2404","Vicinity Centres","VCX.AX","7895467918","1.70149","Australia"
"2405","WiseTech Global","WTC.AX","7892702993","23.469","Australia"
"2406","Games Workshop Group","GAW.L","7891322314","238.804","United Kingdom"
"2407","Schaeffler","SHA0.DE","7888668171","8.34882","Germany"
"2408","Galaxy Digital Holdings","7LX.F","7887111260","22.3715","United States"
"2409","Paylocity","PCTY","7885851648","142.431","United States"
"2410","Idacorp","IDA","7875772928","136.16","United States"
"2411","Localiza","RENT3.SA","7868876864","7.12364","Brazil"
"2412","First International Bank of Israel","FIBI.TA","7852169243","78.289","Israel"
"2413","A. O. Smith","AOS","7852118016","57.775","United States"
"2414","GitLab","GTLB","7846733824","47.095","United States"
"2415","Celcomdigi","6947.KL","7844076926","0.668633","Malaysia"
"2416","Hindustan Petroleum","HINDPETRO.NS","7839580325","3.68432","India"
"2417","Wuhan Guide Infrared","002414.SZ","7838143917","1.83531","China"
"2418","Fortune Electric Co., Ltd.","1519.TW","7829050235","22.5316","Taiwan"
"2419","Hanover Insurance Group","THG","7815398400","224.45","United States"
"2420","Stantec","STN","7807283200","69.46","Canada"
"2421","A1 Telekom Austria","TA1.F","7803691151","11.751","Austria"
"2422","Hitachi Construction Machinery","6305.T","7799979867","36.6925","Japan"
"2423","Wallenius Wilhelmsen","WAWI.OL","7797903989","18.4404","Norway"
"2424","Spyre Therapeutics","SYRE","7793678848","88.39","United States"
"2425","Levi Strauss &amp; Co.","LEVI","7789375488","20.24","United States"
"2426","IDFC FIRST Bank","IDFCFIRSTB.NS","7779752145","0.902345","India"
"2427","Akbank","AKBNK.IS","7779673193","1.49609","Turkey"
"2428","Sojitz Corporation","2768.T","7777914684","37.383","Japan"
"2429","Eastman Chemical","EMN","7773639168","67.995","United States"
"2430","Dahua Technology","002236.SZ","7772332911","2.3774","China"
"2431","Central Bancompany","CBC","7755176448","32.38","United States"
"2432","GAC (Guangzhou Automobile Group)","601238.SS","7750890752","0.76011","China"
"2433","National Fuel Gas","NFG","7749026816","81.53","United States"
"2434","Sunway","5211.KL","7744238433","1.14553","Malaysia"
"2435","Steel Authority of India","SAIL.NS","7738789744","1.87356","India"
"2436","Dropbox","DBX","7738783232","35.59","United States"
"2437","Nemetschek","NEM.F","7732335756","66.9995","Germany"
"2438","Rational AG","RAA.F","7730068733","679.865","Germany"
"2439","CAE Inc.","CAE","7724378112","24","Canada"
"2440","Commercial Bank of Dubai","CBD.AE","7721234977","2.58651","United Arab Emirates"
"2441","Alkermes","ALKS","7720465408","46.02","Ireland"
"2442","Petrovietnam Gas","GAS.VN","7717045577","3.19818","Vietnam"
"2443","Dutch Bros","BROS","7715689472","43.99","United States"
"2444","Yes Bank","YESBANK.NS","7714053574","0.245761","India"
"2445","Clearway Energy","CWEN","7712554496","31.271","United States"
"2446","Pegatron","4938.TW","7705363480","2.87975","Taiwan"
"2447","Immunovant","IMVT","7704415232","37.3","United States"
"2448","SRF Limited","SRF.NS","7701468385","25.9828","India"
"2449","Omron","6645.T","7688731011","39.1027","Japan"
"2450","The Lottery Corporation","TLC.AX","7686095240","3.45323","Australia"
"2451","ASX","ASX.AX","7685082929","39.328","Australia"
"2452","Apar Industries","APARINDS.NS","7669728630","183.169","India"
"2453","NTPC Green Energy","NTPCGREEN.NS","7667836770","0.909985","India"
"2454","ALS Global","ALQ.AX","7662876046","15.098","Australia"
"2455","AGC","5201.T","7660448576","36.0672","Japan"
"2456","Food &amp; Life Companies","3563.T","7655147434","33.6831","Japan"
"2457","Randstad","RAND.AS","7647953849","43.5903","Netherlands"
"2458","Zurn Elkay Water Solutions","ZWS","7643017728","46.08","United States"
"2459","Valley Bank","VLY","7639767552","13.825","United States"
"2460","Yealink Network Technology","300628.SZ","7633975779","6.02563","China"
"2461","ICICI Lombard","ICICIGI.NS","7633598772","15.2795","India"
"2462","Swiggy","SWIGGY.NS","7629103033","2.91187","India"
"2463","Zurich Airport","FHZN.SW","7626353897","248.432","Switzerland"
"2464","Korea Investment Holdings","071050.KS","7622492721","144.534","South Korea"
"2465","Orica","ORI.AX","7616646585","16.4314","Australia"
"2466","SM Prime Holdings","SPHXF","7613118976","0.2672","Philippines"
"2467","St. James's Place","STJ.L","7603036034","15.2483","United Kingdom"
"2468","NKT A/S","NKT.CO","7602129675","142.228","Denmark"
"2469","KakaoBank","323410.KS","7594610907","15.939","South Korea"
"2470","China Resources Beer","0291.HK","7586494952","2.33862","Hong Kong"
"2471","National Mineral Development Corporation","NMDC.NS","7582643401","0.862466","India"
"2472","Core &amp; Main","CNM","7574172160","41.065","United States"
"2473","Avolta AG","AVOL.SW","7572975082","53.516","Switzerland"
"2474","Cinda Securities","601059.SS","7564610959","2.3326","China"
"2475","Zeta Global","ZETA","7563722240","30.345","United States"
"2476","Matador Resources","MTDR","7561382400","61.1","United States"
"2477","Applied Digital","APLD","7548265984","26.55","United States"
"2478","CTP N.V.","CTPNV.AS","7547442040","15.3971","Netherlands"
"2479","Telekom Malaysia","4863.KL","7547175314","1.96657","Malaysia"
"2480","Kingboard Holdings","0148.HK","7545565872","6.72641","Hong Kong"
"2481","Grupo Aeroportuario del Sureste
(ASUR)","ASR","7542854144","251.16","Mexico"
"2482","JFE Holdings","5411.T","7541530183","11.8552","Japan"
"2483","Shanghai Commercial and Savings Bank","5876.TW","7536810523","1.53849","Taiwan"
"2484","Gap Inc.","GAP","7532987904","21.445","United States"
"2485","Industrial Securities","601377.SS","7531534188","0.87211","China"
"2486","Meiji Holdings","2269.T","7519310465","27.7295","Japan"
"2487","Galicia Financial Group","GGAL","7518648832","44.37","Argentina"
"2488","Smoore International Holdings","6969.HK","7517186642","1.2133","China"
"2489","South Bow","SOBO","7515429888","36.03","Canada"
"2490","Oracle Corp Japan","4716.T","7509019812","58.5921","Japan"
"2491","Taiyo Yuden","6976.T","7507069770","59.9861","Japan"
"2492","AT&amp;S Austria Technologie &amp; Systemtechnik","ATS.VI","7506549219","193.219","Austria"
"2493","Deutsche Wohnen","DWNI.DE","7503596242","18.9039","Germany"
"2494","Desay SV","002920.SZ","7494428334","12.5575","China"
"2495","kyowa Kirin","4151.T","7474252891","14.2751","Japan"
"2496","Silan Microelectronics","600460.SS","7472468700","4.49047","China"
"2497","Samsung E&A","028050.KS","7462597169","38.0745","South Korea"
"2498","Edenred","EDEN.PA","7448433175","32.5128","France"
"2499","Swissquote","SQN.SW","7447151074","49.6864","Switzerland"
"2500","Intermediate Capital Group (ICG)","ICG.L","7438497753","25.7475","United Kingdom"
"2501","NOV","NOV","7430786048","20.845","United States"
"2502","Tongwei Co.,Ltd","600438.SS","7428917047","1.65014","China"
"2503","Kanzhun","BZ","7424903680","16.575","China"
"2504","IOI Corporation Berhad","1961.KL","7416164225","1.17994","Malaysia"
"2505","Ralliant Corporation","RAL","7413987328","67.01","United States"
"2506","Computacenter","CCC.L","7412147521","70.6264","United Kingdom"
"2507","Yokogawa Electric Corporation","6841.T","7408525215","29.7553","Japan"
"2508","VinFast Auto","VFS","7404631552","3.165","Vietnam"
"2509","Empire Company","EMP-A.TO","7403523592","33.0965","Canada"
"2510","Barry Callebaut","BARN.SW","7402598132","1350.17","Switzerland"
"2511","Halkbank","HALKB.IS","7392766643","1.02895","Turkey"
"2512","SSR Mining","SSRM","7388654080","36.235","Canada"
"2513","ICL Group","ICL","7382908416","5.72","Israel"
"2514","Primo Brands","PRMB","7381841920","20.395","United States"
"2515","Lottomatica Group","LTMC.MI","7377273377","31.7348","Italy"
"2516","Hanwha Corporation","000880.KS","7371918061","102.502","South Korea"
"2517","Commercial Metals Company","CMC","7369793536","66.62","United States"
"2518","AppFolio","APPF","7363369472","207.905","United States"
"2519","First American Financial Corporation","FAF","7342521344","71.915","United States"
"2520","Posco International","047050.KS","7342137901","43.0764","South Korea"
"2521","Kirby Corporation","KEX","7340519424","139.025","United States"
"2522","Lumen Technologies","LUMN","7338733568","7.115","United States"
"2523","M3, Inc","2413.T","7335082751","11.0084","Japan"
"2524","Bajaj Housing Finance Limited (BHFL)","BAJAJHFL.NS","7332255961","0.880364","India"
"2525","Silicon Labs","SLAB","7328341504","219.63","United States"
"2526","Axalta","AXTA","7328045056","34.24","United States"
"2527","Shandong Hi-Speed","600350.SS","7327950809","1.51574","China"
"2528","Discovery Silver Corp.","DSV.TO","7327670561","9.00076","Canada"
"2529","CSN Mineração","CMIN3.SA","7321645129","1.36306","Brazil"
"2530","Richter Gedeon","RIG2.F","7319342823","40.1301","Hungary"
"2531","DCC plc","DCC.L","7316124831","85.6447","Ireland"
"2532","STAG Industrial","STAG","7315341312","37.17","United States"
"2533","Hinge Health","HNGE","7308493312","90.57","United States"
"2534","Havells India","HAVELLS.NS","7297686647","11.6286","India"
"2535","Zillow","Z","7285948928","32.4","United States"
"2536","Aura Minerals","AUGO","7278714368","86.82","United States"
"2537","Rakuten Bank","5838.T","7270561471","41.6626","Japan"
"2538","Yaskawa","6506.T","7266472702","28.0161","Japan"
"2539","UNO Minda","UNOMINDA.NS","7262764753","12.5769","India"
"2540","Wharf Holdings","0004.HK","7240422948","2.36923","Hong Kong"
"2541","Kinden Corporation","1944.T","7238442987","44.0076","Japan"
"2542","EVA Air","2618.TW","7237620506","1.34019","Taiwan"
"2543","Noble Corporation","NE","7235783680","45.325","United Kingdom"
"2544","Amorepacific","090430.KS","7229828606","104.891","South Korea"
"2545","Bank Millennium","MIL.WA","7228493167","5.9637","Poland"
"2546","Cipher Mining","CIFR","7223609856","17.405","United States"
"2547","Molson Coors","TAP","7217631744","38.71","United States"
"2548","Pilgrim's Pride","PPC","7217069568","30.31","United States"
"2549","OneMain Financial","OMF","7216551424","62.73","United States"
"2550","Reece Group","REH.AX","7211179490","11.7237","Australia"
"2551","Nexans","NEX.PA","7209644501","165.118","France"
"2552","Rhythm Pharmaceuticals","RYTM","7196419072","104.52","United States"
"2553","PJT Partners","PJT","7194667520","168.9","United States"
"2554","Compagnie du Cambodge","CBDG.PA","7190271495","118.439","France"
"2555","Samyang Foods","003230.KS","7187261812","954.102","South Korea"
"2556","Fluor Corporation","FLR","7185238528","53.725","United States"
"2557","UiPath","PATH","7178915840","13.775","United States"
"2558","Beijer Ref","BEIJ-B.ST","7177675896","14.1571","Sweden"
"2559","AeroVironment","AVAV","7172326400","141.13","United States"
"2560","Türkiye Is Bankasi","ISCTR.IS","7166626153","0.286665","Turkey"
"2561","Element Fleet Management","EFN.TO","7159877977","18.0808","Canada"
"2562","ICICI Prulife","ICICIPRULI.NS","7159762658","4.93511","India"
"2563","Gamuda Berhad","5398.KL","7157885639","1.18486","Malaysia"
"2564","Giant Network Group","002558.SZ","7155062962","3.76471","China"
"2565","Krafton","259960.KS","7154375409","158.644","South Korea"
"2566","Migdal Insurance and Financial Holdings","MGDL.TA","7149585180","6.74632","Israel"
"2567","Arcosa","ACA","7147495936","145.55","United States"
"2568","Glenmark Pharmaceuticals","GLENMARK.NS","7146304250","25.3213","India"
"2569","Isetan Mitsukoshi Holdings","3099.T","7140584446","20.5251","Japan"
"2570","Stockland","SGP.AX","7140085409","2.93632","Australia"
"2571","Phoenix Mills","PHOENIXLTD.NS","7136928835","19.9535","India"
"2572","Terreno Realty","TRNO","7128837632","65.42","United States"
"2573","The Gunma Bank","8334.T","7127733296","18.8315","Japan"
"2574","President Chain Store (PSCS)","2912.TW","7122728226","6.85127","Taiwan"
"2575","AXIS Capital","AXS","7117134848","97.54","Bermuda"
"2576","HK Electric Investments","2638.HK","7115409659","0.805257","Hong Kong"
"2577","Simpson Manufacturing Company","SSD","7109612544","173.47","United States"
"2578","Iyogin Holdings","5830.T","7108681542","24.8569","Japan"
"2579","Ono Pharmaceutical","4528.T","7101303144","15.1121","Japan"
"2580","Morningstar","MORN","7100381184","189.275","United States"
"2581","Nissan","7201.T","7098942006","2.03037","Japan"
"2582","B2Gold","BTG","7094149632","5.37","Canada"
"2583","Mobileye","MBLY","7090394112","8.3398","Israel"
"2584","Vornado Realty Trust","VNO","7084206592","35.77","United States"
"2585","Empyrean Technology","301269.SZ","7078745267","12.9204","China"
"2586","Bachem","BANB.SW","7077719998","94.4508","Switzerland"
"2587","PACS Group","PACS","7050684928","44.53","United States"
"2588","Ampol","ALD.AX","7050347751","29.5858","Australia"
"2589","Kandenko","1942.T","7043055467","35.3898","Japan"
"2590","Shimadzu","7701.T","7042867634","24.3748","Japan"
"2591","Bezeq","BEZQ.TA","7036803904","2.56123","Israel"
"2592","Light &amp; Wonder","LNW","7028988928","86.22","United States"
"2593","ESCO Technologies","ESE","7028205056","271.28","United States"
"2594","MSA Safety","MSA","7025298944","182.105","United States"
"2595","Baycurrent","6532.T","7024679909","47.7921","Japan"
"2596","Changjiang Securities","000783.SZ","7019536036","1.26934","China"
"2597","Fortis Healthcare","FORTIS.NS","7015405112","9.29244","India"
"2598","Brother Industries","6448.T","7014997577","28.4199","Japan"
"2599","Hanjin Kal","180640.KS","7008178480","104.145","South Korea"
"2600","Sysmex","6869.T","7005958143","11.637","Japan"
"2601","Nippon Building Fund","8951.T","6999449751","794.039","Japan"
"2602","Triple Flag Precious Metals","TFPM","6998808576","33.9743","Canada"
"2603","Daito Trust Construction","1878.T","6997603444","21.4827","Japan"
"2604","Terex","TEX","6995731456","61.205","United States"
"2605","Super Group","SGHC","6993677312","13.765","Guernsey"
"2606","Federal Signal","FSS","6990180352","114.515","United States"
"2607","Hexcel","HXL","6984582656","92.36","United States"
"2608","NH Investment & Securities Co., Ltd.","005940.KS","6983215031","19.6345","South Korea"
"2609","Dabur","DABUR.NS","6981451099","3.93552","India"
"2610","99 Speed Mart Retail","5326.KL","6979351685","0.830875","Malaysia"
"2611","Sinotrans Limited","601598.SS","6974063733","0.972164","China"
"2612","Celsius Holdings","CELH","6968585216","27.54","United States"
"2613","Luzerner Kantonalbank","LUKN.SW","6965563400","140.664","Switzerland"
"2614","McDonald's Japan","2702.T","6954565921","52.3062","Japan"
"2615","Belite Bio","BLTE","6954193408","172.68","United States"
"2616","Armstrong World Industries","AWI","6951812096","164.49","United States"
"2617","The Yokohama Rubber Company","5101.T","6950301272","44.0597","Japan"
"2618","Surgutneftegas","SNGS.ME","6949544439","0.19","Russia"
"2619","Caris Life Sciences","CAI","6948291584","24.58","United States"
"2620","Hai Di Lao Hot Pot","6862.HK","6946975912","1.2828","China"
"2621","SentinelOne","S","6945319936","19.955","United States"
"2622","Arabian Internet and Communications Services","7202.SR","6943967033","58.3145","Saudi Arabia"
"2623","National Aluminum &amp; Alloy","NATIONALUM.NS","6939754042","3.77852","India"
"2624","Hankyu Hanshin Holdings","9042.T","6937013411","30.0745","Japan"
"2625","CPI Property Group","O5G.DE","6931773912","0.847654","Luxembourg"
"2626","Solaris Energy Infrastructure","SEI","6931395072","68.8825","United States"
"2627","Cleveland-Cliffs","CLF","6923503616","12.135","United States"
"2628","Capital Power","CPX.TO","6920787575","44.059","Canada"
"2629","Matson","MATX","6912857088","231.172","United States"
"2630","Yunnan Energy New Material","002812.SZ","6912489167","7.04408","China"
"2631","Conagra Brands","CAG","6908094976","14.435","United States"
"2632","Oklo","OKLO","6906835456","37.13","United States"
"2633","YTL Corporation Berhad","1773.T","6902670393","0.592761","Malaysia"
"2634","Shin Kong Financial Holding","2888.TW","6901126407","0.389619","Taiwan"
"2635","Norwegian Cruise Line","NCLH","6887817728","15","United States"
"2636","AutoNation","AN","6886565888","208.3","United States"
"2637","Huadong Medicine (HD Medicine)","000963.SZ","6877296622","3.92151","China"
"2638","Ather Energy","ATHERENERG.NS","6865955732","17.3331","India"
"2639","Camtek","CAMT","6865355264","147.11","Israel"
"2640","Elisa","ELISA.HE","6865249581","42.7543","Finland"
"2641","Victory Capital","VCTR","6863853056","111.59","United States"
"2642","Remgro Limited","REM.JO","6849879400","12.3178","South Africa"
"2643","Adani Total Gas","ATGL.NS","6847048110","6.22566","India"
"2644","Nissan Chemical","4021.T","6845480126","51.3161","Japan"
"2645","Spirax-Sarco Engineering","SPX.L","6844415637","92.7479","United Kingdom"
"2646","Lundbeck","HLUN-B.CO","6844362812","6.89852","Denmark"
"2647","Torrent Power","TORNTPOWER.NS","6843889980","13.5817","India"
"2648","INWIT","INW.MI","6843085308","7.58244","Italy"
"2649","Oberbank","OBS.VI","6837267342","96.8416","Austria"
"2650","Plexus","PLXS","6825736192","256.105","United States"
"2651","Sprouts Farmers Market","SFM","6825260032","73.195","United States"
"2652","ENN Energy","2688.HK","6825195667","6.13857","China"
"2653","Maxis Berhad","6012.KL","6824073205","0.870207","Malaysia"
"2654","Strathcona Resources","SCR.TO","6816202280","31.8164","Canada"
"2655","Enact Holdings","ACT","6802691584","49.48","United States"
"2656","Allegro MicroSystems","ALGM","6785966080","36.405","United States"
"2657","Gotion High-tech Co.,Ltd.","002074.SZ","6780423692","3.73634","China"
"2658","Bank of Maharashtra","MAHABANK.NS","6778615328","0.881306","India"
"2659","Copenhagen Airport","KBHL.CO","6776651903","863.48","Denmark"
"2660","Ringkjøbing Landbobank","RILBA.CO","6775171021","286.843","Denmark"
"2661","De' Longhi","DLG.MI","6773332737","45.6804","Italy"
"2662","Sailun Group","601058.SS","6771235768","2.05932","China"
"2663","Square Enix","9684.T","6768583681","18.7664","Japan"
"2664","SenseTime","0020.HK","6768075252","0.167045","China"
"2665","Scor","SCR.PA","6767301339","37.8774","France"
"2666","Scholar Rock Holding","SRRK","6760300544","55.51","United States"
"2667","Duolingo","DUOL","6755652096","144.992","United States"
"2668","Prestige Group","PRESTIGE.NS","6753547157","15.6793","India"
"2669","ALK-Abelló","ALK-B.CO","6750381515","30.4237","Denmark"
"2670","OR Royalties","OR","6749851648","36","Canada"
"2671","RaiaDrogasil","RADL3.SA","6748254181","3.85937","Brazil"
"2672","easyJet","EZJ.L","6748065283","9.0272","United Kingdom"
"2673","OceanaGold","OGC.TO","6742973224","30.3126","Canada"
"2674","Sonic Healthcare","SHL.AX","6741705371","13.6406","Australia"
"2675","Sumco Corporation","3436.T","6740911274","19.2745","Japan"
"2676","MaxLinear","MXL","6740326912","74.3201","United States"
"2677","Kimberly-Clark de México","KIMBERA.MX","6729212420","2.25346","Mexico"
"2678","Macerich","MAC","6725217280","22.795","United States"
"2679","NexGen Energy","NXE","6721823744","10.025","Canada"
"2680","Etsy","ETSY","6714752512","73.16","United States"
"2681","Kyushu Electric Power Company","9508.T","6712003016","14.1969","Japan"
"2682","ISS A/S","ISS.CO","6711357604","43.4535","Denmark"
"2683","Chemed","CHE","6704236544","512.95","United States"
"2684","GUANGHUI ENERGY","600256.SS","6700892885","1.04832","China"
"2685","PTT Global Chemical","PTTGC.BK","6699017780","1.48575","Thailand"
"2686","RBL Bank","RBLBANK.NS","6697090438","4.31809","India"
"2687","Urban Outfitters","URBN","6692201984","78.125","United States"
"2688","The Trade Desk","TTD","6691141120","14.2401","United States"
"2689","Shanghai Allist Pharmaceuticals","688578.SS","6685756451","14.8572","China"
"2690","MSC Industrial Direct","MSM","6683684864","119.68","United States"
"2691","Biocon","BIOCON.NS","6682607626","4.10406","India"
"2692","Magnolia Oil &amp; Gas","MGY","6678231552","27.54","United States"
"2693","Bank of India","BANKINDIA.NS","6671273206","1.46535","India"
"2694","NextVision Stabilized Systems","NXSN.TA","6671000192","72.084","Israel"
"2695","IMCD","IMCD.AS","6668268693","112.935","Netherlands"
"2696","Indian Overseas Bank","IOB.NS","6665432312","0.346138","India"
"2697","Shanghai Lujiazui Finance & Trade Zone Development Co.,Ltd.","600663.SS","6662006454","1.3231","China"
"2698","LandBridge","LB","6653241344","86.31","United States"
"2699","Oberoi Realty","OBEROIRLTY.NS","6626207431","18.2238","India"
"2700","China National Chemical Engineering (CNCEC)","601117.SS","6625992282","1.08524","China"
"2701","Tsuruha Holdings","3391.T","6625834480","14.6236","Japan"
"2702","Zoomlion","1157.HK","6622417490","0.765727","China"
"2703","Aaon","AAON","6620203008","80.29","United States"
"2704","LS Corp.","006260.KS","6615479138","238.525","South Korea"
"2705","Uniqa Insurance Group","UN9.F","6608816764","21.3423","Austria"
"2706","Technology One","TNE.AX","6606597506","20.1809","Australia"
"2707","BOC Aviation","2588.HK","6597426427","9.50624","Singapore"
"2708","Powell Industries","POWL","6593747456","180.985","United States"
"2709","Getinge","GETI-B.ST","6592528195","24.2044","Sweden"
"2710","NEXTDC","NXT.AX","6584458256","8.6582","Australia"
"2711","KION Group","KGX.DE","6568419178","50.0929","Germany"
"2712","Yang Ming","2609.TW","6564271815","1.87975","Taiwan"
"2713","Lantheus Holdings","LNTH","6561331712","100.48","United States"
"2714","Lamb Weston","LW","6556571136","47.69","United States"
"2715","Healthcare Realty Trust","HR","6553053184","18.885","United States"
"2716","Qube Holdings","QUB.AX","6545130304","3.66861","Australia"
"2717","TAL Education Group","TAL","6539927552","11.79","China"
"2718","Rush Street Interactive","RSI","6529944576","26.735","United States"
"2719","WEX","WEX","6529014784","191.57","United States"
"2720","SBI Card","SBICARD.NS","6526235879","6.85786","India"
"2721","Builders FirstSource","BLDR","6524648960","60.64","United States"
"2722","Plains GP","PAGP","6524012032","28","United States"
"2723","Ozon","OZON.ME","6523709330","31.19","United States"
"2724","Gates Industrial Corp","GTES","6522439680","25.765","United States"
"2725","CAVA Group","CAVA","6521290240","55.83","United States"
"2726","Jindal Stainless","JSL.NS","6520707780","7.91396","India"
"2727","Descartes Systems Group","DSGX","6511645696","75.99","Canada"
"2728","Sekisui Chemical","4204.T","6506045655","16.112","Japan"
"2729","Zhongtai Securities","600918.SS","6503625018","0.821337","China"
"2730","F.N.B. Corporation","FNB","6499865600","18.2599","United States"
"2731","Melisron","MLSR.TA","6499122440","136.247","Israel"
"2732","Kalyan Jewellers India","KALYANKJIL.NS","6498202331","6.29213","India"
"2733","Bosideng","3998.HK","6491996818","0.556603","Hong Kong"
"2734","SFS Group","SFSN.SW","6489499753","166.931","Switzerland"
"2735","Shanghai Zhangjiang Hi-Tech Park Development","600895.SS","6489491115","4.19031","China"
"2736","EnerSys","ENS","6488494592","179.91","United States"
"2737","Fonterra","FCG.NZ","6487569582","2.69609","New Zealand"
"2738","Umm Al Qura for development and construction","4325.SR","6485501888","4.50805","Saudi Arabia"
"2739","CAR Group (Carsales)","CAR.AX","6479764566","17.0938","Australia"
"2740","Bupa Arabia for Cooperative Insurance Company","8210.SR","6478498170","43.19","Saudi Arabia"
"2741","Motilal Oswal Financial Services","MOTILALOFS.NS","6469578862","10.7442","India"
"2742","Schaeffler India","SCHAEFFLER.NS","6463027320","41.3492","India"
"2743","Mycronic","MYCR.ST","6460470585","33.0848","Sweden"
"2744","Fraport","FRA.DE","6458421813","69.8444","Germany"
"2745","Genesis Minerals Limited","GMD.AX","6452973244","5.49214","Australia"
"2746","Kodiak Gas Services","KGS","6452459520","63.82","United States"
"2747","eMemory Technology","3529.TWO","6444843395","86.2914","Taiwan"
"2748","United Bankshares","UBSI","6439637504","47.29","United States"
"2749","Severstal","CHMF.ME","6422906892","7.71","Russia"
"2750","CG Oncology","CGON","6420222464","72.43","United States"
"2751","Grupo Aval","AVAL","6416674304","5.405","Colombia"
"2752","General Insurance Corporation of India","GICRE.NS","6416028529","3.65711","India"
"2753","Fannie Mae","FNMA","6415804928","5.54","United States"
"2754","Porto Seguro","PSSA3.SA","6411811793","10.0029","Brazil"
"2755","Mirum Pharmaceuticals","MIRM","6406860288","98.67","United States"
"2756","Babcock International Group","BAB.L","6405681986","13.0618","United Kingdom"
"2757","Qatar Gas Transport Company","QGTS.QA","6404787859","1.15604","Qatar"
"2758","Avanza Bank","AZA.ST","6403315197","40.5712","Sweden"
"2759","Amdocs","DOX","6402727936","61.32","United States"
"2760","Hims &amp; Hers Health","HIMS","6397453824","27.42","United States"
"2761","StepStone Group","STEP","6392236544","49.52","United States"
"2762","Bilibili","BILI","6386398208","15.505","China"
"2763","Travere Therapeutics","TVTX","6384303104","67.73","United States"
"2764","Yapı Kredi","YKBNK.IS","6379619755","0.755248","Turkey"
"2765","Joby Aviation","JOBY","6374905856","6.445","United States"
"2766","Mobility Global, Inc.","MBGL","6371200000","19.91","United States"
"2767","CTS Eventim","EVD.F","6370068517","66.3609","Germany"
"2768","Ithaca Energy","ITH.L","6369248312","3.85875","United Kingdom"
"2769","Aedifica","AED.BR","6367810533","76.2889","Belgium"
"2770","Azimut Holding","AZM.MI","6367672010","45.1463","Italy"
"2771","Alkem Laboratories","ALKEM.NS","6366829884","53.2499","India"
"2772","POOLCORP","POOL","6366717440","175.195","United States"
"2773","Seiko Epson Corporation","6724.T","6366017463","19.8672","Japan"
"2774","Land Securities Group","LAND.L","6356659942","8.53065","United Kingdom"
"2775","Transocean","RIG","6355047936","5.69","Switzerland"
"2776","Suzlon","SUZLON.NS","6347748029","0.461796","India"
"2777","MGIC Investment","MTG","6340408320","30.91","United States"
"2778","MatsukiyoCocokara","3088.T","6337168969","16.112","Japan"
"2779","Luberef (Saudi Aramco Base Oil Company)","2223.SR","6335257056","37.6514","Saudi Arabia"
"2780","EnPro Industries","NPO","6334746112","299.265","United States"
"2781","HELLENiQ ENERGY","ELPE.AT","6332195855","20.7385","Greece"
"2782","Ingredion","INGR","6331623936","100.4","United States"
"2783","Zalando","ZAL.DE","6329597806","25.9173","Germany"
"2784","JAC Motors","600418.SS","6328557172","2.80748","China"
"2785","Campbell's","CPB","6326445568","21.215","United States"
"2786","Kingfisher","KGF.L","6322747128","3.9034","United Kingdom"
"2787","Credit Acceptance","CACC","6319022080","608.735","United States"
"2788","CD Projekt","CDR.WA","6318013678","63.2367","Poland"
"2789","ZOZO","3092.T","6317236964","7.25643","Japan"
"2790","Samsung Epis Holdings","0126Z0.KS","6316060225","253.83","South Korea"
"2791","Rainbow Robotics","277810.KQ","6314643315","325.499","South Korea"
"2792","D-Wave Quantum","QBTS","6314395648","16.95","Canada"
"2793","Cemig","CIG","6307803648","2.205","Brazil"
"2794","Hoa Phat Group","HPG.VN","6307141962","0.821728","Vietnam"
"2795","Sensata Technologies","ST","6304613376","43.32","United States"
"2796","Compagnie de l'Odet","ODET.PA","6302856328","1495.59","France"
"2797","Cochlear","COH.AX","6298090394","96.3027","Australia"
"2798","Southwest Gas","SWX","6298080256","86.935","United States"
"2799","Tokyo Ohka Kogyo Co., Ltd.","4186.T","6294243718","52.4626","Japan"
"2800","Vontobel","VONN.SW","6294103173","111.819","Switzerland"
"2801","Umicore","UMI.VI","6293345803","26.1496","Belgium"
"2802","Ingram Micro Holding Corporation","INGM","6292659200","27.355","United States"
"2803","MiniMed Group","MMED","6292390912","22.365","United States"
"2804","Grupo Catalana Occidente","GCO.MC","6280031254","53.2104","Spain"
"2805","Bank of East Asia","0023.HK","6277082452","2.37178","Hong Kong"
"2806","Loar Holdings","LOAR","6274785280","66.975","United States"
"2807","Global-e","GLBE","6269383168","37.325","Israel"
"2808","Weatherford International","WFRD","6267320832","87.64","United States"
"2809","Essential Properties Realty Trust","EPRT","6265759232","28.895","United States"
"2810","Toyo Suisan","2875.T","6264739092","65.1711","Japan"
"2811","APL Apollo","APLAPOLLO.NS","6258502733","22.5403","India"
"2812","GATX","GATX","6249347584","177.01","United States"
"2813","Vopak","VPK.AS","6235313585","54.7144","Netherlands"
"2814","Soochow Securities","601555.SS","6232766902","1.25441","China"
"2815","Abercrombie &amp; Fitch","ANF","6230427136","146.825","United States"
"2816","Alibaba Health Information Technology","0241.HK","6229028140","0.385095","Hong Kong"
"2817","Hera Group","HER.MI","6227824426","4.22434","Italy"
"2818","Spring Airlines","601021.SS","6216487253","6.35416","China"
"2819","Bank of Suzhou","002966.SZ","6208882336","1.38881","China"
"2820","Sulzer","SUN.SW","6204622736","183.255","Switzerland"
"2821","Fastighets AB Balder","BALD-B.ST","6203979158","5.30141","Sweden"
"2822","GDS Holdings","GDS","6192670208","30.905","China"
"2823","TOTO","5332.T","6184148325","37.6045","Japan"
"2824","Bausch + Lomb","BLCO","6182530048","17.31","Canada"
"2825","International Games System","3293.TWO","6180015172","21.9304","Taiwan"
"2826","Kuala Lumpur Kepong","2445.KL","6170571382","5.54081","Malaysia"
"2827","Chailease Holding","5871.TW","6159491101","3.52848","Taiwan"
"2828","Zheshang Securities","601878.SS","6156036940","1.35745","China"
"2829","Charter Hall Group","CHC.AX","6153140617","13.0088","Australia"
"2830","LKQ Corporation","LKQ","6151745536","24.315","United States"
"2831","EVN Group","EVN.F","6149875218","34.4868","Austria"
"2832","TKMS","TKMS.DE","6136980094","96.6094","Germany"
"2833","Rockwool","ROCK-B.CO","6128558678","29.5695","Denmark"
"2834","Covivio","COV.PA","6127395254","55.3646","France"
"2835","Radico Khaitan","RADICO.NS","6125691156","45.7201","India"
"2836","Essent Group","ESNT","6125532672","68.155","Bermuda"
"2837","Terns Pharmaceuticals","TERN","6116845568","52.95","United States"
"2838","Liquidia Corporation","LQDA","6113457152","68.3","United States"
"2839","Sinopharm","1099.HK","6112207144","1.95863","China"
"2840","BBB Foods","TBBB","6110724608","50.685","Mexico"
"2841","Perseus Mining","PRU.AX","6107339241","4.60191","Australia"
"2842","Monotaro","3064.T","6106019870","12.4187","Japan"
"2843","Daewoo Engineering &amp; Construction","047040.KS","6101260976","14.849","South Korea"
"2844","Rayonier","RYN","6100201984","20.385","United States"
"2845","National Marine Dredging","NMDC.AE","6092205353","7.22","United Arab Emirates"
"2846","Tokyu","9005.T","6084758524","10.8912","Japan"
"2847","Planet Labs","PL","6081719296","16.715","United States"
"2848","Brunello Cucinelli","BC.MI","6057780018","89.085","Italy"
"2849","Fertiglobe","FERTIGLB.AE","6057212272","0.73","United Arab Emirates"
"2850","Caesars Entertainment","CZR","6055244288","29.715","United States"
"2851","SIG Combibloc","SIGN.SW","6054760728","15.8461","Switzerland"
"2852","OPAP (Organization of Football Prognostics)","OPAP.AT","6052397365","16.8777","Greece"
"2853","Enel Chile","ENIC","6052073984","4.375","Chile"
"2854","Andersen Group","ANDG","6051892736","53.61","United States"
"2855","Dentsu","4324.T","6048370694","23.3","Japan"
"2856","Definity Financial","DFY.TO","6046722989","50.3408","Canada"
"2857","GPT Group","GPT.AX","6037321430","3.1517","Australia"
"2858","Croda International","CRDA.L","6036839217","43.3201","United Kingdom"
"2859","Glanbia plc","GL9.IR","6033862507","24.9652","Ireland"
"2860","Hancock Whitney","HWC","6029163520","75.155","United States"
"2861","Onex","ONEX.TO","6028423110","79.0235","Canada"
"2862","EPAM Systems","EPAM","6024843264","116.79","United States"
"2863","ISU Petasys","007660.KS","6022988834","82.0468","South Korea"
"2864","FirstService","FSV","6020314112","137.86","Canada"
"2865","SDIC Capital","600061.SS","6015592784","0.940804","China"
"2866","abrdn","ABDN.L","6014235773","3.35814","United Kingdom"
"2867","JCDecaux","DEC.PA","6012846250","28.2629","France"
"2868","Valmet","VALMT.HE","6011348656","32.6289","Finland"
"2869","Sumitomo Chemical","4005.T","6009488963","3.63799","Japan"
"2870","Victoria's Secret &amp; Co","VSXY","6005833216","75.295","United States"
"2871","Intercorp Financial Services","IFS","6005635072","54.4","Peru"
"2872","Glacier Bancorp","GBCI","6002770944","46.1","United States"
"2873","Kiniksa Pharmaceuticals","KNSA","6001217024","76.915","Bermuda"
"2874","PrairieSky Royalty","PSK.TO","5999043160","25.8087","Canada"
"2875","Cirrus Logic","CRUS","5998571008","119.69","United States"
"2876","Ezdan Holding Group","ERES.QA","5997265691","0.226099","Qatar"
"2877","Ford Otosan","FROTO.IS","5982901680","1.70497","Turkey"
"2878","Home BancShares","HOMB","5978483200","29.885","United States"
"2879","Dolby","DLB","5977474048","63.815","United States"
"2880","Australian Foundation Investment Company","AFI.AX","5974831993","4.86036","Australia"
"2881","Tokyu Fudosan Holdings","3289.T","5972282782","8.37356","Japan"
"2882","Korean Air Lines","003495.KS","5965290458","16.2003","South Korea"
"2883","Bank of Changsha","601577.SS","5963507084","1.48289","China"
"2884","Cencosud","CENCOSUD.SN","5953254474","2.16167","Chile"
"2885","TXNM Energy","TXNM","5950913024","57.75","United States"
"2886","Coromandel","COROMANDEL.NS","5946930982","20.1905","India"
"2887","Vipshop","VIPS","5938994688","12.49","China"
"2888","China Resources Sanjiu Medical &amp; Pharmaceutical","000999.SZ","5937244338","3.56759","China"
"2889","IG Group","IGG.L","5936184693","18.0084","United Kingdom"
"2890","Starwood Property Trust","STWD","5933927936","15.6251","United States"
"2891","Technip Energies","TE.PA","5925031589","34.2081","France"
"2892","Taiwan Business Bank","2834.TW","5923097464","0.56962","Taiwan"
"2893","Pegasystems","PEGA","5920221696","36.01","United States"
"2894","Capital Securities Corporation","601136.SS","5918603636","2.16534","China"
"2895","Schneider National","SNDR","5914652672","33.74","United States"
"2896","Codan Limited","CDA.AX","5905929048","32.3928","Australia"
"2897","Fomento de Construcciones y Contratas","FCC.MC","5902884148","12.4811","Spain"
"2898","MISUMI Group","9962.T","5900324194","22.4532","Japan"
"2899","Yancoal","YAL.AX","5896426778","4.4655","Australia"
"2900","Warehouses De Pauw","WDP.BR","5894208141","24.3614","Belgium"
"2901","Pepco Group","PCO.WA","5892302661","10.7911","United Kingdom"
"2902","RadNet","RDNT","5882657792","74.75","United States"
"2903","HORIBA","6856.T","5882289723","139.983","Japan"
"2904","Valaris","VAL","5877741056","84.65","United Kingdom"
"2905","Corporación Financiera Alba","ALB.MC","5871019284","97.9515","Spain"
"2906","Ormat Technologies","ORA","5866192896","95.39","United States"
"2907","Amneal Pharmaceuticals","AMRX","5865305088","16.84","United States"
"2908","Soitec","SOI.PA","5864752088","163.899","France"
"2909","Scout24 (ImmoScout24)","G24.F","5858609515","84.1268","Germany"
"2910","Genting Singapore","G13.SI","5858125622","0.485602","Singapore"
"2911","Churchill Downs","CHDN","5857608192","84.04","United States"
"2912","Netskope","NTSK","5855062528","14.33","United States"
"2913","ATCO","ACO-X.TO","5853815429","52.0212","Canada"
"2914","37 Interactive Entertainment","002555.SZ","5844107500","2.64172","China"
"2915","Core Scientific","CORZ","5841969664","18.18","United States"
"2916","Telecom Argentina","TEO","5832186880","13.54","Argentina"
"2917","JBT Marel Corporation","JBTM","5830176256","112.385","United States"
"2918","Samsung Securities","016360.KS","5826753846","65.2492","South Korea"
"2919","Genpact","G","5825752576","34.67","Bermuda"
"2920","Landstar System","LSTR","5824254976","171.62","United States"
"2921","TBS Holdings","9401.T","5820682407","37.0312","Japan"
"2922","Albertsons","ACI","5816628224","11.985","United States"
"2923","Castellum","CAST.ST","5814118532","13.4497","Sweden"
"2924","BGC Group","BGC","5812578304","12.225","United States"
"2925","Seibu Holdings","9024.T","5806457519","22.8441","Japan"
"2926","Taiwan Cement","1101.TW","5805545736","0.774777","Taiwan"
"2927","BIG Shopping Centers","BIG.TA","5805229095","224.173","Israel"
"2928","CLEAR Secure","YOU","5795435520","42.68","United States"
"2929","Cogent Biosciences","COGT","5794866688","33.395","United States"
"2930","UOL Group","U14.SI","5781132983","6.82211","Singapore"
"2931","RingCentral","RNG","5779461120","69.21","United States"
"2932","Argan","AGX","5776086016","411.7","United States"
"2933","The 77 Bank","8341.T","5773679059","25.8795","Japan"
"2934","Tokyo Metro","9023.T","5773104036","9.94339","Japan"
"2935","Tritax Big Box REIT","BBOX.L","5771841416","1.97132","United Kingdom"
"2936","Westports","5246.KL","5769682918","1.67896","Malaysia"
"2937","Cenergy Holdings","CENER.BR","5759813488","27.1249","Belgium"
"2938","NICE","NICE","5758345216","98.27","Israel"
"2939","Ricoh Company","7752.T","5756576920","10.2854","Japan"
"2940","City Developments","C09.SI","5756281899","6.44311","Singapore"
"2941","EFG International","EFGN.SW","5753950131","19.1234","Switzerland"
"2942","Seatrium","5E2.SI","5752833043","1.69763","Singapore"
"2943","SWI Capital Holding","SWICH.AS","5749481932","13.3535","Singapore"
"2944","Harbour Energy","HBR.L","5747404170","3.68827","United Kingdom"
"2945","Shanghai BOCHU Electronic Technology","688188.SS","5743235459","14.1613","China"
"2946","MarketAxess","MKTX","5742951936","163.185","United States"
"2947","e.l.f. Beauty","ELF","5737937408","97.24","United States"
"2948","Stevanato Group","STVN","5735649792","21","Italy"
"2949","SG Holdings","9143.T","5735356983","9.61119","Japan"
"2950","SOL S.p.A.","SOL.MI","5729308109","63.1677","Italy"
"2951","Volvo Car","VOLCAR-B.ST","5724707632","1.93098","Sweden"
"2952","Casella Waste Systems","CWST","5724422144","89.95","United States"
"2953","Vallourec","VK.PA","5722054973","21.5223","France"
"2954","Archrock","AROC","5715148800","32.595","United States"
"2955","Ypsomed","YPSN.SW","5712487879","434.51","Switzerland"
"2956","Eagle Materials","EXP","5711898624","186.205","United States"
"2957","Brookfield Renewable","BEPC","5706663424","30.74","United States"
"2958","Red Rock Resorts","RRR","5705193472","55.94","United States"
"2959","Nexi","NEXI.MI","5704461958","4.85602","Italy"
"2960","Xenon Pharmaceuticals","XENE","5700996096","58.87","Canada"
"2961","Madras Rubber Factory","MRF.NS","5694957275","1342.79","India"
"2962","Portland General Electric","POR","5692214784","48.4","United States"
"2963","Sectra AB","SECT-B.ST","5689974017","29.5326","Sweden"
"2964","Dar Al Arkan Real Estate Development Company","4300.SR","5688297387","5.26694","Saudi Arabia"
"2965","Lyft","LYFT","5687567360","15.025","United States"
"2966","Mercury General","MCY","5685642752","102.65","United States"
"2967","Associated Banc-Corp","ASB","5685319168","30.105","United States"
"2968","Atlantic Union Bankshares","AUB","5684032512","39.8","United States"
"2969","Abbott India","ABBOTINDIA.NS","5682642351","267.427","India"
"2970","Rush Enterprises","RUSHA","5681852928","48.675","United States"
"2971","Ligand Pharmaceuticals","LGND","5679854080","284.91","United States"
"2972","Hankook Tire","161390.KS","5673768274","46.5106","South Korea"
"2973","Montage Gold Corp.","MAU.TO","5670686661","14.0276","Canada"
"2974","USS Co., Ltd.","4732.T","5668149700","12.4838","Japan"
"2975","Gecina","GFC.PA","5665994182","76.5792","France"
"2976","CMB.TECH","CMBT","5661212160","19.51","Belgium"
"2977","Ameris Bancorp","ABCB","5660495360","84.35","United States"
"2978","Temenos","TEMN.SW","5656297403","84.0176","Switzerland"
"2979","Elis","ELIS.PA","5654003322","26.3586","France"
"2980","Shenzhen New Industries Biomedical Engineering","300832.SZ","5653176555","7.19491","China"
"2981","Kingnet Network","002517.SZ","5650260714","2.6447","China"
"2982","Convatec Group","CTEC.L","5648842955","2.91977","United Kingdom"
"2983","Tokyo Electric Power Company","9501.T","5646868717","3.52334","Japan"
"2984","Boyd Gaming","BYD","5646778880","77.72","United States"
"2985","China Longyuan Power Group","0916.HK","5639146507","0.674554","China"
"2986","LondonMetric Property","LMP.L","5637970489","2.40833","United Kingdom"
"2987","Presight AI","PRESIGHT.AE","5634792512","1","United Arab Emirates"
"2988","Construction Partners","ROAD","5628448256","99.17","United States"
"2989","Frontdoor","FTDR","5623072256","81.62","United States"
"2990","Saigon Thuong Tin Commercial Bank","STB.VN","5621973820","2.98214","Vietnam"
"2991","Air Canada","AC.TO","5619323076","20.057","Canada"
"2992","Erasca","ERAS","5610183680","16.04","United States"
"2993","The Company for Cooperative Insurance","8010.SR","5606286318","24.9501","Saudi Arabia"
"2994","AutoStore Holdings","AUTO.OL","5600601307","1.6676","Norway"
"2995","Americana Restaurants International","AMR.AE","5596031740","0.66","United Arab Emirates"
"2996","Berger Paints","BERGEPAINT.NS","5590198453","4.79433","India"
"2997","ChinaLin Securities","002945.SZ","5584343889","2.06828","China"
"2998","Novanta","NOVT","5582280704","147.61","United States"
"2999","Altius Telecom Infrastructure Trust","ALTIUSINVIT.BO","5581902531","1.83169","India"
"3000","Enova International","ENVA","5575741440","223.94","United States"
"3001","New Hope Liuhe","000876.SZ","5572441977","1.12299","China"
"3002","SmartSens Technology","688213.SS","5559023730","13.8179","China"
"3003","Linde India","LINDEINDIA.NS","5559006774","65.1821","India"
"3004","China State Construction International","3311.HK","5550145878","1.05072","Hong Kong"
"3005","iSoftStone Information Technology","301236.SZ","5549742220","5.36109","China"
"3006","Jabal Omar Development","4250.SR","5548983219","4.70244","Saudi Arabia"
"3007","Charoen Pokphand Foods","CPF.BK","5548806815","0.721649","Thailand"
"3008","Georg Fischer","GF.SW","5547695916","67.6928","Switzerland"
"3009","United Internet","UTDI.F","5543156984","32.0715","Germany"
"3010","PTC Therapeutics","PTCT","5542631936","66.41","United States"
"3011","OpenText","OTEX","5542408704","22.84","Canada"
"3012","RTL Group","RRTL.F","5536353305","36.693","Luxembourg"
"3013","RLI Corp.","RLI","5534828032","60.31","United States"
"3014","Macy's","M","5533143040","21.135","United States"
"3015","British Land","BLND.L","5533073871","5.39846","United Kingdom"
"3016","Installed Building Products","IBP","5531418624","208.111","United States"
"3017","RAKBANK (The National Bank of Ras Al Khaimah)","RAKBANK.AE","5531349831","2.75","United Arab Emirates"
"3018","H&amp;R Block","HRB","5527243776","44.84","United States"
"3019","Asahi Intecc","7747.T","5513223838","20.7792","Japan"
"3020","Godrej Properties","GODREJPROP.NS","5511240401","18.296","India"
"3021","Murphy Oil","MUR","5507490304","38.42","United States"
"3022","Sensient Technologies","SXT","5505925632","129.36","United States"
"3023","HYBE","352820.KS","5497325014","129.155","South Korea"
"3024","Blue Owl Capital Corporation","OBDC","5496582144","11.075","United States"
"3025","Mercury NZ","MCY.AX","5493911481","3.85527","New Zealand"
"3026","Impinj","PI","5491220992","179.719","United States"
"3027","Gujarat Fluorochemicals","FLUOROCHEM.NS","5488130970","49.9602","India"
"3028","Howden Joinery","HWDN.L","5487507532","10.0595","United Kingdom"
"3029","Nissin Foods","2897.T","5483510889","19.1344","Japan"
"3030","VSE Corporation","VSEC","5482772992","195.36","United States"
"3031","Teleflex","TFX","5482140672","129.38","United States"
"3032","Flagstar Bank","FLG","5477149696","13.195","United States"
"3033","Commvault","CVLT","5475655680","132.12","United States"
"3034","Black Hills","BKH","5469638144","71.73","United States"
"3035","Balfour Beatty","BBY.L","5465724152","11.629","United Kingdom"
"3036","Delek Group","DLEKG.TA","5464198356","30.0944","Israel"
"3037","PT Bumi Resources Minerals Tbk","BRMS.JK","5459142535","0.0385032","Indonesia"
"3038","Emmi AG","EMMN.SW","5456778227","1019.99","Switzerland"
"3039","Fuchs Petrolub","FPE.F","5453262694","41.628","Germany"
"3040","Erdemir","EREGL.IS","5450173609","0.810811","Turkey"
"3041","Hisense Visual Technology","600060.SS","5448752126","4.17538","China"
"3042","Phillips Edison &amp; Company","PECO","5447106048","38.51","United States"
"3043","IONOS Group","IOS.DE","5446706930","40.3623","Germany"
"3044","Kiwoom Securities","039490.KS","5440058757","207.543","South Korea"
"3045","New Jersey Resources","NJR","5428027392","53.495","United States"
"3046","Bank of Qingdao (BQD)","002948.SZ","5423661955","0.931844","China"
"3047","Japan Real Estate Investment","8952.T","5413378544","743.23","Japan"
"3048","Rumo","RAIL3.SA","5412856363","2.91663","Brazil"
"3049","TPG Telecom","TPG.AX","5411754393","2.75684","Australia"
"3050","Rithm Capital","RITM","5409456128","9.6873","United States"
"3051","Virtu Financial","VIRT","5405767680","61.22","United States"
"3052","Materion","MTRN","5403642880","259.37","United States"
"3053","Crocs","CROX","5399334400","112.615","United States"
"3054","Logista (Compañía de Distribución Integral Logista)","LOG.MC","5389584327","40.7803","Spain"
"3055","Galaxycore","688728.SS","5380898524","2.06911","China"
"3056","AAK","AAK.ST","5377365983","20.6728","Sweden"
"3057","Piper Sandler","PIPR","5373768704","76.04","United States"
"3058","West Fraser Timber","WFG","5371642368","68.6","Canada"
"3059","Golar LNG","GLNG","5361624064","52.515","Bermuda"
"3060","Hamilton Lane","HLNE","5357143552","97.075","United States"
"3061","Selective Insurance","SIGI","5354668032","89.89","United States"
"3062","SAIC (Science Applications International Corp)","SAIC","5350537728","127.705","United States"
"3063","PCCW","0008.HK","5349778121","0.690493","Hong Kong"
"3064","WPP","WPP","5343010816","24.77","United Kingdom"
"3065","Barratt Redrow","BTRW.L","5342417078","3.86281","United Kingdom"
"3066","Bank OZK","OZK","5341752832","48.99","United States"
"3067","First National of Nebraska","FINN","5337042432","19750","United States"
"3068","CNX Resources","CNX","5335586816","36.065","United States"
"3069","Rotork","ROR.L","5335478303","6.55121","United Kingdom"
"3070","Contact Energy","CEN.NZ","5330380452","4.97875","New Zealand"
"3071","Kite Realty","KRG","5329979904","25.975","United States"
"3072","Marex Group","MRX","5329357824","74.09","United Kingdom"
"3073","Navan","NAVN","5324424704","20.935","United States"
"3074","Uranium Energy","UEC","5322352128","10.755","United States"
"3075","EXL Service","EXLS","5318566400","35.08","United States"
"3076","Gek Terna","GEKTERNA.AT","5317372825","52.601","Greece"
"3077","DEME Group","DEME.BR","5313462672","210.869","Belgium"
"3078","Greatland Resources","GGP.L","5312629151","7.87444","Australia"
"3079","Whitbread","WTB.L","5307552447","31.7548","United Kingdom"
"3080","Max Financial Services","MFSL.NS","5307224791","15.4595","India"
"3081","TIS","3626.T","5305882067","25.2868","Japan"
"3082","Open House Group","3288.T","5304716653","48.3002","Japan"
"3083","Nestle Malaysia","4707.KL","5303343532","22.6155","Malaysia"
"3084","Central Retail Corporation","CRC.BK","5303183924","0.879321","Thailand"
"3085","Balchem","BCPC","5295417344","166.115","United States"
"3086","ADES Holding Company","2382.SR","5289215788","4.79031","Saudi Arabia"
"3087","Axfood","AXFO.ST","5281060891","24.4625","Sweden"
"3088","Sabra Health Care REIT","SBRA","5280440320","20.6701","United States"
"3089","Tube Investments of India","TIINDIA.NS","5280184503","27.2776","India"
"3090","The Fertilisers And Chemicals Travancore Limited","FACT.NS","5280064118","8.15993","India"
"3091","Klarna","KLAR","5272220672","13.905","Sweden"
"3092","Copa Holdings","CPA","5267338240","129.04","Panama"
"3093","ACI Worldwide","ACIW","5265825280","52.16","United States"
"3094","Qualys","QLYS","5265704960","152.21","United States"
"3095","Nexstar Media Group","NXST","5263443968","170.845","United States"
"3096","LB Group (LomonBillions)","002601.SZ","5262407497","2.20716","China"
"3097","Yakult","2267.T","5261431959","18.343","Japan"
"3098","Tata Communications","TATACOMM.NS","5256508817","18.4384","India"
"3099","Sotera Health","SHC","5255176704","18.415","United States"
"3100","Leapmotor","9863.HK","5254790212","4.50128","China"
"3101","Colruyt","COLR.BR","5254695034","44.1942","Belgium"
"3102","SOLV Energy","MWH","5253959168","25.96","United States"
"3103","Axos Financial","AX","5253005312","92.59","United States"
"3104","DKSH Holding","DKSH.SW","5252543832","80.7649","Switzerland"
"3105","Main Street Capital","MAIN","5249565184","56.14","United States"
"3106","Hong Leong Financial Group","1082.KL","5241901013","4.62144","Malaysia"
"3107","United Tractors","UNTR.JK","5240337722","1.5002","Indonesia"
"3108","Warrior Met Coal","HCC","5236647424","99.175","United States"
"3109","GXO Logistics","GXO","5234777600","45.645","United States"
"3110","Ipca Laboratories","IPCALAB.NS","5227305375","20.6039","India"
"3111","Bullish","BLSH","5222769152","34.44","Cayman Islands"
"3112","VakıfBank","VAKBN.IS","5222576701","0.783647","Turkey"
"3113","ServiceTitan","TTAN","5220891136","54.1205","United States"
"3114","PriceSmart","PSMT","5219131904","169.12","United States"
"3115","Hindustan Copper","HINDCOPPER.NS","5207597244","5.38518","India"
"3116","Kobe Steel","5406.T","5205939015","13.1645","Japan"
"3117","Japan Metropolitan Fund Investment","8953.T","5205356307","723.689","Japan"
"3118","Granite Construction","GVA","5203611136","117.128","United States"
"3119","LG CNS","064400.KS","5200600187","53.6775","South Korea"
"3120","AUTO1","AG1.F","5199367285","23.5021","Germany"
"3121","Fincantieri","FCT.MI","5198988576","14.4566","Italy"
"3122","Fosun","0656.HK","5196999306","0.639487","China"
"3123","Vishay Intertechnology","VSH","5194952192","33.87","United States"
"3124","Sphere Entertainment","SPHR","5192928256","144.595","United States"
"3125","Formosa Sumco Technology","3532.TW","5191766524","13.3861","Taiwan"
"3126","Versant Media Group","VSNT","5184085504","37.25","United States"
"3127","Grifols","GRFS","5182620160","7.615","Spain"
"3128","Xinjiang Daqo New Energy Co.,Ltd.","688303.SS","5181118744","2.42966","China"
"3129","Liberty Broadband","LBRDA","5177567232","35.99","United States"
"3130","Bechtle","BC8.F","5176358794","41.0822","Germany"
"3131","HD Bank (Ho Chi Minh City Development Joint Stock Commercial Bank)","HDB.VN","5175008682","1.03391","Vietnam"
"3132","Zegona Communications","ZEG.L","5174597314","22.9468","United Kingdom"
"3133","Perimeter Solutions","PRM","5174144000","31.61","United States"
"3134","Wyndham Hotels &amp; Resorts","WH","5172144128","69.695","United States"
"3135","Garrett Motion","GTX","5169596928","27.72","Switzerland"
"3136","Definium Therapeutics","DFTX","5167752704","38.46","United States"
"3137","Kurita Water Industries Ltd.","6370.T","5167400931","47.981","Japan"
"3138","BETA Technologies","BETA","5164025856","21.3","United States"
"3139","Jarir","4190.SR","5163626573","4.30302","Saudi Arabia"
"3140","Flughafen Wien (Vienna Airport)","FLU.VI","5161818636","61.542","Austria"
"3141","Yanbu National Petrochemical","2290.SR","5161429425","9.17588","Saudi Arabia"
"3142","VF Corporation","VFC","5159890944","13.125","United States"
"3143","Aalberts","AALB.AS","5157930479","48.4905","Netherlands"
"3144","Rigetti Computing","RGTI","5155058176","15.445","United States"
"3145","K92 Mining","KNT.TO","5155055690","20.9801","Canada"
"3146","Navitas Petroleum","NVPT.TA","5147687107","41.7519","Israel"
"3147","Auto Trader Group","AUTO.L","5146686005","6.62157","United Kingdom"
"3148","Tosoh Corporation","4042.T","5146250150","16.7145","Japan"
"3149","Varonis Systems","VRNS","5145175552","44.795","United States"
"3150","Adecco Group","ADEN.SW","5135559524","29.6302","Switzerland"
"3151","APT Medical","688617.SS","5132662094","36.2658","China"
"3152","Novolipetsk Steel","NLMK.ME","5130759461","0.87","Russia"
"3153","Birkenstock","BIRK","5130471424","31.07","Germany"
"3154","International Seaways","INSW","5126243328","103.495","United States"
"3155","Mirae Asset Securities Co., Ltd.","006805.KS","5125248366","8.80939","South Korea"
"3156","Jersey Mike's Subs","JMKE","5121187840","21.995","United States"
"3157","Wacker Chemie","WCH.F","5119509076","103.054","Germany"
"3158","Colgate-Palmolive India","COLPAL.NS","5116882635","18.8131","India"
"3159","Celanese","CE","5112105472","46.58","United States"
"3160","Merit Medical","MMSI","5110614528","85.59","United States"
"3161","ADT","ADT","5110261760","6.995","United States"
"3162","Floor &amp; Decor","FND","5107791360","47.965","United States"
"3163","ACM Research","ACMR","5101107200","73.24","United States"
"3164","CVR Energy","CVI","5098409472","50.715","United States"
"3165","Oceaneering International","OII","5095918080","51.2","United States"
"3166","Estithmar Holding","IGRD.QA","5093262763","1.13352","Qatar"
"3167","JB Hi-Fi","JBH.AX","5092676093","46.5791","Australia"
"3168","Hangzhou Greatstar Industrial","002444.SZ","5090856153","4.26199","China"
"3169","Calumet, Inc.","CLMT","5090186752","57.91","United States"
"3170","CNO Financial Group","CNO","5086362112","54.975","United States"
"3171","Hirose Electric","6806.T","5083252021","156.756","Japan"
"3172","Ayala Corporation","AYALY","5078798336","8.05","Philippines"
"3173","Whitehaven Coal","WHC.AX","5077166121","6.17417","Australia"
"3174","HD Construction Equipment","267270.KS","5075999784","106.385","South Korea"
"3175","Galenica","GALE.SW","5072887900","101.815","Switzerland"
"3176","Ramelius Resources","RMS.AX","5072079571","2.68505","Australia"
"3177","UPL","UPL.NS","5069139241","5.99696","India"
"3178","Outfront Media","OUT","5053320192","28.69","United States"
"3179","Renishaw","RSW.L","5049962614","69.4087","United Kingdom"
"3180","Acerinox","ACX.MC","5048560927","20.2624","Spain"
"3181","AAR","AIR","5046042624","125.34","United States"
"3182","Gland Pharma","GLAND.NS","5045866210","30.5872","India"
"3183","The Cheesecake Factory","CAKE","5044110848","101.368","United States"
"3184","CRISPR Therapeutics","CRSP","5043972608","52.165","Switzerland"
"3185","Acushnet Holdings","GOLF","5036850688","86.24","United States"
"3186","Masraf Al Rayan","MARK.QA","5035796110","0.541483","Qatar"
"3187","Banco Macro","BMA","5032321536","78.705","Argentina"
"3188","INFICON","IFCN.SW","5023246444","205.472","Switzerland"
"3189","California Resources Corporation","CRC","5021877248","56.54","United States"
"3190","Nomura Real Estate Holdings","3231.T","5018901925","5.87549","Japan"
"3191","JD Sports Fashion","JD.L","5018507622","1.05669","United Kingdom"
"3192","Mapletree Commercial Trust","N2IU.SI","5010290107","0.947516","Singapore"
"3193","Budimex","BDX.WA","5009290157","196.211","Poland"
"3194","Argo Investments","ARG.AX","5007646379","6.65518","Australia"
"3195","Iridium Communications","IRDM","5006568448","47.24","United States"
"3196","LifeStance Health Group","LFST","5006219264","13.1","United States"
"3197","Shenzhen Salubris Pharmaceuticals","002294.SZ","5006052733","4.49047","China"
"3198","Challenger Limited","CGF.AX","5005824661","7.34439","Australia"
"3199","Hanwha Solutions","009830.KS","5005666252","22.2474","South Korea"
"3200","UBTECH Robotics","9880.HK","5003702460","9.93979","China"
"3201","Arkema","AKE.PA","5000715798","66.1867","France"
"3202","Shapir Civil and Marine Engineering","SPEN.TA","4999691762","13.9283","Israel"
"3203","Icahn Enterprises","IEP","4996240384","7.0279","United States"
"3204","Holmen","HOLM-B.ST","4992627785","33.188","Sweden"
"3205","Zhuzhou CRRC Times Electric","3898.HK","4992118867","3.75149","Hong Kong"
"3206","Vishal Mega Mart Limited","VMM.NS","4987354718","1.06458","India"
"3207","Coway","021240.KS","4984227073","71.0724","South Korea"
"3208","Vail Resorts","MTN","4984061440","139.87","United States"
"3209","UniFirst","UNF","4980380672","275.4","United States"
"3210","Oil &amp; Gas Development Company","OGDC.PK","4980030769","1.1579","Pakistan"
"3211","Longfor Group","0960.HK","4977479289","0.72301","China"
"3212","Mirvac Group","MGR.AX","4971630677","1.25996","Australia"
"3213","Webull","BULL","4969904128","9.21","United States"
"3214","Enagás","ENG.MC","4965974171","19.078","Spain"
"3215","Laureate Education","LAUR","4965864448","36.05","United States"
"3216","Xinyi Glass Holdings","0868.HK","4962506484","1.12086","Hong Kong"
"3217","Beijing Wantai Biological Pharmacy Enterprise","603392.SS","4962105634","3.9245","China"
"3218","Yamazaki Baking Co., Ltd.","2212.T","4959847849","25.1891","Japan"
"3219","Capstone Infrastructure","CSE-PA.TO","4957771926","16.2759","Canada"
"3220","Global Business Travel Group","GBTG","4957323776","9.49","United States"
"3221","Millrose Properties","MRP","4949888512","29.81","United States"
"3222","Saudi Investment Bank","1030.SR","4945359022","3.96485","Saudi Arabia"
"3223","Acom","8572.T","4942131412","3.15466","Japan"
"3224","Mitsui Chemicals","4183.T","4938434530","13.6595","Japan"
"3225","Asia Commercial Joint Stock Bank","ACB.VN","4937599199","0.850662","Vietnam"
"3226","Viohalco","VIO.BR","4935801425","19.0432","Belgium"
"3227","Xometry","XMTR","4935559680","86.1","United States"
"3228","Silergy","6415.TW","4934558466","12.6899","China"
"3229","Burberry","BRBY.L","4933817375","13.7735","United Kingdom"
"3230","Softcat","SCT.L","4933484862","25.1252","United Kingdom"
"3231","Eastern Bankshares","EBC","4932421632","21.585","United States"
"3232","Aixtron","AIXA.F","4930780115","43.7181","Germany"
"3233","Methanex","MEOH","4929651200","63.72","Canada"
"3234","Patterson-UTI Energy","PTEN","4927301632","12.9195","United States"
"3235","Orange Polska","OPL.WA","4925059907","3.75283","Poland"
"3236","Mondi","MNDI.L","4925055670","11.173","United Kingdom"
"3237","Enphase Energy","ENPH","4925030912","37.27","United States"
"3238","1&1","1U1.DE","4923165429","27.8908","Germany"
"3239","Asseco","ACP.WA","4922510442","61.1414","Poland"
"3240","Trend Micro","4704.T","4914589635","37.865","Japan"
"3241","COSCO SHIPPING Development","601866.SS","4911631384","0.373335","China"
"3242","Capricorn Metals","CMM.AX","4909802513","10.7402","Australia"
"3243","Canon Marketing Japan","8060.T","4906072716","23.8277","Japan"
"3244","Middleby","MIDD","4905946624","108.485","United States"
"3245","ONE Gas","OGS","4895875072","77.89","United States"
"3246","Kakaku.com","2371.T","4891814531","24.7266","Japan"
"3247","Skylark Holdings","3197.T","4890075373","21.5022","Japan"
"3248","White Mountains Insurance Group","WTM","4889293312","2048.54","Bermuda"
"3249","The Bidvest Group","BVT.JO","4885642500","14.3743","South Africa"
"3250","MGM China Holdings","2282.HK","4883664089","1.28663","Macau"
"3251","Mercury Systems","MRCY","4881851392","81.18","United States"
"3252","Ermenegildo Zegna","ZGN","4874513408","11.5","Italy"
"3253","ACEA","ACE.MI","4874386096","22.9331","Italy"
"3254","SLM Corporation (Sallie Mae)","SLM","4868259840","25.895","United States"
"3255","Mabanee Company","MABANEE.KW","4867417438","3105.02","Kuwait"
"3256","Sumitomo Forestry","1911.T","4864905833","7.93387","Japan"
"3257","Herc Holdings","HRI","4857087488","145.285","United States"
"3258","St. Galler Kantonalbank","SGKN.SW","4852556529","811.332","Switzerland"
"3259","Indorama Ventures","IVL.BK","4851871784","0.86416","Thailand"
"3260","Far Eastern New Century","1402.TW","4849078046","0.906015","Taiwan"
"3261","RENK Group","R3NK.DE","4846725789","48.4673","Germany"
"3262","Sampoerna","HMSP.JK","4843545702","0.0416405","Indonesia"
"3263","Mitsubishi Gas Chemical Company","4182.T","4838759138","24.8113","Japan"
"3264","Fortune Brands Innovations","FBIN","4836155392","40.54","United States"
"3265","Core Natural Resources","CNR","4836060672","97.43","United States"
"3266","Chartwell Retirement Residences","CSH-UN.TO","4832112570","14.6551","Canada"
"3267","Graham Holdings","GHC","4831798272","1140.94","United States"
"3268","ARCHION Corporation","543A.T","4830155988","1.75223","Japan"
"3269","Vinamilk (Vietnam Dairy Products)","VNM.VN","4829610394","2.31087","Vietnam"
"3270","Hoshizaki Corporation","6465.T","4827704775","34.556","Japan"
"3271","Sterlite Technologies","STLTECH.NS","4827129351","9.39292","India"
"3272","Parkin PJSC","PARKIN.AE","4818176406","1.60636","United Arab Emirates"
"3273","Gentex","GNTX","4816221184","22.86","United States"
"3274","Shanghai RAAS Blood Products","002252.SZ","4814253519","0.730243","China"
"3275","CSW Industrials","CSW","4812363264","295.355","United States"
"3276","MONETA Money Bank","MONET.PR","4812349245","9.41751","Czech Republic"
"3277","Persimmon","PSN.L","4809750371","14.9777","United Kingdom"
"3278","HASI (HA Sustainable Infrastructure Capita)","HASI","4809597440","37.43","United States"
"3279","ACADIA Pharmaceuticals","ACAD","4809047040","27.91","United States"
"3280","Reply","REY.MI","4808893553","132.373","Italy"
"3281","Parsons","PSN","4802504704","44.965","United States"
"3282","National Shipping Company of Saudi Arabia (Bahri)","4030.SR","4801957030","9.75636","Saudi Arabia"
"3283","Klaviyo","KVYO","4801944576","16.045","United States"
"3284","Cactus Inc","WHD","4801337344","68.853","United States"
"3285","Française des Jeux","FDJ.VI","4800228137","25.9754","France"
"3286","Oji Holdings","3861.T","4797718188","5.64946","Japan"
"3287","Tong Ren Tang","600085.SS","4792485645","3.49441","China"
"3288","Guangzhou Baiyunshan Pharmaceutical Holdings","600332.SS","4790164044","2.94636","China"
"3289","Teleperformance","TEP.PA","4788511351","80.1904","France"
"3290","Moelis &amp; Company","MC","4781922304","64.55","United States"
"3291","Maire Tecnimont","MAIRE.MI","4780849781","14.6424","Italy"
"3292","FPT Corporation","FPT.VN","4777784906","2.80468","Vietnam"
"3293","J-POWER (Electric Power Development)","9513.T","4776285231","27.1367","Japan"
"3294","Yonyou","600588.SS","4776162262","1.39777","China"
"3295","Grupo Simec","SIMECB.MX","4771307441","10.3669","Mexico"
"3296","Yamato Kogyo","5444.T","4767924556","79.7947","Japan"
"3297","Spire Inc.","SR","4766856704","80.64","United States"
"3298","TFS Financial","TFSL","4764722176","16.99","United States"
"3299","Insight Enterprises","NSIT","4757742080","162.11","United States"
"3300","First Financial Bankshares","FFIN","4751306752","33.15","United States"
"3301","Seiko Group","8050.T","4750328503","58.1036","Japan"
"3302","Exchange Income Corporation","EIF.TO","4748129870","84.209","Canada"
"3303","China Great Wall Securities","002939.SZ","4747518583","1.17675","China"
"3304","FLSmidth","FLS.CO","4746117853","89.1434","Denmark"
"3305","Colliers International","CIGI","4744478208","92.84","Canada"
"3306","Radian Group","RDN","4743002112","35.85","United States"
"3307","Indofood CBP","ICBP.JK","4739666398","0.406423","Indonesia"
"3308","DFI Retail Group","D01.SI","4739251712","3.5","Hong Kong"
"3309","Alior Bank S.A.","ALR.WA","4734639023","36.2658","Poland"
"3310","Vault Minerals","VAU.AX","4731268932","4.57319","Australia"
"3311","Sonoco","SON","4731168768","47.85","United States"
"3312","Grupo Aeroportuario Centro Norte","OMAB","4730575360","98","Mexico"
"3313","Delek US","DK","4728961024","77.23","United States"
"3314","Hafnia Limited","HAFN","4725432320","9.455","Bermuda"
"3315","MARA Holdings","MARA","4724440064","12.23","United States"
"3316","Danieli &amp; C. Officine Meccaniche","DAN.MI","4720543230","65.9545","Italy"
"3317","Belden","BDC","4719278080","120.765","United States"
"3318","Rightmove","RMV.L","4718098143","6.46056","United Kingdom"
"3319","Amentum","AMTM","4714083840","19.28","United States"
"3320","Bumrungrad Hospital","BH.BK","4712430926","5.92784","Thailand"
"3321","MakeMyTrip","MMYT","4700111360","49.97","India"
"3322","Sweco","SWEC-A.ST","4700056895","13.0109","Sweden"
"3323","Synnex Technology International","2347.TW","4697698714","2.81646","Taiwan"
"3324","EquipmentShare.com","EQPT","4695056896","18.53","United States"
"3325","HASEKO Corporation","1808.T","4691779867","17.7144","Japan"
"3326","Louisiana-Pacific","LPX","4686266368","67.02","United States"
"3327","Mazda","7261.T","4685453330","7.42579","Japan"
"3328","Pampa Energía","PAM","4684969472","87.4","Argentina"
"3329","Turkcell","TKC","4683704320","5.38","Turkey"
"3330","XTB S.A.","XTB.WA","4683273425","39.8923","Poland"
"3331","The Commercial Bank (P.S.Q.C.)","CBQK.QA","4681026819","1.15659","Qatar"
"3332","Nippon Television Holdings","9404.T","4679550697","19.2256","Japan"
"3333","Gulf Bank","GBK.KW","4678683820","1118.72","Kuwait"
"3334","Cosmo Energy Holdings","5021.T","4678279840","29.4622","Japan"
"3335","BillionToOne","BLLN","4677650944","99.13","United States"
"3336","VEON","VEON","4677051904","67.92","Netherlands"
"3337","Remitly","RELY","4673984000","22.08","United States"
"3338","Beijing Enterprises Holdings","0392.HK","4671261470","3.71323","Hong Kong"
"3339","Kakao Pay","377300.KS","4670650802","34.5283","South Korea"
"3340","Sapporo","2501.T","4668936033","11.9725","Japan"
"3341","Torex Gold Resources","TXG.TO","4667961645","50.4129","Canada"
"3342","Azbil Corporation","6845.T","4667711280","9.36041","Japan"
"3343","Box, Inc.","BOX","4666198016","34.01","United States"
"3344","Atlas Arteria","ALX.AX","4664452361","3.20913","Australia"
"3345","Tutor Perini Corporation","TPC","4662451712","88.615","United States"
"3346","Hiab Oyj","HIAB.HE","4661049387","72.1667","Finland"
"3347","Amada Co., Ltd.","6113.T","4656801207","15.2326","Japan"
"3348","Greif","GEF","4654727168","81.88","United States"
"3349","360 One Wam","360ONE.NS","4654101692","11.4193","India"
"3350","LG Uplus Corp.","032640.KS","4652437552","10.9617","South Korea"
"3351","CP Axtra","CPAXT.BK","4647866142","0.445725","Thailand"
"3352","Metropolitan Bank (Metrobank)","MTPOY","4645830144","20.66","Philippines"
"3353","Cousins Properties","CUZ","4644129280","28.21","United States"
"3354","Gruma (Maseca)","GRUMAB.MX","4642981974","13.8378","Mexico"
"3355","SK Biopharmaceuticals","326030.KS","4642153689","59.2767","South Korea"
"3356","Springer Nature AG","SPG.DE","4641975128","23.3395","Germany"
"3357","MDA Space","MDA","4639875072","28.63","Canada"
"3358","Taiwan High Speed Rail","2633.TW","4639779201","0.824367","Taiwan"
"3359","Beijing Roborock Technology","688169.SS","4636744797","17.8633","China"
"3360","ServisFirst Bancshares","SFBS","4636229120","42.4","United States"
"3361","Beijing Yanjing Brewery","000729.SZ","4634149167","1.64417","China"
"3362","China Oilfield Services","2883.HK","4630298440","0.970388","China"
"3363","TECOM Group","TECOM.AE","4628495382","0.925699","United Arab Emirates"
"3364","Dukhan Bank","DUBK.QA","4624413687","0.883516","Qatar"
"3365","Tohoku Electric Power","9506.T","4624037689","9.23339","Japan"
"3366","Coca-Cola İçecek","CCOLA.IS","4618041949","1.65043","Turkey"
"3367","China Resources Gas Group","1193.HK","4613072950","2.04789","Hong Kong"
"3368","Brunswick Corporation","BC","4605801472","71.08","United States"
"3369","Frasers Group","FRAS.L","4605114543","10.7225","United Kingdom"
"3370","Sichuan Changhong Electric","600839.SS","4604938468","0.997551","China"
"3371","Marfrig Global Foods","MBRF3.SA","4600484742","3.30158","Brazil"
"3372","Hagerty","HGTY","4594081792","13.38","United States"
"3373","Nippon Prologis REIT","3283.T","4590213771","547.164","Japan"
"3374","SATS","S58.SI","4589219646","3.08732","Singapore"
"3375","Mobile TeleSystems","MTSS.ME","4588507685","2.31","Russia"
"3376","Fervo Energy Company","FRVO","4585306624","15.5559","United States"
"3377","Trex","TREX","4584952320","45.01","United States"
"3378","Zhejiang Supor","002032.SZ","4584611998","5.73144","China"
"3379","Mphasis","MPHASIS.NS","4583683761","24.0214","India"
"3380","CECO Environmental","CECO","4583675392","78.26","United States"
"3381","Haemonetics","HAE","4582462976","100.72","United States"
"3382","Paymentus","PAY","4582313984","36.385","United States"
"3383","KEI Industries","KEI.NS","4580903248","47.9171","India"
"3384","Alaska Airlines","ALK","4577859584","41.0191","United States"
"3385","Man Group","EMG.L","4573431641","4.12664","Jersey"
"3386","Sanwa Holdings","5929.T","4568188289","21.9321","Japan"
"3387","Reynolds Consumer Products","REYN","4567840256","21.67","United States"
"3388","Bharat Dynamics","BDL.NS","4565725155","12.4555","India"
"3389","Tamarack Valley Energy","TVE.TO","4563470142","9.60658","Canada"
"3390","RS Group","RS1.L","4562659621","9.95129","United Kingdom"
"3391","INFRONEER Holdings","5076.T","4561867302","18.0303","Japan"
"3392","Brink's","BCO","4560798720","110.75","United States"
"3393","Dave Inc.","DAVE","4560795136","357.555","United States"
"3394","Steadfast Group","SDF.AX","4558455606","4.09936","Australia"
"3395","Hirogin Holdings","7337.T","4554571722","15.3792","Japan"
"3396","Bicecorp","BICE.SN","4553385457","0.447426","Chile"
"3397","CTF Services Limited","0659.HK","4552222783","0.997167","Hong Kong"
"3398","Doximity","DOCS","4545272832","25.5","United States"
"3399","Mapletree Logistics Trust","M44U.SI","4544644066","0.884348","Singapore"
"3400","Tidewater","TDW","4542744064","91.3","United States"
"3401","MYR Group","MYRG","4541705728","291.71","United States"
"3402","NS Solutions Corporation","2327.T","4541191652","24.8178","Japan"
"3403","Transportadora de Gas del Sur","TGS","4538396160","30.145","Argentina"
"3404","Thai Oil","TOP.BK","4538113709","2.03153","Thailand"
"3405","Parabilis Medicines","PBLS","4534905344","36.71","United States"
"3406","EPR Properties","EPR","4534864896","59.195","United States"
"3407","Sanil Electric","062040.KS","4530296865","148.266","South Korea"
"3408","Sonae","SON.LS","4527729328","2.32815","Portugal"
"3409","Nelnet","NNI","4527172608","126.53","United States"
"3410","Electrical Industries Company (EIC)","1303.SR","4526427556","4.0687","Saudi Arabia"
"3411","Chefs' Warehouse","CHEF","4523877888","110.89","United States"
"3412","KBR","KBR","4523311104","35.88","United States"
"3413","Benefit Systems","BFT.WA","4522558422","1370.04","Poland"
"3414","Kulicke and Soffa Industries","KLIC","4516002816","86.3","Singapore"
"3415","Hang Lung Properties","0101.HK","4514917949","0.867739","Hong Kong"
"3416","NOBA Bank Group AB","NOBA.ST","4512500195","9.025","Sweden"
"3417","Petronet LNG","PETRONET.NS","4509106551","3.00607","India"
"3418","Atour Lifestyle","ATAT","4509007872","32.63","China"
"3419","Zhifei Biological Products","300122.SZ","4507748386","1.8831","China"
"3420","Aurizon Holdings","AZJ.AX","4507671704","2.67787","Australia"
"3421","Federated Hermes","FHI","4506867712","60.365","United States"
"3422","Fulton Financial","FULT","4503674368","23.59","United States"
"3423","L.D.C. S.A.","LOUP.PA","4503255049","127.961","France"
"3424","Daishi Hokuetsu Financial Group","7327.T","4497781452","17.1379","Japan"
"3425","Champion Homes","SKY","4495480832","82.82","United States"
"3426","VisEra Technologies","6789.TW","4492449193","14.1139","Taiwan"
"3427","Choice Hotels International","CHH","4489495040","98.68","United States"
"3428","Strauss Group","STRS.TA","4476170822","38.1873","Israel"
"3429","PTT Oil and Retail Business","OR.BK","4475439691","0.372953","Thailand"
"3430","Supreme Industries","SUPREMEIND.NS","4475130587","35.2146","India"
"3431","BlackBerry","BB","4471946240","7.63","Canada"
"3432","Indosat","ISAT.JK","4470336623","0.138612","Indonesia"
"3433","Air Water Inc.","4088.T","4465239064","19.4764","Japan"
"3434","Sumitomo Pharma","4506.T","4462002371","9.94665","Japan"
"3435","Berner Kantonalbank","BEKN.SW","4459504425","481.767","Switzerland"
"3436","Avis Budget Group","CAR","4458816512","126.22","United States"
"3437","Waystar","WAY","4456232960","23.24","United States"
"3438","Qatar International Islamic Bank","QIIK.QA","4449575819","2.93956","Qatar"
"3439","Dubai Investments","DIC.AE","4445467055","1.0455","United Arab Emirates"
"3440","UFP Industries","UFPI","4443258368","80.55","United States"
"3441","Kyushu Financial Group","7180.T","4438285970","10.5231","Japan"
"3442","Tokyo Tatemono","8804.T","4436409781","21.4175","Japan"
"3443","Concentra Group","CON","4435066880","34.78","United States"
"3444","Griffon Corporation","GFF","4433697792","96.665","United States"
"3445","Titan Cement International","TITC.BR","4432124086","59.3358","Belgium"
"3446","Toyo Seikan Group Holdings","5901.T","4430681320","29.4231","Japan"
"3447","Tauron Polska","TPE.WA","4425486772","2.52517","Poland"
"3448","Helmerich &amp; Payne","HP","4421299200","44.24","United States"
"3449","FAW Car","000800.SZ","4416835893","0.897497","China"
"3450","Permata Bank","BNLI.JK","4416633932","0.122069","Indonesia"
"3451","Nishi-Nippon Financial Holdings","7189.T","4414753133","31.6964","Japan"
"3452","Century Aluminum","CENX","4413616128","44.585","United States"
"3453","Centerra Gold","CGAU","4412905984","22.56","Canada"
"3454","International Bancshares Corp","IBOC","4412798976","70.955","United States"
"3455","Doosan Bobcat","241560.KS","4401685668","45.988","South Korea"
"3456","dLocal","DLO","4396380672","14.94","Uruguay"
"3457","Dottikon ES","DESN.SW","4394860428","317.905","Switzerland"
"3458","ESAB","ESAB","4394255872","70.72","United States"
"3459","Hanmi Pharm","128940.KS","4392465185","346.403","South Korea"
"3460","JB Financial Group","175330.KS","4392005277","23.7032","South Korea"
"3461","Aumovio SE","AMV0.DE","4391462533","43.8922","Germany"
"3462","Pepkor","PPH.JO","4387085700","1.18975","South Africa"
"3463","Türk Telekom","TTKOM.IS","4382805737","1.25223","Turkey"
"3464","Balkrishna Industries","BALKRISIND.NS","4379886970","22.6565","India"
"3465","Maruwa","5344.T","4377491456","354.744","Japan"
"3466","E-L Financial","ELF.TO","4377402789","12.6645","Canada"
"3467","Macnica Holdings","3132.T","4374544195","24.4986","Japan"
"3468","Tanger Inc.","SKT","4369853952","36.555","United States"
"3469","Excelerate Energy","EE","4363713024","38.48","United States"
"3470","Yuhan","000100.KS","4363703478","59.2767","South Korea"
"3471","Broadstone Net Lease","BNL","4363316224","20.495","United States"
"3472","RioCan REIT","REI-UN.TO","4361984260","14.958","Canada"
"3473","Koito Manufacturing","7276.T","4359170968","16.9295","Japan"
"3474","Embassy Office Parks REIT","EMBASSY.BO","4357493674","4.59703","India"
"3475","NHK Spring","5991.T","4356248040","21.5022","Japan"
"3476","Kintetsu GHD","9041.T","4356149428","22.9092","Japan"
"3477","Diodes Incorporated","DIOD","4355385856","94.576","United States"
"3478","Changchun High-Tech Industry","000661.SZ","4353266665","10.6714","China"
"3479","BRP (Bombardier Recreational Products)","DOO","4349417984","61.13","Canada"
"3480","Entain","ENT.L","4348280830","6.79475","Isle of Man"
"3481","OPENLANE Corporate","OPLN","4348128256","35.62","United States"
"3482","Iveco Group","IVG.MI","4345300488","16.3144","Italy"
"3483","Keisei Electric Railway Co., Ltd.","9009.T","4342757405","9.0054","Japan"
"3484","Vontier","VNT","4342637056","32.1201","United States"
"3485","Thermax","THERMAX.NS","4341348043","38.5388","India"
"3486","Adaro Energy","ADRO.JK","4337077333","0.15059","Indonesia"
"3487","Sumitomo Bakelite Company","4203.T","4336507710","49.4271","Japan"
"3488","Boot Barn Holdings","BOOT","4334064128","143.11","United States"
"3489","Comstock Resources","CRK","4333839360","14.76","United States"
"3490","Telephone and Data Systems","TDS","4330088448","37.615","United States"
"3491","Franklin Electric","FELE","4324102144","97.805","United States"
"3492","AMP Limited","AMP.AX","4323414391","1.77714","Australia"
"3493","Aspen Pharmacare","APN.JO","4321990000","9.73372","South Africa"
"3494","Ollie's Bargain Outlet","OLLI","4321524736","72.75","United States"
"3495","Alliance Laundry Holdings","ALH","4317699072","21.72","United States"
"3496","KEPCO Engineering & Construction Company","052690.KS","4317057784","113.477","South Korea"
"3497","Rubis","RUI.PA","4315706507","41.7557","France"
"3498","Neptune Insurance Holdings","NP","4315294208","31.445","United States"
"3499","AXT Inc","AXTI","4314114048","65.7908","United States"
"3500","Nomura Real Estate Master Fund","3462.T","4312866015","928.224","Japan"
"3501","Riyadh Cables Group Company","4142.SR","4309535880","28.7844","Saudi Arabia"
"3502","X-Energy, Inc.","XE","4307568640","14.985","United States"
"3503","Mapletree Industrial Trust","ME8U.SI","4305713285","1.50813","Singapore"
"3504","DMG Mori Aktiengesellschaft","GIL.F","4301493037","54.575","Germany"
"3505","Credit Saison","8253.T","4300317958","29.9311","Japan"
"3506","Texas Capital Bancshares","TCBI","4298745344","98.88","United States"
"3507","Archer Aviation","ACHR","4291128576","5.5727","United States"
"3508","Interpump Group","IP.MI","4290655545","40.8268","Italy"
"3509","Integer Holdings","ITGR","4289966592","126.205","United States"
"3510","THK Co.","6481.T","4288209172","38.2624","Japan"
"3511","Hikma Pharmaceuticals","HIK.L","4288206554","20.7144","United Kingdom"
"3512","Li Ning Company","2331.HK","4288126196","1.65897","China"
"3513","Makkah Construction &amp; Development","4100.SR","4287045509","21.4352","Saudi Arabia"
"3514","Arcadis","ARCAD.AS","4286034346","50.3019","Netherlands"
"3515","Kobe Bussan","3038.T","4284687315","19.3168","Japan"
"3516","NorthWestern Energy","NWE","4278566400","69.55","United States"
"3517","Par Pacific Holdings","PARR","4278508288","85.4","United States"
"3518","Mitsubishi Materials","5711.T","4274794097","32.7126","Japan"
"3519","China Power International Development","2380.HK","4274696529","0.345565","Hong Kong"
"3520","Sime Darby","4197.KL","4272314442","0.626844","Malaysia"
"3521","The Shiga Bank","8366.T","4270585371","18.5775","Japan"
"3522","Sumitomo Heavy Industries","6302.T","4269122413","35.9955","Japan"
"3523","Dexus","DXS.AX","4266026375","3.97731","Australia"
"3524","Covista Inc.","CVSA","4264383232","125.28","United States"
"3525","Hochschild Mining","HOC.L","4259891381","8.28034","United Kingdom"
"3526","ABC-Mart","2670.T","4259769214","17.2031","Japan"
"3527","ViTrox Corporation","0097.KL","4258389753","2.24926","Malaysia"
"3528","LivaNova","LIVN","4254602240","77.45","United Kingdom"
"3529","Global Power Synergy","GPSC.BK","4253533858","1.50849","Thailand"
"3530","LLB (Liechtensteinische Landesbank)","LLBN.SW","4251935504","139.682","Liechtenstein"
"3531","Warba Bank","WARBABANK.KW","4251738282","900.196","Kuwait"
"3532","Merdeka Copper Gold","MDKA.JK","4247991857","0.173978","Indonesia"
"3533","Bendigo and Adelaide Bank","BEN.AX","4247098291","7.35875","Australia"
"3534","Liberty Global","LBTYB","4246540032","12.45","United Kingdom"
"3535","Scorpio Tankers","STNG","4244144384","84.745","Monaco"
"3536","Grupo Elektra","XEKT.MC","4241775619","20.2458","Mexico"
"3537","Linamar","LNR.TO","4239959835","71.8835","Canada"
"3538","Aboitiz Power","ABZPY","4239924480","11.768","Philippines"
"3539","OHB SE","OHB.DE","4235784089","204.598","Germany"
"3540","Everbright Securities Company","6178.HK","4230258891","0.91747","Hong Kong"
"3541","Want Want China","0151.HK","4230225986","0.361505","Hong Kong"
"3542","Emperador Brandy","EMI.SI","4228415015","0.268463","Philippines"
"3543","United Community Bank","UCB","4226465536","35.29","United States"
"3544","Korn Ferry","KFY","4225042944","77.4401","United States"
"3545","Sega Sammy Holdings","6460.T","4223551287","20.8052","Japan"
"3546","Mandarin Oriental","M04.SI","4221123840","3.34","Hong Kong"
"3547","Kingsoft","3888.HK","4216741739","3.10881","China"
"3548","LEG Immobilien","LEG.DE","4215422695","54.8537","Germany"
"3549","DiaSorin","DIA.MI","4213979203","85.2299","Italy"
"3550","Regis Resources","RRL.AX","4204994019","5.54239","Australia"
"3551","Veradermics","MANE","4190756608","100.305","United States"
"3552","Estun Automation","002747.SZ","4179075345","4.31426","China"
"3553","Ansell","ANN.AX","4177596193","29.6791","Australia"
"3554","JTEKT Corporation","6473.T","4175125963","13.1156","Japan"
"3555","Meritage Homes","MTH","4173096960","64.03","United States"
"3556","HeartFlow","HTFL","4162469888","47.87","United States"
"3557","Clariant","CLN.SW","4161858674","12.6548","Switzerland"
"3558","HUB24 Limited","HUB.AX","4159431202","50.8651","Australia"
"3559","Valeo","FR.PA","4155079582","17.2027","France"
"3560","Americold","COLD","4154977024","14.485","United States"
"3561","Geo Group","GEO","4151939840","31.545","United States"
"3562","J. Front Retailing","3086.T","4144748770","16.9816","Japan"
"3563","Relay Therapeutics","RLAY","4141776640","18.9","United States"
"3564","GLP J-REIT","3281.T","4140851248","863.085","Japan"
"3565","Cleanaway Waste Management","CWY.AX","4136185909","1.84507","Australia"
"3566","Ondas Holdings","ONDS","4134474496","7.235","United States"
"3567","Cathay General Bancorp","CATY","4134255616","61.97","United States"
"3568","Globe Telecom, Inc.","GTMEY","4133570304","28.58","Philippines"
"3569","Krones","KRN.F","4130724504","130.748","Germany"
"3570","Page Industries","PAGEIND.NS","4128707940","370.159","India"
"3571","Persol Holdings","2181.T","4128010769","1.85059","Japan"
"3572","Cabot Corporation","CBT","4126866432","79.93","United States"
"3573","Seaboard Corporation","SEB","4124744192","4306.5","United States"
"3574","Hamamatsu","6965.T","4124570022","14.2849","Japan"
"3575","Kilroy Realty","KRC","4121059072","35.09","United States"
"3576","IGO Limited","IGO.AX","4120963751","5.44188","Australia"
"3577","Itron","ITRI","4119019776","94.07","United States"
"3578","Silgan Holdings","SLGN","4118956288","38.975","United States"
"3579","AZZ","AZZ","4115853568","136.96","United States"
"3580","NIKKON Holdings","9072.T","4114783100","33.175","Japan"
"3581","COPT Defense Properties","CDP","4111898880","35.495","United States"
"3582","Primoris Services Corporation","PRIM","4107098368","75.7","United States"
"3583","Bank Handlowy w Warszawie","BHW.WA","4105293537","31.484","Poland"
"3584","GMO Payment Gateway","3769.T","4102397262","54.0194","Japan"
"3585","Ottobock","OBCK.F","4101552037","64.0966","Germany"
"3586","Algonquin Power & Utilities","AQN","4099727360","5.325","Canada"
"3587","Saudi Tadawul Group Holding Company","1111.SR","4099587391","34.1632","Saudi Arabia"
"3588","FTI Consulting","FCN","4099352576","148.465","United States"
"3589","Lumine Group","LMN.V","4097634502","15.9677","Canada"
"3590","Brady Corporation","BRC","4096646400","87.35","United States"
"3591","Rohto Pharmaceutical","4527.T","4093966149","18.1606","Japan"
"3592","Travel + Leisure","TNL","4093643520","66.8","United States"
"3593","Taihan Cable & Solution Co., Ltd.","001440.KS","4092189081","22.0235","South Korea"
"3594","MIAX (Miami International Holdings)","MIAX","4090297600","41.22","United States"
"3595","WSFS Financial","WSFS","4089970688","79.59","United States"
"3596","Yamato Holdings","9064.T","4086375586","12.9039","Japan"
"3597","CCC Intelligent Solutions","CCC","4084678144","6.935","United States"
"3598","Qatar Electricity &amp; Water Company","QEWS.QA","4082692383","3.71154","Qatar"
"3599","Poonawalla Fincorp","POONAWALLA.NS","4081847711","4.66035","India"
"3600","Aya Gold &amp; Silver","AYA.TO","4081483727","28.3365","Canada"
"3601","Celcuity Inc.","CELC","4081410560","83.41","United States"
"3602","Bread Financial","BFH","4074363392","106.05","United States"
"3603","SL Green Realty","SLG","4072734208","53.08","United States"
"3604","Cinemark Theatres","CNK","4070824192","35.12","United States"
"3605","Global Health Limited (Medanta)","MEDANTA.NS","4070440647","15.1476","India"
"3606","Protector Forsikring","PROT.OL","4070212621","49.4469","Norway"
"3607","SiteOne Landscape Supply","SITE","4069555712","93.22","United States"
"3608","CyberAgent","4751.T","4067851470","8.02181","Japan"
"3609","Mercari","4385.T","4066787229","24.922","Japan"
"3610","Bank AlJazira","1020.SR","4066138543","3.18733","Saudi Arabia"
"3611","Envista","NVST","4064431360","25.305","United States"
"3612","Chugin Financial Group","5832.T","4062063671","22.8506","Japan"
"3613","Bill.com","BILL","4060454144","47.615","United States"
"3614","AGL Energy","AGL.AX","4057058402","6.03058","Australia"
"3615","Sabancı Holding","SAHOL.IS","4055388051","1.96118","Turkey"
"3616","Cavco Industries","CVCO","4055083008","527.36","United States"
"3617","Indivior PLC","INDV","4054987008","34.355","United States"
"3618","Toei Animation","4816.T","4052482085","19.8347","Japan"
"3619","NGEx Minerals","NGEX.TO","4050804345","18.6795","Canada"
"3620","The Berkeley Group","BKG.L","4049988694","44.4324","United Kingdom"
"3621","WaterBridge Infrastructure","WBI","4048129280","32.79","United States"
"3622","MDU Resources","MDU","4043968256","19.225","United States"
"3623","Sezzle","SEZL","4041338624","120.01","United States"
"3624","Lazard","LAZ","4040300800","41.46","Bermuda"
"3625","G-bits Network Technology","603444.SS","4036470763","56.0301","China"
"3626","Voltas","VOLTAS.NS","4034757344","12.1938","India"
"3627","Banco del Bajío","BBAJIOO.MX","4032713328","3.38903","Mexico"
"3628","SCHOTT Pharma","1SXP.DE","4031197219","26.765","Germany"
"3629","Odakyu Electric Railway","9007.T","4028927477","11.7608","Japan"
"3630","AIA Engineering","AIAENG.NS","4025302418","43.1342","India"
"3631","Aris Mining","ARIS","4021269760","19.48","Canada"
"3632","Pattern Group","PTRN","4018865664","20.185","United States"
"3633","COMSYS Holdings Corporation","1721.T","4016573655","34.9924","Japan"
"3634","Beijing New Building Materials","000786.SZ","4016386210","2.35948","China"
"3635","Mirion Technologies","MIR","4014567680","16.12","United States"
"3636","Tango Therapeutics","TNGX","4010397696","23.785","United States"
"3637","Corporación América Airports","CAAP","4009951488","24.545","Luxembourg"
"3638","USA Compression Partners","USAC","4007683328","27.65","United States"
"3639","Takashimaya Company","8233.T","4007215760","13.6758","Japan"
"3640","Mattel","MAT","4006942464","14.025","United States"
"3641","Wonik IPS","240810.KQ","4006571708","82.3454","South Korea"
"3642","Kewpie Corporation","2809.T","4004738507","29.6055","Japan"
"3643","MODEC, Inc.","6269.T","4004433279","58.5921","Japan"
"3644","Iida Group","3291.T","4001340875","14.4803","Japan"
"3645","Eagers Automotive Limited","APE.AX","4000887271","14.1719","Australia"
"3646","EQB (Equitable Bank)","EQB.TO","3997934910","93.9238","Canada"
"3647","Skeena Resources","SKE","3996614400","31.855","Canada"
"3648","MSI (Micro-Star International)","2377.TW","3983657301","4.71519","Taiwan"
"3649","Endeavour Group","EDV.AX","3983625788","2.21839","Australia"
"3650","Enliven Therapeutics","ELVN","3982265600","54.35","United States"
"3651","Jumbo S.A.","5JB.F","3981664547","29.6331","Greece"
"3652","Container Corporation of India","CONCOR.NS","3979880034","5.22556","India"
"3653","Athens International Airport","AIA.AT","3977205652","12.5058","Greece"
"3654","The Tel-Aviv Stock Exchange","TASE.TA","3975047221","42.8411","Israel"
"3655","Asmodee Group AB","ASMDEE-B.ST","3974605623","16.7902","Sweden"
"3656","Narayana Hrudayalaya","NH.NS","3973563088","19.5646","India"
"3657","Allreal Holding","ALLN.SW","3973525496","240.576","Switzerland"
"3658","OBIC Business Consultants","4733.T","3969916090","52.8078","Japan"
"3659","Genworth Financial","GNW","3969325312","10.505","United States"
"3660","Astral Poly Technik","ASTRAL.NS","3968734318","14.7729","India"
"3661","TUI","TUI1.F","3966588132","7.817","Germany"
"3662","Endurance Technologies","ENDURANCE.NS","3964295513","28.183","India"
"3663","Covivio Hotels","COVH.PA","3962406580","25.0813","France"
"3664","Asia Cement","1102.TW","3961825103","1.11709","Taiwan"
"3665","Fluidra","FDR.MC","3961329906","21.0404","Spain"
"3666","Imeik Technology Development","300896.SZ","3961116452","13.0906","China"
"3667","China Everbright Environment Group","0257.HK","3959687599","0.644588","Hong Kong"
"3668","Offshore Oil Engineering Co.,Ltd","600583.SS","3954948046","0.89451","China"
"3669","Parque Arauco","PARAUCO.SN","3947897232","4.02202","Chile"
"3670","Grand Canyon Education","LOPE","3947289088","151.44","United States"
"3671","CVB Financial","CVBF","3945862656","22.42","United States"
"3672","China Airlines","2610.TW","3941033005","0.647999","Taiwan"
"3673","ICU Medical","ICUI","3934232064","157.325","United States"
"3674","Toyoda Gosei","7282.T","3932926770","33.5398","Japan"
"3675","Cohen &amp; Steers","CNS","3931175936","76.45","United States"
"3676","Thai Life Insurance","TLI.BK","3923135441","0.342632","Thailand"
"3677","Independent Bank Corp.","INDB","3921924608","82.795","United States"
"3678","flatexDEGIRO AG","FTK.DE","3921117513","36.6465","Germany"
"3679","Huber+Suhner","HUBN.SW","3919368980","212.345","Switzerland"
"3680","JK Cement","JKCEMENT.NS","3917194514","50.696","India"
"3681","Caliway Biopharmaceuticals","6919.TW","3915374648","2.51582","Taiwan"
"3682","Rorze Corporation","6323.T","3913310665","22.564","Japan"
"3683","PLDT","PHI","3908449024","18.09","Philippines"
"3684","Sacyr","SCYR.MC","3899946383","4.90478","Spain"
"3685","Workiva","WK","3897852928","71.63","United States"
"3686","Bucher Industries","BUCN.SW","3896653855","397.074","Switzerland"
"3687","Ethos Technologies","LIFE","3891999744","40.61","United States"
"3688","Valvoline","VVV","3883473664","30.45","United States"
"3689","Patanjali Foods","PATANJALI.NS","3882844706","3.56919","India"
"3690","Coca-Cola Bottlers Japan","2579.T","3882097191","23.997","Japan"
"3691","Planet Fitness","PLNT","3880825600","51.165","United States"
"3692","Indian Railway Catering & Tourism","IRCTC.NS","3876072630","4.84509","India"
"3693","Secure Energy Services","SES.TO","3871495221","17.7563","Canada"
"3694","Northland Power","NPI.TO","3871323633","14.8042","Canada"
"3695","Robert Half","RHI","3869276928","37.8","United States"
"3696","Synaptics","SYNA","3865725184","98.85","United States"
"3697","Adaptive Biotechnologies","ADPT","3860623360","24.19","United States"
"3698","Internet Initiative Japan Inc.","3774.T","3858038423","21.7563","Japan"
"3699","Sheng Siong Group","OV8.SI","3856896633","2.56522","Singapore"
"3700","3M India","3MINDIA.NS","3856818600","342.37","India"
"3701","UWM Holdings","UWMC","3854758656","1.345","United States"
"3702","KDX Realty Investment","8972.T","3851892035","953.628","Japan"
"3703","ALSOK","2331.T","3851606017","7.9241","Japan"
"3704","TransAlta","TAC","3850952448","12.175","Canada"
"3705","Universal Display Corporation","OLED","3848803328","83.73","United States"
"3706","MediPal Holdings Corporation","7459.T","3848124715","18.799","Japan"
"3707","Energix Renewable Energies","ENRG.TA","3847677206","6.6407","Israel"
"3708","Höegh Autoliners","HAUTO.OL","3846111028","19.3011","Norway"
"3709","United Bank (Pakistan)","UBL.PK","3845938345","1.53577","Pakistan"
"3710","Daeduck Electronics","353200.KS","3845704672","74.6558","South Korea"
"3711","WesBanco","WSBC","3843428608","40.075","United States"
"3712","Gibson Energy","GEI.TO","3841503404","22.2567","Canada"
"3713","Mainfreight","MFT.NZ","3840183825","38.1354","New Zealand"
"3714","Fuji Corporation","6134.T","3839636398","43.6754","Japan"
"3715","NLC India","NLCINDIA.NS","3837416062","2.76743","India"
"3716","Sportradar","SRAD","3835533312","12.96","Switzerland"
"3717","New Hope Corporation","NHC.AX","3834505832","4.54448","Australia"
"3718","GPGI, Inc.","GPGI","3826548992","13.2","United States"
"3719","USA Rare Earth","USAR","3824975104","15.63","United States"
"3720","Telix Pharmaceuticals","TLX.AX","3822542625","11.2499","Australia"
"3721","Lemonade","LMND","3820684032","49.365","United States"
"3722","Westgold Resources Limited","WGX.AX","3815950473","4.04193","Australia"
"3723","Johnson Matthey","JMAT.L","3815706257","30.253","United Kingdom"
"3724","Sohar International Bank","BKSB.OM","3808096415","0.496104","Oman"
"3725","Avient","AVNT","3804526848","41.48","United States"
"3726","Cochin Shipyard Limited","COCHINSHIP.NS","3802748314","14.4547","India"
"3727","PUMA","PUM.DE","3801257375","25.8222","Germany"
"3728","Ionic Digital","IOND","3799027200","84.43","United States"
"3729","Siegfried Holding","SFZN.SW","3798979131","86.718","Switzerland"
"3730","Jiangsu Yuyue Medical Equipment &amp; Supply Co., Ltd.","002223.SZ","3794992779","3.78562","China"
"3731","Axiata Group","6888.KL","3794512952","0.412979","Malaysia"
"3732","Fattal Holdings (Leonardo Hotels)","FTAL.TA","3793990376","229.949","Israel"
"3733","Iovance Biotherapeutics","IOVA","3791370752","8.37","United States"
"3734","Thor Industries","THO","3790557696","72.815","United States"
"3735","NOF Corporation","4403.T","3787831799","16.9295","Japan"
"3736","Venture Corporation","V03.SI","3782794653","13.1626","Singapore"
"3737","Viking Therapeutics","VKTX","3781888000","32.42","United States"
"3738","Aperam","APAM.AS","3781377537","52.183","Luxembourg"
"3739","Inchcape","INCH.L","3779937954","10.9728","United Kingdom"
"3740","NH Foods (Nipponham)","2282.T","3778269849","40.692","Japan"
"3741","JOYY","JOYY","3776346880","77.11","China"
"3742","The Hyakugo Bank","8368.T","3772129865","15.6267","Japan"
"3743","Wilh. Wilhelmsen Holding","WWI.OL","3771430621","90.9108","Norway"
"3744","KLCC Property Holdings","5235SS.KL","3767767621","2.08702","Malaysia"
"3745","Nine Dragons Paper","2689.HK","3766475889","0.802706","China"
"3746","Dorman Products","DORM","3764797184","126.865","United States"
"3747","LEENO Industrial","058470.KQ","3762256894","49.5715","South Korea"
"3748","Trina Solar","688599.SS","3760618040","1.60534","China"
"3749","Athabasca Oil Corporation","ATH.TO","3759315687","7.81075","Canada"
"3750","Q2","QTWO","3758740992","60.28","United States"
"3751","Signet Jewelers","SIG","3753940480","97.97","Bermuda"
"3752","Asbury Automotive Group","ABG","3753386752","209.08","United States"
"3753","ERG","ERG.MI","3750328172","25.8012","Italy"
"3754","Fielmann","FIE.F","3748494377","44.647","Germany"
"3755","Sixt","SIX2.F","3747510448","79.8305","Germany"
"3756","Takasago Thermal Engineering","1969.T","3746390424","28.6284","Japan"
"3757","Fuji Media Holdings","4676.T","3744339636","26.2769","Japan"
"3758","Tobu Railway","9001.T","3743293324","19.1442","Japan"
"3759","Mueller Water Products","MWA","3743113216","23.975","United States"
"3760","Zuger Kantonalbank","ZUGER.SW","3741778745","13010.8","Switzerland"
"3761","SkyWest","SKYW","3739555840","96.31","United States"
"3762","Wendel","MF.PA","3738487131","96.7255","France"
"3763","Brembo","BRE.MI","3736411555","11.7456","Italy"
"3764","BancFirst","BANF","3731644672","111.065","United States"
"3765","Harvey Norman","HVN.AX","3730237431","2.99375","Australia"
"3766","Renasant Corp","RNST","3730216192","40.81","United States"
"3767","Nordic Semiconductor","NOD.OL","3728282313","18.8492","Norway"
"3768","China Gas","0384.HK","3727176388","0.684118","China"
"3769","Huhtamäki","HUH1V.HE","3725473104","35.4854","Finland"
"3770","St. Joe Company","JOE","3720974336","65.36","United States"
"3771","Minor International","MINT.BK","3717881128","0.661007","Thailand"
"3772","Bath &amp; Body Works","BBWI","3716323072","18.43","United States"
"3773","Apple Hospitality REIT","APLE","3715941632","15.74","United States"
"3774","Nisshin Seifun Group","2002.T","3714676633","13.285","Japan"
"3775","Atmus Filtration Technologies","ATMU","3714228480","45.52","United States"
"3776","Independence Realty Trust","IRT","3713508608","15.365","United States"
"3777","Mesaieed Petrochemical Holding Company","MPHC.QA","3710278504","0.29533","Qatar"
"3778","Masan Group","MSN.VN","3709477991","2.56549","Vietnam"
"3779","L&amp;T Technology Services","LTTS.NS","3705801817","34.932","India"
"3780","Apex Investment","APEX.AE","3705175415","1.04","United Arab Emirates"
"3781","Toyo Tire","5105.T","3704861964","24.0557","Japan"
"3782","PennyMac Financial Services","PFSI","3704147200","71.3","United States"
"3783","Madison Square Garden Entertainment","MSGE","3703762944","78.295","United States"
"3784","Société Foncière Lyonnaise","FLY.PA","3702190127","86.0641","France"
"3785","Drax Group","DRX.L","3701670048","10.9931","United Kingdom"
"3786","VietJet Aviation","VJC.VN","3699930493","4.81077","Vietnam"
"3787","Otter Tail","OTTR","3699769344","88.12","United States"
"3788","Inmobiliaria Colonial","COL.MC","3693154143","5.89875","Spain"
"3789","Sunrise Communications AG","SUNN.SW","3692345618","50.3247","Switzerland"
"3790","Ero Copper","ERO","3691791616","35.395","Canada"
"3791","AntarChile","ANTARCHILE.SN","3686431040","8.12338","Chile"
"3792","Wynn Macau","1128.HK","3686085655","0.698782","Macau"
"3793","Howard Hughes Holdings","HHH","3684489216","61.695","United States"
"3794","Gentera, S.A.B. de C.V.","GENTERA.MX","3681821730","2.33138","Mexico"
"3795","TOTVS","TOTS3.SA","3678525105","6.48925","Brazil"
"3796","Legend Biotech","LEGN","3673885952","18.89","United States"
"3797","Exide Industries","EXIDEIND.NS","3671263371","4.31913","India"
"3798","Loomis AB","LOOMIS.ST","3669448814","54.8315","Sweden"
"3799","Pulse Biosciences","PLSE","3667052032","51.415","United States"
"3800","WisdomTree","WT","3666593280","24.2","United States"
"3801","Iren","IRE.MI","3662099428","2.85416","Italy"
"3802","Kontoor Brands","KTB","3660699648","66.98","United States"
"3803","Indofood","INDF.JK","3656215302","0.416405","Indonesia"
"3804","Singapore Land","U06.SI","3654797681","2.5504","Singapore"
"3805","OFILM Group","002456.SZ","3654412220","1.04534","China"
"3806","iRhythm","IRTC","3652465664","110.805","United States"
"3807","Nikon","NINOY","3649937664","11.08","Japan"
"3808","monday.com","MNDY","3648256768","86.3","Israel"
"3809","F.I.B.I. Holdings","FIBIH.TA","3646129546","102.845","Israel"
"3810","JGC Holdings","1963.T","3645670428","15.06","Japan"
"3811","Badger Meter","BMI","3644661248","125.735","United States"
"3812","Taylor Wimpey","TW.L","3642856549","1.0529","United Kingdom"
"3813","İsdemir","ISDMR.IS","3640419527","1.25532","Turkey"
"3814","Bank für Tirol und Vorarlberg","BTS.VI","3639209841","98.1189","Austria"
"3815","Vend Marketplaces","VENDA.OL","3638040042","35.6446","Norway"
"3816","Cranswick","CWK.L","3634369166","67.9204","United Kingdom"
"3817","Peyto Exploration &amp; Development","PEY.TO","3632818762","17.6625","Canada"
"3818","Mandatum","MANTA.HE","3628594104","7.21087","Finland"
"3819","Espressif Systems (Shanghai)","688018.SS","3627909392","15.4785","China"
"3820","Samsung Card","029780.KS","3624792357","33.9684","South Korea"
"3821","Post Holdings","POST","3624446976","79.97","United States"
"3822","IDEAYA Biosciences","IDYA","3624145408","37.56","United States"
"3823","Hudco","HUDCO.NS","3619931411","1.80825","India"
"3824","Stadler Rail","SRAIL.SW","3618321459","36.1847","Switzerland"
"3825","Bel Fuse","BELFB","3618093056","250.57","United States"
"3826","NuScale Power","SMR","3617583616","8.815","United States"
"3827","SMG Swiss Marketplace Group Holding AG","SMG.SW","3617327574","36.9457","Switzerland"
"3828","Groupe SEB","SK.PA","3616045288","65.8964","France"
"3829","First Advantage","FA","3615415296","21.05","United States"
"3830","Santen Pharmaceutical","4536.T","3615380321","11.2364","Japan"
"3831","Meezan Bank","MEBL.PK","3613736536","1.99975","Pakistan"
"3832","Organo Corporation","6368.T","3609242471","78.4919","Japan"
"3833","Manchester United","MANU","3607326720","20.92","United Kingdom"
"3834","Wesdome Gold Mines","WDO.TO","3605761100","25.1199","Canada"
"3835","Brederode","BREB.BR","3600245344","122.852","Luxembourg"
"3836","Fastly","FSLY","3600179968","22.6","United States"
"3837","CRISIL","CRISIL.NS","3595954592","49.1721","India"
"3838","SAL Saudi Logistics Services","4263.SR","3595792762","44.9474","Saudi Arabia"
"3839","Alm. Brand","ALMB.CO","3594297355","2.64014","Denmark"
"3840","Granite REIT","GRP-UN","3590449408","59.19","Canada"
"3841","TORM","TRMD","3588761856","35.05","United Kingdom"
"3842","PI Industries","PIIND.NS","3587023134","23.6445","India"
"3843","LXP Industrial Trust","LXP","3585485824","60.815","United States"
"3844","DHT Holdings","DHT","3585072896","22.235","Bermuda"
"3845","Viva Energy","VEA.AX","3584796936","2.1825","Australia"
"3846","Organon","OGN","3581992960","13.64","United States"
"3847","Axcelis Technologies","ACLS","3580862976","115.955","United States"
"3848","Koei Tecmo","3635.T","3580361320","10.712","Japan"
"3849","Shift4 Payments","FOUR","3577683200","45.31","United States"
"3850","Sopra Steria Group","SOP.PA","3577652719","185.091","France"
"3851","Bridgepoint Group plc","BPT.L","3573514525","4.00758","United Kingdom"
"3852","Ayala Land","AYAAF","3573130240","0.25","Philippines"
"3853","Jet2","JET2.L","3573118974","19.6861","United Kingdom"
"3854","Interparfums","IPAR","3572475904","111.55","United States"
"3855","Harmonic Drive Systems","6324.T","3570377175","37.7152","Japan"
"3856","Tiantan Bio","600161.SS","3570040640","1.80545","China"
"3857","Marriott Vacations Worldwide","VAC","3567482624","103.72","United States"
"3858","ZIM Integrated Shipping Services","ZIM","3566176768","29.59","Israel"
"3859","CleanSpark","CLSK","3565905152","13.885","United States"
"3860","Rumble","RUM","3564875520","7.19","United States"
"3861","Haitian International Holdings","1882.HK","3563526658","2.23279","Hong Kong"
"3862","Fortuna Mining","FSM","3561847040","12.035","Canada"
"3863","Nicolet Bankshares","NIC","3559214336","169.83","United States"
"3864","Canadian Apartment Properties REIT","CAR-UN.TO","3557799156","23.1221","Canada"
"3865","ERock, Inc.","EROC","3555641088","13.01","United States"
"3866","BB Biotech","BION.SW","3553823261","64.4401","Switzerland"
"3867","Amplifon","AMP.MI","3553290507","13.3709","Italy"
"3868","Amylyx Pharmaceuticals","AMLX","3550283776","31.8631","United States"
"3869","Shikun &amp; Binui","SKBN.TA","3549479869","6.08951","Israel"
"3870","Constellium","CSTM","3548115968","26.18","France"
"3871","Air France-KLM","AF.PA","3545622100","13.5102","France"
"3872","Nichirei Corporation","2871.T","3544121835","14.1416","Japan"
"3873","M/I Homes","MHO","3539877120","140.01","United States"
"3874","CIE Automotive","CIE.MC","3539215263","29.8421","Spain"
"3875","Turk Altin Isletmeleri A.S.","TRALT.IS","3535757860","1.10406","Turkey"
"3876","Option Care Health","OPCH","3534931968","23.6","United States"
"3877","ROBOTIS","108490.KQ","3534698410","241.512","South Korea"
"3878","Newmark","NMRK","3532763392","14.435","United States"
"3879","DOF Group","DOFG.OL","3531961568","14.3413","Norway"
"3880","TechCreate Group","TCGL","3531553280","172.84","Singapore"
"3881","Unilever Indonesia","UNVR.JK","3531425008","0.0929782","Indonesia"
"3882","Yamaha","7951.T","3530201961","8.02507","Japan"
"3883","Mitie Group PLC","MTO.L","3528805445","2.82776","United Kingdom"
"3884","First Interstate BancSystem","FIBK","3527223296","37.01","United States"
"3885","Tarsus Pharmaceuticals","TARS","3525998592","80.35","United States"
"3886","Fermi Inc.","FRMI","3525772800","5.505","United States"
"3887","Atlanta Braves Holdings","BATRA","3520892416","54.87","United States"
"3888","ORION","271560.KS","3520608375","89.0644","South Korea"
"3889","Carel Industries","CRL.MI","3520300037","31.2935","Italy"
"3890","Kyushu Railway Company","9142.T","3513190964","22.8376","Japan"
"3891","National Bank of Fujairah","NBF.AE","3513155010","1.36","United Arab Emirates"
"3892","Firefly Aerospace","FLY","3512986368","20.985","United States"
"3893","Citizen Watch","7762.T","3512436219","14.3956","Japan"
"3894","Sharjah Islamic Bank","SIB.AE","3512093528","0.81","United Arab Emirates"
"3895","ITV plc","ITV.L","3511451409","0.953186","United Kingdom"
"3896","Eurazeo","RF.PA","3509014277","55.3182","France"
"3897","Palomar Holdings","PLMR","3508715008","132.385","United States"
"3898","National Healthcare","NHC","3500321792","223.5","United States"
"3899","Mouwasat Medical Services Company","4002.SR","3498868185","17.4943","Saudi Arabia"
"3900","Salzgitter","SZG.F","3495801383","63.5741","Germany"
"3901","Hualan Biological Engineering","002007.SZ","3489762370","1.91147","China"
"3902","Life360","LIF","3485730048","42.78","United States"
"3903","Star Bulk Carriers","SBLK","3484147200","31.2","Greece"
"3904","Highwoods Properties","HIW","3482027008","31","United States"
"3905","Energy Fuels","UUUU","3481772288","13.15","United States"
"3906","HEXPOL AB","HPOL-B.ST","3480546406","10.105","Sweden"
"3907","First Capital REIT","FCR-UN.TO","3476789752","16.3571","Canada"
"3908","United Breweries","UBL.NS","3476233066","13.1474","India"
"3909","The a2 Milk Company","A2M.AX","3475893370","4.77421","New Zealand"
"3910","Digital China Group Co., Ltd.","000034.SZ","3475474937","3.41825","China"
"3911","National Health Investors","NHI","3474071808","70.74","United States"
"3912","GRAIL","GRAL","3471137792","77.7128","United States"
"3913","Kenon Holdings","KEN","3470940416","66.61","Singapore"
"3914","Vidrala","VID.MC","3469130653","101.254","Spain"
"3915","Meitav Investment House","MTAV.TA","3467541617","40.6958","Israel"
"3916","Kuraray Co., Ltd.","3405.T","3466938518","11.5067","Japan"
"3917","K+S","SDF.F","3466787058","19.3567","Germany"
"3918","Star Health and Allied Insurance Company","STARHEALTH.NS","3465508183","5.88968","India"
"3919","Baytex Energy","BTE","3464536064","4.955","Canada"
"3920","QL Resources","7084.KL","3463947716","0.951327","Malaysia"
"3921","Peabody Energy","BTU","3461959936","28.4","United States"
"3922","CorVel Corporation","CRVL","3460132864","68.495","United States"
"3923","Doosan Robotics","454910.KS","3460020600","53.3789","South Korea"
"3924","Plus500","PLUS.L","3455754868","48.5996","Israel"
"3925","Teekay Tankers","TNK","3454659328","99.615","Canada"
"3926","GÜBRETAŞ","GUBRF.IS","3453871071","10.3409","Turkey"
"3927","Freenet","FNTN.F","3452289111","29.2615","Germany"
"3928","Giant Biogene","2367.HK","3449561343","3.24908","China"
"3929","Tata Investment Corporation","TATAINVEST.NS","3446983322","6.81285","India"
"3930","Delhivery","DELHIVERY.NS","3442958490","4.59493","India"
"3931","IPG Photonics","IPGP","3438917376","80.85","United States"
"3932","NCR Atleos Corporation","NATL","3436946432","46.51","United States"
"3933","Topaz Energy","TPZ.TO","3436418354","22.1918","Canada"
"3934","American States Water","AWR","3435616000","86.68","United States"
"3935","Kadokawa","9468.T","3434837750","23.3717","Japan"
"3936","Cal-Maine Foods","CALM","3432890368","73.5","United States"
"3937","Dalmia Bharat","DALBHARAT.NS","3431935560","18.2813","India"
"3938","CoreCivic","CXW","3431604224","34.7","United States"
"3939","Magnite","MGNI","3428554752","23.905","United States"
"3940","C&amp;D International Investment Group","1908.HK","3426031156","1.54931","Hong Kong"
"3941","Liberty Energy","LBRT","3425388032","20.99","United States"
"3942","Sims Limited","SGM.AX","3423785083","17.7184","Australia"
"3943","TowneBank","TOWN","3423414272","37.035","United States"
"3944","Dowa Holdings","5714.T","3423240380","57.8756","Japan"
"3945","Azelis Group","AZE.BR","3422347633","14.0618","Belgium"
"3946","New India Assurance","NIACL.NS","3422092470","2.07651","India"
"3947","Shaftesbury Capital","SHC.L","3420740260","1.86849","United Kingdom"
"3948","Sino-American Silicon Products","5483.TWO","3420702808","5.56962","Taiwan"
"3949","Alliance Resource Partners","ARLP","3419750912","26.58","United States"
"3950","Stride (K12 Education)","LRN","3419543808","82.28","United States"
"3951","Sumitomo Rubber Industries","5110.T","3418292491","13.0049","Japan"
"3952","Worley","WOR.AX","3417017596","7.00696","Australia"
"3953","Pandox AB","PNDX-B.ST","3416129138","17.5543","Sweden"
"3954","First Financial Bank","FFBC","3412134144","32.51","United States"
"3955","Inter Cars","CAR.WA","3411774337","243.384","Poland"
"3956","Mechanics Bancorp","MCHB","3409968128","15.4","United States"
"3957","HNI Corporation","HNI","3409507328","47.235","United States"
"3958","Vanke","2202.HK","3407809116","0.285633","China"
"3959","Hamilton Insurance Group","HG","3406140928","34.54","Bermuda"
"3960","Laboratorios Farmaceuticos Rovi","ROVI.MC","3405772138","66.5931","Spain"
"3961","Mitsubishi Logistics","9301.T","3405108792","10.0216","Japan"
"3962","China Resources Pharmaceutical Group","3320.HK","3404733546","0.541938","Hong Kong"
"3963","Daiwa House REIT Investment Corporation","8984.T","3403723101","749.744","Japan"
"3964","WillScot","WSC","3399142400","18.76","United States"
"3965","Academy Sports + Outdoors","ASO","3396691712","55.16","United States"
"3966","Group 1 Automotive","GPI","3395329024","284.79","United States"
"3967","Park National Corp","PRK","3393894400","187.88","United States"
"3968","Qatar Fuel Company (WOQOD)","QFLS.QA","3392487990","3.41209","Qatar"
"3969","Sprott Inc","SII","3389251072","131.71","Canada"
"3970","National Energy Services Reunited","NESR","3388618752","33.6","United States"
"3971","Nabtesco Corporation","6268.T","3388483277","28.9085","Japan"
"3972","Commercial Bank of Kuwait","CBK.KW","3385327127","1715.59","Kuwait"
"3973","Tenable","TENB","3384601600","30.73","United States"
"3974","Denali Therapeutics","DNLI","3379174144","21.14","United States"
"3975","Tikehau Capital","TKO.PA","3378508078","19.6006","France"
"3976","DB HiTek","000990.KS","3378097369","78.9859","South Korea"
"3977","Karur Vysya Bank","KARURVYSYA.NS","3377365556","3.49382","India"
"3978","Dyne Therapeutics","DYN","3377308928","18.085","United States"
"3979","Seabridge Gold","SA","3376368896","31.3","Canada"
"3980","UCT (Ultra Clean Holdings)","UCTT","3373138688","74.5","United States"
"3981","Curbline Properties","CURB","3372914944","29.32","United States"
"3982","Lionsgate Studios","LION","3369863424","11.325","United States"
"3983","AbCellera","ABCL","3366852096","10.39","Canada"
"3984","Quilter","QLT.L","3366308999","2.49222","United Kingdom"
"3985","Optima bank","OPTIMA.AT","3363126377","15.2113","Greece"
"3986","L&F Co., Ltd.","066970.KS","3362617753","89.4635","South Korea"
"3987","Jubilant FoodWorks","JUBLFOOD.NS","3361640993","5.11141","India"
"3988","Nitto Boseki","3110.T","3361424955","18.4668","Japan"
"3989","Growthpoint Properties","GRT.JO","3359142200","0.991971","South Africa"
"3990","PPB Group Berhad","4065.KL","3357350268","2.36234","Malaysia"
"3991","COSMOS Pharmaceutical","3349.T","3356270023","42.3466","Japan"
"3992","Netwealth","NWL.AX","3355904741","13.6693","Australia"
"3993","Polaris","PII","3355316224","58.965","United States"
"3994","Paramount Resources","POU.TO","3354579220","22.9923","Canada"
"3995","AllianceBernstein","AB","3354430976","36.04","United States"
"3996","Golden Agri-Resources","E5H.SI","3353218683","0.264415","Singapore"
"3997","Blue Star","BLUESTARCO.NS","3352661969","16.3073","India"
"3998","United States Lime &amp; Minerals","USLM","3352091904","116.845","United States"
"3999","Amot Investment","AMOT.TA","3350050643","6.78263","Israel"
"4000","Sinch","SINCH.ST","3348880315","4.76652","Sweden"
"4001","Ventia Services Group","VNT.AX","3346685873","4.09218","Australia"
"4002","Simmons First National","SFNC","3344771840","23.145","United States"
"4003","Keppel REIT","K71U.SI","3342329382","0.671157","Singapore"
"4004","Tate &amp; Lyle","TATE.L","3341239979","7.54972","United Kingdom"
"4005","The Japan Steel Works","5631.T","3340125189","45.3755","Japan"
"4006","Escorts Kubota","ESCORTS.NS","3339401459","30.3506","India"
"4007","Dr Lal PathLabs","LALPATHLAB.NS","3336409673","19.9812","India"
"4008","Kinaxis","KXS.TO","3331449765","122.534","Canada"
"4009","Shihlin Electric & Engineering Corp.","1503.TW","3330263907","6.3924","Taiwan"
"4010","Versigent","VGNT","3328549120","46.99","Switzerland"
"4011","ZPMC (Shanghai Zhenhua Heavy Industries)","600320.SS","3328328691","0.633176","China"
"4012","Dana Incorporated","DAN","3327346688","30.93","United States"
"4013","NSK Ltd.","6471.T","3326014707","6.7972","Japan"
"4014","Veracyte","VCYT","3325764352","41.37","United States"
"4015","Golub Capital","GBDC","3320943872","12.79","United States"
"4016","Marui Group","8252.T","3320573971","18.5808","Japan"
"4017","Paladin Energy","PDN.AX","3316393735","7.38029","Australia"
"4018","Delek Logistics Partners","DKL","3314097152","57.34","United States"
"4019","Yadea Group","1585.HK","3314038572","1.09153","China"
"4020","SmartCentres REIT","SRU-UN.TO","3309262667","19.4079","Canada"
"4021","Freddie Mac","FMCC","3308803328","5.09","United States"
"4022","SYNLAB","SYAB.VI","3307393271","15.049","Germany"
"4023","Kerry Properties","0683.HK","3307246830","2.28762","Hong Kong"
"4024","NMI Holdings","NMIH","3306952704","43.965","United States"
"4025","Predictive Discovery Limited","PDI.AX","3305967005","3.34554","Australia"
"4026","LG Display","LPL","3305000192","3.305","South Korea"
"4027","SKC Co., Ltd.","011790.KS","3303915086","66.8916","South Korea"
"4028","NovaGold Resources","NG","3299674112","7.5201","Canada"
"4029","Community Financial System","CBU","3299543296","62.71","United States"
"4030","Array Digital Infrastructure","AD","3299172096","38.15","United States"
"4031","Standex International","SXI","3296467968","268.41","United States"
"4032","Knife River Corporation","KNF","3293413632","58.02","United States"
"4033","Van Lanschot Kempen","VLK.AS","3289791531","77.9145","Netherlands"
"4034","ScottsMiracle-Gro","SMG","3288863232","56.49","United States"
"4035","Old Mutual","OMU.JO","3283728000","0.812796","South Africa"
"4036","FS KKR Capital","FSK","3283641088","11.8826","United States"
"4037","Ashland","ASH","3281552896","71.66","United States"
"4038","Lisi S.A.","FII.PA","3280651094","71.7603","France"
"4039","NH Hotel Group","NHH.MC","3280482487","7.53012","Spain"
"4040","Seacoast Banking","SBCF","3280356608","33.88","United States"
"4041","Unite Group (Unite Students)","UTG.L","3277442603","6.37803","United Kingdom"
"4042","Bilfinger","GBF.F","3274904768","88.6554","Germany"
"4043","Acadian Asset Management","AAMI","3273964288","92.25","United States"
"4044","Comet Holding","COTN.SW","3273429568","421.254","Switzerland"
"4045","Japan Airport Terminal","9706.T","3270560609","35.2334","Japan"
"4046","Suntec REIT","T82U.SI","3270523772","1.10543","Singapore"
"4047","Bitdeer Technologies Group","BTDR","3269540352","12.03","Singapore"
"4048","Bestechnic","688608.SS","3267601291","13.794","China"
"4049","Hangzhou EZVIZ Network","688475.SS","3266942214","4.1485","China"
"4050","Esentia Energy Systems","ESENTIAII.MX","3264624421","3.05667","Mexico"
"4051","QinetiQ","QQ.L","3263800237","6.39156","United Kingdom"
"4052","Ebro Foods","EBRO.MC","3262403810","21.203","Spain"
"4053","Hercules Capital","HTGC","3257589504","17.405","United States"
"4054","Mainova","MNV6.F","3257083160","434.278","Germany"
"4055","Serco Group","SRP.L","3254376278","3.35814","United Kingdom"
"4056","Kansai Paint","4613.T","3253498385","18.3202","Japan"
"4057","PVH Corp.","PVH","3251333120","70.47","United States"
"4058","QuantumScape","QS","3251041792","5.285","United States"
"4059","TechnoPro Holdings","6028.T","3246446499","31.1589","Japan"
"4060","GS Yuasa Corporation","6674.T","3242495035","32.3217","Japan"
"4061","LIC Housing Finance","LICHSGFIN.NS","3240846401","5.89177","India"
"4062","Trigano","TRI.PA","3237672700","169.763","France"
"4063","Gujarat Gas","GUJGASLTD.NS","3232024347","3.44481","India"
"4064","Greencoat UK Wind","UKW.L","3230605096","1.49641","United Kingdom"
"4065","Shufersal","SAE.TA","3230033974","12.1064","Israel"
"4066","United Urban Investment Corporation","8960.T","3228786046","1009","Japan"
"4067","Cembra Money Bank","CMBN.SW","3226826640","108.014","Switzerland"
"4068","OSI Systems","OSIS","3225458688","202.325","United States"
"4069","RXO","RXO","3222656768","19.54","United States"
"4070","Redington India","REDINGTON.NS","3221525834","4.12079","India"
"4071","Wingstop Restaurants","WING","3221431040","118.25","United States"
"4072","Kadant","KAI","3220464128","272.71","United States"
"4073","LIXIL Corporation","5938.T","3216522298","11.1843","Japan"
"4074","Milaha - Qatar Navigation","QNNS.QA","3214972250","2.82967","Qatar"
"4075","Primary Health Properties","PHP.L","3209078720","1.23664","United Kingdom"
"4076","Mitsubishi Motors","7211.T","3208161836","2.3971","Japan"
"4077","Syrma SGS Technology","SYRMA.NS","3204300512","16.6349","India"
"4078","Regencell Bioscience","RGC","3204288000","6.48","Hong Kong"
"4079","Wix.com","WIX","3203475456","76.5475","Israel"
"4080","El Al Israel Airlines","ELAL.TA","3203357858","5.4129","Israel"
"4081","Exponent","EXPO","3203179776","67.37","United States"
"4082","Assured Guaranty","AGO","3202565888","72.82","Bermuda"
"4083","Micronics Japan Co., Ltd.","6871.T","3202314913","82.5956","Japan"
"4084","Honeywell Automation India","HONAUT.NS","3202236478","361.943","India"
"4085","Vicat S.A.","VCT.PA","3200417743","71.8765","France"
"4086","Aldrees Petroleum and Transport Services","4200.SR","3197976064","31.9798","Saudi Arabia"
"4087","Craftsman Automation","CRAFTSMAN.NS","3194432385","122.137","India"
"4088","Japan Petroleum Exploration","1662.T","3193859680","12.5131","Japan"
"4089","Asyad Shipping Company","ASCO.OM","3192892677","0.612987","Oman"
"4090","BankUnited","BKU","3192273152","44.815","United States"
"4091","Grupa Kety","KTY.WA","3189010083","323.437","Poland"
"4092","Allied Gold Corporation","AAUC.TO","3187851217","22.8769","Canada"
"4093","dormakaba","DOKA.SW","3185212305","76.5917","Switzerland"
"4094","Black Stone Minerals","BSM","3184851712","14.9727","United States"
"4095","Atkore","ATKR","3184462336","94.29","United States"
"4096","Seek Limited","SEK.AX","3184184593","8.89511","Australia"
"4097","Breville Group","BRG.AX","3183973603","21.9829","Australia"
"4098","Meiko Electronics","6787.T","3179937885","123.893","Japan"
"4099","Iwatani Corporation","8088.T","3176325527","13.7996","Japan"
"4100","Atlanta Braves Holdings, Inc.","BATRK","3176310784","49.5","United States"
"4101","Jason Furniture (Kuka Home)","603816.SS","3175450468","3.4302","China"
"4102","Nahdi Medical Company","4164.SR","3172546891","24.4042","Saudi Arabia"
"4103","Hexaware Technologies","HEXT.NS","3172463008","5.20253","India"
"4104","Port of Tauranga","POT.NZ","3168930769","4.65848","New Zealand"
"4105","National Bank of Bahrain","NBB.BH","3167696404","0","Bahrain"
"4106","Comgás","CGAS5.SA","3165502191","23.8869","Brazil"
"4107","Kyivstar Group","KYIV","3165414400","13.71","United Arab Emirates"
"4108","Mivne Real Estate (K.D)","MVNE.TA","3163286734","4.36993","Israel"
"4109","North Pacific Bank","8524.T","3163152286","8.45498","Japan"
"4110","Aehr Test Systems","AEHR","3161444096","96.8","United States"
"4111","Takara Holdings","2531.T","3161246855","16.5126","Japan"
"4112","Neuland Laboratories","NEULANDLAB.NS","3160471512","246.337","India"
"4113","Astronics Corporation","ATRO","3159015680","73.45","United States"
"4114","Chesapeake Utilities","CPK","3155896576","130.915","United States"
"4115","TRIAL Holdings","141A.T","3154902176","25.6971","Japan"
"4116","West African Resources","WAF.AX","3153141859","2.75684","Australia"
"4117","Knowles","KN","3151641344","36.9","United States"
"4118","Bright Horizons","BFAM","3148406528","64.735","United States"
"4119","Gaon Cable","000500.KS","3137001916","189.626","South Korea"
"4120","Liftoff Mobile","LFTO","3136019712","18.52","United States"
"4121","Steve Madden","SHOO","3134906880","42.84","United States"
"4122","Hanwha Engine","082740.KS","3132786217","37.5519","South Korea"
"4123","Freshpet","FRPT","3130983424","65.15","United States"
"4124","BIC","BB.PA","3130902385","77.4501","France"
"4125","Lion Corp","4912.T","3130743942","11.3146","Japan"
"4126","NOS","NOS.LS","3127490439","6.10195","Portugal"
"4127","Aluminium Bahrain (Alba)","ALBH.BH","3126259913","1.39788","Bahrain"
"4128","Dexerials Corporation","4980.T","3126105336","18.6622","Japan"
"4129","Tokyo Kiraboshi Financial Group","7173.T","3125109397","10.9172","Japan"
"4130","Mobimo Holding","MOBN.SW","3125012039","419.781","Switzerland"
"4131","Warby Parker","WRBY","3124811776","25.28","United States"
"4132","Park Hotels &amp; Resorts","PK","3123764480","15.515","United States"
"4133","Vesta Real Estate","VTMX","3123247360","33.66","Mexico"
"4134","First Hawaiian Bank","FHB","3122933504","25.665","United States"
"4135","Solvay","SOLB.VI","3122692966","29.8885","Belgium"
"4136","Aozora Bank","8304.T","3116118416","22.5184","Japan"
"4137","Carl Zeiss Meditec","AFXA.F","3110315966","35.5318","Germany"
"4138","Hilton Grand Vacations","HGV","3109742848","40.01","United States"
"4139","Megaport Limited","MP1.AX","3109132795","12.8006","Australia"
"4140","Yamada Holdings","9831.T","3108754532","4.67499","Japan"
"4141","Downer EDI Limited","DOW.AX","3108407196","4.71678","Australia"
"4142","Dynex Capital","DX","3108141568","12.5244","United States"
"4143","Elecnor","ENO.MC","3107689380","36.693","Spain"
"4144","AJ Bell","AJB.L","3104662860","7.9015","United Kingdom"
"4145","Momentum Metropolitan","MTM.JO","3100354300","2.40677","South Africa"
"4146","Arcus Biosciences","RCUS","3100308224","24.65","United States"
"4147","Freshworks","FRSH","3095824896","11.865","United States"
"4148","Centrus Energy","LEU","3093729536","155.05","United States"
"4149","NOK Corporation","7240.T","3092759964","19.6783","Japan"
"4150","Avista","AVA","3088804608","36.88","United States"
"4151","Hebei Changshan Biochemical Pharmaceutical Co., Ltd.","300255.SZ","3088057536","3.36001","China"
"4152","Südzucker","SZU.F","3086932927","15.1184","Germany"
"4153","Rinnai Corporation","5947.T","3086620833","22.3555","Japan"
"4154","Tofaş Türk Otomobil Fabrikası","TOASO.IS","3084272929","6.16855","Turkey"
"4155","BBVA Argentina","BBAR","3083974144","15.1","Argentina"
"4156","Suruga Bank","8358.T","3077024092","18.2779","Japan"
"4157","Kamigumi","9364.T","3074512261","31.3251","Japan"
"4158","Construcciones y Auxiliar de Ferrocarriles","CAF.MC","3073867177","89.7585","Spain"
"4159","Aveanna Healthcare","AVAH","3071350016","14.07","United States"
"4160","Gulfport Energy","GPOR","3070803200","173.65","United States"
"4161","Schneider Electric Infrastructure","SCHNEIDER.NS","3070762510","12.8428","India"
"4162","uniQure","QURE","3069810688","44.255","Netherlands"
"4163","Bank of Queensland","BOQ.AX","3069802454","4.68088","Australia"
"4164","Dubai Financial Market (DFM)","DFM.AE","3069516214","0.383893","United Arab Emirates"
"4165","Olam","VC2.SI","3068574296","0.813284","Singapore"
"4166","Walliser Kantonalbank","WKBN.SW","3067530424","195.161","Switzerland"
"4167","HUGO BOSS","BOSS.DE","3064536197","44.4032","Germany"
"4168","Becle","CUERVO.MX","3064342227","0.853298","Mexico"
"4169","Sugi Holdings","7649.T","3063768248","8.23351","Japan"
"4170","ENAV","ENAV.MI","3061759494","5.66651","Italy"
"4171","F&G Annuities & Life, Inc.","FG","3059955968","23.37","United States"
"4172","B&M European Value Retail","BME.L","3059902864","3.04154","Luxembourg"
"4173","Royal Unibrew","RBREW.CO","3058682776","64.5436","Denmark"
"4174","Navitas Semiconductor","NVTS","3056099328","11.705","Ireland"
"4175","Meidensha Corporation","6508.T","3049498750","67.2229","Japan"
"4176","CarGurus","CARG","3048985088","34.23","United States"
"4177","Sasa Polyester","SASA.IS","3046828304","0.0580327","Turkey"
"4178","Aktor","AKTR.AT","3045445290","11.6349","Greece"
"4179","Hakuhodo DY Holdings","2433.T","3044963238","8.48104","Japan"
"4180","TriNet","TNET","3043484160","66.3","United States"
"4181","GoTo","GOTO.JK","3040592151","0.00285209","Indonesia"
"4182","Bravida Holding","BRAV.ST","3040154177","14.9315","Sweden"
"4183","Melexis NV","MELE.BR","3038336623","77.1598","Belgium"
"4184","ALSO Holding","ALSN.SW","3038051665","238.612","Switzerland"
"4185","Juroku Financial Group","7380.T","3037525289","17.151","Japan"
"4186","ZF Commercial Vehicle Control Systems India","ZFCVINDIA.NS","3035369367","26.6716","India"
"4187","Provident Financial Services","PFS","3032977920","23.255","United States"
"4188","Virbac SA","VIRP.PA","3031672062","361.705","France"
"4189","Cushman &amp; Wakefield","CWK","3030153984","12.91","United States"
"4190","Endeavour Silver","EXK","3025115904","10.215","Canada"
"4191","Invincible Investment Corporation","8963.T","3023337113","395.391","Japan"
"4192","TISCO Financial Group","TISCO.BK","3022667212","3.77502","Thailand"
"4193","Jungheinrich","JUN3.F","3022573241","29.6331","Germany"
"4194","Ferrotec Holdings Corporation","6890.T","3021049187","56.1494","Japan"
"4195","Bangkok Expressway and Metro (BEM)","BEM.BK","3020099574","0.201637","Thailand"
"4196","MARAFIQ (The Power and Water Utility Company for Jubail and Yanbu)","2083.SR","3015577006","12.0623","Saudi Arabia"
"4197","Workman","7564.T","3014261821","36.9335","Japan"
"4198","Toho Gas","9533.T","3013816999","8.46801","Japan"
"4199","Tomra","TOM.OL","3012734700","10.1885","Norway"
"4200","The Vita Coco Company","COCO","3011828992","52.05","United States"
"4201","Daido Steel","5471.T","3011105169","15.0665","Japan"
"4202","Tecan","TECN.SW","3009708506","244.259","Switzerland"
"4203","Treasury Wine Estates","TWE.AX","3008324409","3.71886","Australia"
"4204","Exxaro Resources","EXX.JO","3006216000","12.8392","South Africa"
"4205","Ambarella","AMBA","3006000128","68.1","United States"
"4206","Bellway","BWY.L","3005896249","26.8029","United Kingdom"
"4207","Russel Metals","RUS.TO","3005606092","54.7402","Canada"
"4208","Mr D.I.Y. Group","5296.KL","3005394557","0.317109","Malaysia"
"4209","Arcutis Biotherapeutics","ARQT","3004037888","23.9","United States"
"4210","Al Rajhi Company for Cooperative Insurance","8230.SR","3003594665","15.018","Saudi Arabia"
"4211","Nagase &amp; Co.","8012.T","3000218575","7.34763","Japan"
"4212","Kingsoft Cloud","KC","2999684096","10.02","China"
"4213","Plug Power","PLUG","2996983808","2.145","United States"
"4214","Perfect World Entertainment","002624.SZ","2995530840","1.54411","China"
"4215","Keio Corporation","9008.T","2995113803","5.17395","Japan"
"4216","Hill &amp; Smith PLC","HILS.L","2992944194","38.4251","United Kingdom"
"4217","Bank of Hawaii","BOH","2992707072","75.86","United States"
"4218","California Water Service Group","CWT","2991157248","48.37","United States"
"4219","ArcBest","ARCB","2990722816","133.805","United States"
"4220","Seadrill","SDRL","2989480960","47.8","Bermuda"
"4221","BIPROGY","8056.T","2989370827","30.9408","Japan"
"4222","Infleqtion","INFQ","2988234496","13.26","United States"
"4223","NCsoft","036570.KS","2987486012","153.418","South Korea"
"4224","DigitalBridge Group","DBRG","2982112256","15.905","United States"
"4225","KB Home","KBH","2979959296","48.605","United States"
"4226","Groupe Lagardère","MMB.PA","2979845437","20.8546","France"
"4227","Perpetua Resources","PPTA","2979781888","23.82","United States"
"4228","Agilysys","AGYS","2979236352","105.625","United States"
"4229","Guoco","0053.HK","2979085836","9.05356","Hong Kong"
"4230","Enea","ENA.WA","2977008706","5.61985","Poland"
"4231","Bandhan Bank","BANDHANBNK.NS","2976760812","1.8476","India"
"4232","Nifco Inc.","7988.T","2976503028","31.9114","Japan"
"4233","Veidekke","VEI.OL","2976500592","22.0553","Norway"
"4234","CDSL","CDSL.NS","2975088800","14.2349","India"
"4235","Asset World Corp","AWC.BK","2971535022","0.0927835","Thailand"
"4236","Crane NXT","CXT","2971314432","51.62","United States"
"4237","NetLink Trust","CJLU.SI","2969337731","0.76196","Singapore"
"4238","TGS ASA","TGS.OL","2963986288","15.0837","Norway"
"4239","Vodafone Qatar","VFQS.QA","2963545093","0.701099","Qatar"
"4240","Taseko Mines","TGB","2962958848","8.095","Canada"
"4241","CBIZ","CBZ","2959552000","54.54","United States"
"4242","Acer","2353.TW","2958641350","0.984177","Taiwan"
"4243","Outokumpu","OUT1V.HE","2958426393","6.27613","Finland"
"4244","Adeia","ADEA","2957713664","26.82","United States"
"4245","Charoen Pokphand Indonesia","CPIN.JK","2955774429","0.180252","Indonesia"
"4246","Kalmar Oyj","KALMAR.HE","2955687146","46.261","Finland"
"4247","SpareBank 1","SPOL.OL","2952387266","21.7379","Norway"
"4248","YETI Holdings","YETI","2951666944","40.44","United States"
"4249","KWS","KWS.F","2950534150","89.4101","Germany"
"4250","Maximus","MMS","2949836544","56.34","United States"
"4251","Select Water Solutions","WTTR","2946738432","20.645","United States"
"4252","Alleima AB","ALLEI.ST","2946157581","11.7717","Sweden"
"4253","Alfamart","AMRT.JK","2941660552","0.0715875","Indonesia"
"4254","Foxconn Technology Co., Ltd.","2354.TW","2940875857","2.07911","Taiwan"
"4255","SPS Commerce","SPSC","2936534272","81.57","United States"
"4256","Green Brick Partners","GRBK","2936339968","68.27","United States"
"4257","Talos Energy","TALO","2931913472","17.56","United States"
"4258","Piramal Pharma","PPLPHARMA.NS","2931156221","2.21216","India"
"4259","National Beverage","FIZZ","2930158848","31.3","United States"
"4260","Power Integrations","POWI","2929436928","52.43","United States"
"4261","BioArctic AB","BIOA-B.ST","2928767934","33.0022","Sweden"
"4262","Banc of California","BANC","2926954752","18.475","United States"
"4263","Premium Brands","PBH.TO","2924965187","56.2613","Canada"
"4264","Pony AI","PONY","2923603456","6.73","China"
"4265","Zealand Pharma","ZEAL.CO","2923337609","43.2051","Denmark"
"4266","Celldex Therapeutics","CLDX","2919728128","37.18","United States"
"4267","Columbia Sportswear","COLM","2918011904","57","United States"
"4268","Multiplan Empreendimentos Imobiliários","MULT3.SA","2916478414","5.93931","Brazil"
"4269","Unibel S.A.","UNBL.PA","2915692559","1370.66","France"
"4270","Valiant Holding","VATN.SW","2913707644","184.851","Switzerland"
"4271","Central Bank of India","CENTRALBK.NS","2912288726","0.32175","India"
"4272","MBX Biosciences","MBX","2912000256","60.465","United States"
"4273","Ardagh Metal Packaging","AMBP","2910829568","4.87","Luxembourg"
"4274","Shikoku Electric Power Company","9507.T","2910755502","14.1644","Japan"
"4275","Garden Reach Shipbuilders & Engineers Limited","GRSE.NS","2910560809","25.4082","India"
"4276","DXP Enterprises","DXPE","2906206464","187.29","United States"
"4277","Vale Indonesia","INCO.JK","2903836452","0.275512","Indonesia"
"4278","Grenergy Renovables","GRE.MC","2902509178","103.228","Spain"
"4279","Tootsie Roll Industries","TR","2900166400","38.585","United States"
"4280","CT REIT","CRT-UN.TO","2899910796","12.1308","Canada"
"4281","Zeon Corporation","4205.T","2899117791","15.1512","Japan"
"4282","International Petroleum","IPCO.TO","2897980849","25.8844","Canada"
"4283","Extreme Networks","EXTR","2895587840","22.19","United States"
"4284","Acadia Realty Trust","AKR","2895506944","19.86","United States"
"4285","Csquare, Inc.","CSQR","2892765952","17.36","United States"
"4286","Brighthouse Financial","BHF","2889956096","50.25","United States"
"4287","Electra","ELTR.TA","2889905294","37.7913","Israel"
"4288","Kemira","KEMIRA.HE","2889852457","19.9605","Finland"
"4289","Slide Insurance","SLDE","2887585536","24.72","United States"
"4290","ABM Industries","ABM","2887061760","49.255","United States"
"4291","Resideo Technologies","REZI","2886618624","19.01","United States"
"4292","MGE Energy","MGEE","2884589056","76.42","United States"
"4293","Harley-Davidson","HOG","2883848960","27.71","United States"
"4294","Brookdale Senior Living","BKD","2883718144","12.075","United States"
"4295","Taiheiyo Cement","5233.T","2882376162","26.4528","Japan"
"4296","Banque Cantonale de Genève","BCGE.SW","2882238916","40.2597","Switzerland"
"4297","Doosan Fuel Cell","336260.KS","2872610426","36.432","South Korea"
"4298","Technogym","TGYM.MI","2871813553","14.4101","Italy"
"4299","Pennon Group","PNN.L","2869820694","6.08037","United Kingdom"
"4300","Piramal Enterprises","PEL.NS","2868636868","12.7318","India"
"4301","Bird Construction","BDT.TO","2867761382","51.7616","Canada"
"4302","Sharp Corporation","6753.T","2867591619","4.41639","Japan"
"4303","Astra Industrial Group Company","1212.SR","2867261290","35.8408","Saudi Arabia"
"4304","IHS Towers","IHS","2865779968","8.4701","United Kingdom"
"4305","CASIO","6952.T","2863466990","13.057","Japan"
"4306","Cosan","CSAN","2859665920","2.9","Brazil"
"4307","Bakkafrost","BAKKA.OL","2855744470","48.2204","Denmark"
"4308","Hatsun Agro Products","HATSUN.NS","2854647195","12.8156","India"
"4309","Enerjisa Enerji","ENJSA.IS","2850997673","2.41391","Turkey"
"4310","Seino Holdings","9076.T","2849333030","17.5223","Japan"
"4311","Viscofan","VIS.MC","2845615168","62.7032","Spain"
"4312","Imax Corp","IMAX","2844934656","51.875","Canada"
"4313","GCL Technology","3800.HK","2844678961","0.089898","Hong Kong"
"4314","Urban Edge Properties","UE","2844616192","20.66","United States"
"4315","Graphic Packaging","GPK","2843767552","9.605","United States"
"4316","Clas Ohlson AB","CLAS-B.ST","2843383369","44.7326","Sweden"
"4317","Elmos Semiconductor","ELG.DE","2840782321","165.583","Germany"
"4318","Rasan Information Technology Company","8313.SR","2839825289","36.6396","Saudi Arabia"
"4319","Baldwin Insurance Group","BWIN","2839307008","29.32","United States"
"4320","TODA corp","1860.T","2838545048","9.58839","Japan"
"4321","Intapp","INTA","2837415936","37.085","United States"
"4322","Solaria Energía","SLR.MC","2835425702","21.3771","Spain"
"4323","Krungthai Card","KTC.BK","2833978474","1.09915","Thailand"
"4324","Immunome","IMNM","2833762048","24.95","United States"
"4325","DIC Corporation","4631.T","2832562373","30.0419","Japan"
"4326","Worthington Enterprises","WOR","2826010880","57.76","United States"
"4327","Peab","PEAB-B.ST","2823758608","10.1041","Sweden"
"4328","Y.H. Dimri Construction &amp; Development","DIMRI.TA","2821785364","122.483","Israel"
"4329","DNOW Inc.","DNOW","2821163776","15.605","United States"
"4330","TransMedics Group","TMDX","2820129536","81.33","United States"
"4331","The Marzetti Company","MZTI","2818614528","103.28","United States"
"4332","Guardian Pharmacy Services","GRDN","2816832256","44.47","United States"
"4333","Mari Petroleum Company","MARI.PK","2814798664","2.34445","Pakistan"
"4334","Société Industrielle et Financière de l'Artois","ARTO.PA","2812842590","10566.7","France"
"4335","Northern Oil and Gas","NOG","2811831296","26.39","United States"
"4336","Fauji Fertilizer Company","FFC.PK","2811621413","1.95384","Pakistan"
"4337","Leroy Seafood","LSG.OL","2808625015","4.71661","Norway"
"4338","Altius Minerals","ALS.TO","2806593341","47.7733","Canada"
"4339","National Mobile Telecommunications Company","OOREDOO.KW","2806572588","5600.13","Kuwait"
"4340","Pacific Basin Shipping","2343.HK","2805918214","0.544489","Hong Kong"
"4341","SoundHound AI","SOUN","2802347776","6.31","United States"
"4342","Cellebrite","CLBT","2798707968","11.1351","Israel"
"4343","Siltronic","WAF.F","2797259645","84.7654","Germany"
"4344","PagSeguro","PAGS","2796429056","10.145","Brazil"
"4345","Lincoln International, Inc.","LCLN","2795832832","26.575","United States"
"4346","H.B. Fuller","FUL","2794256128","51.95","United States"
"4347","KOBAYASHI Pharmaceutical","4967.T","2793043078","37.5719","Japan"
"4348","Sundrug","9989.T","2792763891","23.8733","Japan"
"4349","Hayward Holdings, Inc.","HAYW","2792554240","13.165","United States"
"4350","Alps Alpine Co., Ltd.","6770.T","2789200198","14.4347","Japan"
"4351","(DIA) Distribuidora Internacional de Alimentación","DIA.MC","2789015743","48.4208","Spain"
"4352","Danaos","DAC","2786420224","153.07","Greece"
"4353","People Incorporated","PPLI","2786067968","37.415","United States"
"4354","Kyndryl","KD","2782628096","12.775","United States"
"4355","Medacta Group","MOVE.SW","2781226838","139.436","Switzerland"
"4356","SiriusPoint","SPNT","2780990464","23.94","Bermuda"
"4357","Boralex","BLX.TO","2777937935","27.0345","Canada"
"4358","Munters Group AB","MTRS.ST","2776514995","15.2103","Sweden"
"4359","Stanley Electric","6923.T","2775453002","22.5444","Japan"
"4360","NETSCOUT","NTCT","2772329984","38.13","United States"
"4361","Benchmark Electronics","BHE","2771582208","77.16","United States"
"4362","Callaway Golf Company","CALY","2771375872","15.525","United States"
"4363","Al Ahli Bank of Kuwait","ABK.KW","2770070045","1014.35","Kuwait"
"4364","Şişecam","SISE.IS","2769924465","0.925642","Turkey"
"4365","Structure Therapeutics","GPCR","2766822400","38.8","United States"
"4366","Denison Mines","DNN","2765562112","3.055","Canada"
"4367","Apollo Tyres","APOLLOTYRE.NS","2765308608","4.37147","India"
"4368","Adeka Corporation","4401.T","2763631301","28.4981","Japan"
"4369","Coface","COFA.PA","2763120860","18.4742","France"
"4370","Soleno Therapeutics","SLNO","2762888960","53.01","United States"
"4371","ALTEN","ATE.PA","2762272779","80.8755","France"
"4372","Indah Kiat Pulp &amp; Paper","INKP.JK","2761861977","0.50482","Indonesia"
"4373","Veeco","VECO","2758713600","45.2","United States"
"4374","AtriCure","ATRC","2757461760","54.21","United States"
"4375","Santam","SNT.JO","2757199900","25.2407","South Africa"
"4376","SIA Engineering Company","S59.SI","2754549343","2.45564","Singapore"
"4377","Opendoor","OPEN","2753043200","2.835","United States"
"4378","Gav-Yam Lands","GVYM.TA","2744915063","12.4431","Israel"
"4379","Trustmark","TRMK","2743303424","47.115","United States"
"4380","ChronoScale","CHRN","2742353408","18.83","United States"
"4381","Titan America","TTAM","2738865920","14.855","United States"
"4382","Keller Group","KLR.L","2737838160","40.4817","United Kingdom"
"4383","FB Financial","FBK","2737802240","54.78","United States"
"4384","Alarm.com","ALRM","2736289280","55.74","United States"
"4385","Artisan Partners","APAM","2735492352","38.53","United States"
"4386","Enerflex","EFXT","2734493952","22.395","Canada"
"4387","Cohu","COHU","2732137728","57.715","United States"
"4388","PT XLSMART Telecom Sejahtera Tbk","EXCL.JK","2730342851","0.15002","Indonesia"
"4389","Aktieselskabet Schouw & Co.","SCHO.CO","2729494742","122.223","Denmark"
"4390","Helios Towers","HTWS.L","2727168665","2.6884","United Kingdom"
"4391","Derwent London","DLN.L","2726256160","24.841","United Kingdom"
"4392","atai Life Sciences","ATAI","2725855232","7.35","Germany"
"4393","Ninety One Group","N91.L","2725143802","2.844","South Africa"
"4394","MITSUI E&amp;S","7003.T","2724774329","26.9999","Japan"
"4395","SJVN","SJVN.NS","2722146012","0.692694","India"
"4396","Ahli Bank","ABQK.QA","2720755262","1.06648","Qatar"
"4397","Redwire","RDW","2719919616","10.88","United States"
"4398","Zai Lab","ZLAB","2715158528","24.185","China"
"4399","Dream Industrial REIT","DIR-UN.TO","2715107610","9.43709","Canada"
"4400","Hammerson Plc","HMSO.L","2714966321","4.65431","United Kingdom"
"4401","Disc Medicine","IRON","2714182144","70.695","United States"
"4402","McGrath RentCorp","MGRC","2711737088","111.02","United States"
"4403","Euronet Worldwide","EEFT","2710451456","72.465","United States"
"4404","Braze","BRZE","2707852800","23.84","United States"
"4405","CMC Markets Plc","CMCX.L","2707624722","10.0392","United Kingdom"
"4406","Hesai Group","HSAI","2705642380","17.32","China"
"4407","Dialog Group","7277.KL","2704826883","0.479351","Malaysia"
"4408","Alpha Metallurgical Resources","AMR","2704123136","213.275","United States"
"4409","Dallah Healthcare","4004.SR","2703611615","22.1808","Saudi Arabia"
"4410","Bank of Bahrain and Kuwait","BBK.BH","2703201997","2.20159","Bahrain"
"4411","Röko AB","ROKO-B.ST","2703057382","184.837","Sweden"
"4412","Colbún","COLBUN.SN","2701674096","0.154063","Chile"
"4413","First Pacific Company","0142.HK","2701114582","0.633749","Hong Kong"
"4414","Hacksaw AB","HACK.ST","2698088911","9.32962","Sweden"
"4415","Hanon Systems","018880.KS","2696870924","2.62789","South Korea"
"4416","Visteon","VC","2694369536","100.93","United States"
"4417","Banco di Desio e della Brianza","BDB.MI","2693004741","20.483","Italy"
"4418","Frasers Logistics &amp; Industrial Trust","BUOU.SI","2691500899","0.706689","Singapore"
"4419","CCC S.A.","CCC.WA","2691198839","34.9389","Poland"
"4420","MINISO Group","MNSO","2691113472","9.06","China"
"4421","United Natural Foods","UNFI","2689982976","44.61","United States"
"4422","Jollibee","JBFCF","2689681664","2.4","Philippines"
"4423","Jenoptik","JEN.F","2689101425","46.981","Germany"
"4424","REN (Redes Energéticas Nacionais)","RENE.LS","2688053287","4.05249","Portugal"
"4425","Acadia Healthcare","ACHC","2687804928","28.87","United States"
"4426","Verallia","VRLA.PA","2687748596","21.5513","France"
"4427","AvePoint","AVPT","2686880768","12.7","United States"
"4428","Empresas CMPC","CMPC.SN","2685598887","1.07424","Chile"
"4429","Metro Brands","METROBRAND.NS","2682559120","9.8409","India"
"4430","Shake Shack","SHAK","2682401280","62.7","United States"
"4431","Grindr","GRND","2682052352","15.43","United States"
"4432","Dätwyler","DAE.SW","2679235330","157.602","Switzerland"
"4433","Omantel (Oman Telecom)","OTEL.OM","2678571495","3.57143","Oman"
"4434","Keikyu Corporation","9006.T","2678508010","10.1649","Japan"
"4435","Advance Auto Parts","AAP","2678013440","44.39","United States"
"4436","NBT Bancorp","NBTB","2676462592","51.51","United States"
"4437","Vaudoise Assurances","VAHN.SW","2676451949","918.118","Switzerland"
"4438","Amber Enterprises India","AMBER.NS","2674429370","75.8321","India"
"4439","The Navigator Company","NVG.LS","2673955749","3.75987","Portugal"
"4440","Clicks Group","CLS.JO","2673873000","11.5397","South Africa"
"4441","IIFL Finance","IIFL.NS","2673528370","6.28637","India"
"4442","Rémy Cointreau","RCO.PA","2673146854","51.047","France"
"4443","Vector Limited","VCT.NZ","2672800311","2.6728","New Zealand"
"4444","Oppein Home Group","603833.SS","2667359880","4.40357","China"
"4445","KCC Corp","002380.KS","2665549385","362.454","South Korea"
"4446","Quaker Houghton","KWR","2664440576","154.84","United States"
"4447","Pharvaris","PHVS","2664260864","37.95","Netherlands"
"4448","Customers Bancorp","CUBI","2662501120","78.81","United States"
"4449","BKV Corporation","BKV","2661528064","24.32","United States"
"4450","Xanadu Quantum Technologies Limited","XNDU","2659971328","8.7386","Canada"
"4451","First Bancorp","FBNC","2654776832","64.165","United States"
"4452","Nurix Therapeutics","NRIX","2654735360","25.58","United States"
"4453","Sinda Ltd.","SIND","2653395456","16.71","Mexico"
"4454","Ambu","AMBU-B.CO","2651382355","10.1568","Denmark"
"4455","Shurgard Self Storage","SHUR.BR","2649761489","26.2425","Luxembourg"
"4456","Four Corners Property Trust","FCPT","2649519616","24.14","United States"
"4457","Indian Telephone Industries","ITI.NS","2649001930","2.7512","India"
"4458","Stella-Jones","SJ.TO","2648589334","48.5377","Canada"
"4459","Digi International","DGII","2648589312","69.795","United States"
"4460","Silvercorp Metals","SVM","2647839488","11.97","Canada"
"4461","Bufab AB","BUFAB.ST","2644078417","13.9402","Sweden"
"4462","Strive Asset Management, LLC","ASST","2640130048","27.81","United States"
"4463","Boise Cascade","BCC","2639181824","75.64","United States"
"4464","WD-40 Company","WDFC","2638453248","196.59","United States"
"4465","Anima Holding","ANIM.MI","2635864303","8.10497","Italy"
"4466","Navios Maritime Partners","NMM","2634962176","92.7","Monaco"
"4467","Bank Mega","MEGA.JK","2632013445","0.112087","Indonesia"
"4468","Asahi India Glass","ASAHIINDIA.NS","2630387553","10.3182","India"
"4469","H2O America","HTO","2627770112","62.78","United States"
"4470","Beacon Financial Corporation","BBT","2627634432","31.35","United States"
"4471","SWCC Corporation","5805.T","2624722632","88.5884","Japan"
"4472","Alfresa Holdings Corporation","2784.T","2622255625","14.9493","Japan"
"4473","Tokai Carbon","5301.T","2619495769","12.9463","Japan"
"4474","OVH Groupe","OVH.PA","2619286727","17.3131","France"
"4475","Anritsu Corporation","6754.T","2617047972","20.447","Japan"
"4476","AUB Group","AUB.AX","2616749534","20.0302","Australia"
"4477","Toyota Boshoku Corporation","3116.T","2610901797","14.6138","Japan"
"4478","Sendas Distribuidora (Assaí Atacadista)","ASAI3.SA","2610405275","1.95031","Brazil"
"4479","Odfjell Drilling","0QHX.IL","2609885843","11.0223","United Kingdom"
"4480","Isrotel","ISRO.TA","2609846966","43.4352","Israel"
"4481","Hawkins","HWKN","2609076480","124.985","United States"
"4482","ManpowerGroup","MAN","2607567104","56.07","United States"
"4483","Alignment Healthcare","ALHC","2606422528","12.565","United States"
"4484","Privia Health Group","PRVA","2604500480","20.39","United States"
"4485","Banner Bank","BANR","2602501632","71.03","United States"
"4486","Timken India","TIMKEN.NS","2599982663","34.5656","India"
"4487","Penguin Solutions","PENG","2598004992","50.7","United States"
"4488","Fuyo General Lease","8424.T","2594073296","28.7587","Japan"
"4489","LEW (Lechwerke)","LEC.F","2592907906","73.1537","Germany"
"4490","CJ Group","001040.KS","2591751860","95.7834","South Korea"
"4491","CareDx","CDNA","2590850048","50.08","United States"
"4492","Grafton Group","GFTU.L","2588845983","13.0668","Ireland"
"4493","Ducommun","DCO","2587798528","171.38","United States"
"4494","Sankyu","9065.T","2585012944","51.5506","Japan"
"4495","Neogen","NEOG","2584556288","11.85","United States"
"4496","Catena AB","CATE.ST","2582015041","38.888","Sweden"
"4497","First Merchants Corporation","FRME","2581766656","41.11","United States"
"4498","Teradata","TDC","2581680128","27.76","United States"
"4499","SPACE42","SPACE42.AE","2580029989","0.54","United Arab Emirates"
"4500","GeneDx Holdings","WGS","2579948032","86.51","United States"
"4501","Restoration Hardware","RH","2577467136","136.185","United States"
"4502","Almirall","ALM.MC","2577305639","11.8439","Spain"
"4503","Corem Property Group AB","CORE-PREF.ST","2576479174","23.8016","Sweden"
"4504","Okinawa Cellular Telephone Company","9436.T","2573733609","28.0747","Japan"
"4505","Gulf Navigation Holding","GULFNAV.AE","2573409983","0.822261","United Arab Emirates"
"4506","Mabuchi Motor","6592.T","2573390815","10.8032","Japan"
"4507","Ouster","OUST","2569362688","35.63","United States"
"4508","Himax Technologies","HIMX","2569293824","14.73","Taiwan"
"4509","Kaiser Aluminum","KALU","2568442368","157.1","United States"
"4510","Saudi International Petrochemical Company (Sipchem)","2310.SR","2567789218","3.50153","Saudi Arabia"
"4511","Seven Bank","8410.T","2566994696","2.19777","Japan"
"4512","Kalpataru Projects International","KPIL.NS","2566235464","15.0272","India"
"4513","Nokian Tyres","TYRES.HE","2565729159","18.602","Finland"
"4514","Megacable Holdings","MEGACPO.MX","2563949792","2.9583","Mexico"
"4515","Eutelsat","ETL.PA","2560924552","2.17429","France"
"4516","NewAmsterdam Pharma Company","NAMS","2560197120","21.9","Netherlands"
"4517","Diamondrock Hospitality Company","DRH","2559148288","12.46","United States"
"4518","Mr Price Group","MRP.JO","2558838900","9.95257","South Africa"
"4519","Kotobuki Spirits","2222.T","2558643838","16.568","Japan"
"4520","Jamjoom Pharmaceuticals Factory Company","4015.SR","2557315815","36.5331","Saudi Arabia"
"4521","Redefine Properties","RDF.JO","2556795700","0.366409","South Africa"
"4522","TAG Immobilien","TEG.F","2556225471","13.4347","Germany"
"4523","Curaleaf","CURLF","2555967744","9.65","United States"
"4524","Procter &amp; Gamble India","PGHH.NS","2554320795","78.6896","India"
"4525","UACJ Corporation","5741.T","2552346971","14.096","Japan"
"4526","SELLAS Life Sciences","SLS","2551584000","12.635","United States"
"4527","Dah Sing Banking Group","2356.HK","2548997261","1.81326","Hong Kong"
"4528","NextNav","NN","2546497536","15.085","United States"
"4529","Vietnam Airlines","HVN.VN","2544800142","0.81787","Vietnam"
"4530","Hanmi Pharmaceutical","008930.KS","2542777266","37.5519","South Korea"
"4531","Telesat","TSAT","2542152192","49.48","Canada"
"4532","DMG Mori","6141.T","2540867637","18.0075","Japan"
"4533","The Chugoku Electric Power","9504.T","2540145336","7.06427","Japan"
"4534","CapitaLand Ascott Trust","HMN.SI","2539300690","0.659313","Singapore"
"4535","Mineralys Therapeutics","MLYS","2537719808","28.705","United States"
"4536","NRW Holdings Limited","NWH.AX","2536650701","5.52086","Australia"
"4537","Capital Tankers Corp.","CAPT.OL","2534050866","18.8858","Greece"
"4538","Prime Focus","PFOCUS.NS","2533827419","3.25361","India"
"4539","Clover Health Investments","CLOV","2533668608","4.7701","United States"
"4540","Penta-Ocean Construction","1893.T","2532155843","9.36692","Japan"
"4541","Iljin Electric","103590.KS","2527164249","53.0056","South Korea"
"4542","WaFd Bank","WAFD","2525643008","34.125","United States"
"4543","Bet Shemesh Engines","BSEN.TA","2525323534","264.473","Israel"
"4544","Taiba Investments","4090.SR","2522966349","5.04593","Saudi Arabia"
"4545","DO &amp; CO Aktiengesellschaft","DOC.VI","2522675559","229.68","Austria"
"4546","VGP NV","VGP.BR","2516041318","82.9076","Belgium"
"4547","Cyfrowy Polsat","CPS.WA","2513472750","4.56411","Poland"
"4548","Kayne Anderson Capital Advisors","KYN","2513212672","14.86","United States"
"4549","Central Garden &amp; Pet","CENT","2512153856","40.135","United States"
"4550","Braveheart Bio","BRVE","2510286336","27.88","United States"
"4551","Inter &amp; Co","INTR","2508414464","5.6814","Brazil"
"4552","OQ Gas Network Company","OQGN.OM","2508387424","0.579221","Oman"
"4553","Autohome","ATHM","2507270912","21.77","China"
"4554","Meliá Hotels International","MEL.MC","2507022460","11.3795","Spain"
"4555","First Busey","BUSE","2506623488","30.355","United States"
"4556","Ratch Group","RATCH.BK","2506064483","1.15221","Thailand"
"4557","Upstart","UPST","2504837888","25.74","United States"
"4558","AWL Agri Business","AWL.NS","2501696670","1.93657","India"
"4559","Beam Therapeutics","BEAM","2501007616","24.214","United States"
"4560","Blue Zones Holdings","417A.T","2498981014","12.3698","Japan"
"4561","Gabriel India","GABRIEL.NS","2497618676","14.0925","India"
"4562","Shinsegae","004170.KS","2493868235","284.439","South Korea"
"4563","ReNew Energy Global","RNW","2492832768","6.8379","India"
"4564","Skyward Specialty Insurance Group","SKWD","2492641024","56.145","United States"
"4565","SoftwareONE","SWON.SW","2491260365","11.5992","Switzerland"
"4566","Sunshine Silver Mining & Refining Company","SSMR","2490868480","17.3306","United States"
"4567","Sumitomo Chemical
 India","SUMICHEM.NS","2488936734","4.98639","India"
"4568","InvenTrust Properties","IVT","2487512064","31.9","United States"
"4569","Bank Danamon","BDMN.JK","2486455234","0.254406","Indonesia"
"4570","Cadeler A/S","CDLR","2485097728","25.76","Denmark"
"4571","Cementir","CEM.MI","2484852836","15.9777","Italy"
"4572","Bangchak Corporation","BCP.BK","2484125174","1.698","Thailand"
"4573","Newell Brands","NWL","2480867328","5.825","United States"
"4574","Financière Moncey Société anonyme","FMONC.PA","2478648581","132.954","France"
"4575","Nickel Industries Limited","NIC.AX","2478167318","0.570752","Australia"
"4576","Basic-Fit","BFIT.AS","2477204196","38.2025","Netherlands"
"4577","Kusuri No Aoki Holdings","3549.T","2474301333","26.0554","Japan"
"4578","Philip Morris ČR","TABAK.PR","2472373016","900.556","Czech Republic"
"4579","American Eagle Outfitters","AEO","2471706624","14.75","United States"
"4580","Al Moammar Information Systems","7200.SR","2471574938","82.3858","Saudi Arabia"
"4581","Veridis Environment","VRDS.TA","2469714635","16.0869","Israel"
"4582","Maruichi Steel Tube","5463.T","2468457184","11.181","Japan"
"4583","SENKO Group Holdings","9069.T","2467346838","14.7376","Japan"
"4584","Österreichische Post","POST.VI","2466942199","36.5188","Austria"
"4585","Federal Agricultural Mortgage Corporation","AGM","2465957888","227.21","United States"
"4586","Stock Yards Bancorp","SYBT","2462342144","79.26","United States"
"4587","Barwa Real Estate Company","BRES.QA","2455547428","0.631044","Qatar"
"4588","Boyd Group","BYD.TO","2454537247","88.1973","Canada"
"4589","Zain Saudi Arabia","7030.SR","2452928622","2.72933","Saudi Arabia"
"4590","Liontown Resources","LTR.AX","2451903838","0.768182","Australia"
"4591","Chennai Petroleum","CHENNPETRO.NS","2451567187","16.4633","India"
"4592","Exail Technologies","EXA.PA","2451557229","144.45","France"
"4593","Vera Therapeutics","VERA","2450153472","34","United States"
"4594","ACC","ACC.NS","2450040083","13.0469","India"
"4595","TietoEVRY","TIETO.HE","2449099486","22.1784","Finland"
"4596","Fuji Oil Holdings","2607.T","2448657516","28.4786","Japan"
"4597","Viridian Therapeutics","VRDN","2447113216","21.6","United States"
"4598","Kokuyo","7984.T","2445298731","5.90025","Japan"
"4599","eToro","ETOR","2444662784","30.74","Israel"
"4600","Toei Company","9605.T","2442183702","39.0831","Japan"
"4601","Carmila","CARM.PA","2442006722","17.6266","France"
"4602","Force Motors","FORCEMOT.NS","2441759595","185.315","India"
"4603","Immofinanz","IMO1.F","2441622960","17.6962","Austria"
"4604","Merchants Bancorp","MBIN","2440910592","53.1348","United States"
"4605","Trump Media &amp; Technology Group","DJT","2440296448","8.7799","United States"
"4606","Uniti","UNIT","2439387648","10.05","United States"
"4607","Meshek Energy - Renewable Energies","MSKE.TA","2439162608","3.29461","Israel"
"4608","Maravai LifeSciences","MRVI","2438805504","6.585","United States"
"4609","TORIDOLL Holdings Corporation","3397.T","2438284259","27.7295","Japan"
"4610","Precigen","PGEN","2438220032","6.81","United States"
"4611","Appian","APPN","2435338496","34","United States"
"4612","Kojamo","KOJAMO.HE","2433839402","10.1349","Finland"
"4613","Supernus Pharmaceuticals","SUPN","2433749248","41.84","United States"
"4614","PHINIA","PHIN","2433501696","66.42","United States"
"4615","Sonic Automotive","SAH","2433075200","76.96","United States"
"4616","DRDGOLD","DRD","2433050368","28.05","South Africa"
"4617","Resorttrust","4681.T","2430307785","11.4448","Japan"
"4618","Altarea","ALTA.PA","2427154887","98.1189","France"
"4619","OEM International","OEM-B.ST","2426895302","17.4924","Sweden"
"4620","Compagnie Financière Tradition","CFT.SW","2425928850","319.132","Switzerland"
"4621","Kumho Petrochemical","011780.KS","2422904138","93.2451","South Korea"
"4622","SeABank (Southeast Asia Commercial Joint Stock Bank)","SSB.VN","2420702724","0.705991","Vietnam"
"4623","Tekscend Photomask","429A.T","2420488207","24.3618","Japan"
"4624","Vaisala","VAIAS.HE","2420089322","66.419","Finland"
"4625","Wihlborgs Fastigheter AB","WIHL.ST","2418981997","7.86848","Sweden"
"4626","Ebos Group","EBO.NZ","2418963045","11.6869","New Zealand"
"4627","Chicony Electronics","2385.TW","2418183230","3.32278","Taiwan"
"4628","Ströer","SAX.F","2417219726","43.3349","Germany"
"4629","Fairfax India Holdings","FIH-U.TO","2415938304","18","Canada"
"4630","Payoneer","PAYO","2414312192","7.125","United States"
"4631","Nippon Shokubai","4114.T","2413209275","16.3302","Japan"
"4632","The Andersons, Inc.","ANDE","2411586048","70.98","United States"
"4633","Korea Gas","036460.KS","2410779576","27.6227","South Korea"
"4634","Pinnacle Investment Management Group","PNI.AX","2408293046","9.99354","Australia"
"4635","TKH Group","TWEKA.AS","2407795555","60.3228","Netherlands"
"4636","Pan Ocean","028670.KS","2406496750","4.50175","South Korea"
"4637","Pluxee","PLX.PA","2405866786","17.5105","France"
"4638","Harmony Biosciences","HRMY","2405745408","41.31","United States"
"4639","CA Immo","BZY.F","2405351486","26.4166","Austria"
"4640","Efes Beverage Group","AEFES.IS","2405302384","0.406229","Turkey"
"4641","Rogers Corporation","ROG","2404810240","134.585","United States"
"4642","Home Product Center","HMPRO.BK","2403311267","0.186477","Thailand"
"4643","Hanwa Co., Ltd.","8078.T","2400802092","12.4545","Japan"
"4644","Aroundtown","AT1.F","2393164287","2.11798","Luxembourg"
"4645","Bavarian Nordic","BAVA.CO","2391961640","31.6506","Denmark"
"4646","PENN Entertainment","PENN","2389893376","17.7999","United States"
"4647","Greggs","GRG.L","2387824913","23.4204","United Kingdom"
"4648","John Wiley &amp; Sons","WLY","2385945856","47.075","United States"
"4649","Calbee, Inc.","2229.T","2383143926","19.6002","Japan"
"4650","Itaú CorpBanca","ITCLY","2378989568","3.1","Chile"
"4651","Meitetsu","9048.T","2378184511","12.1255","Japan"
"4652","Ito En, Ltd.","2593.T","2375627642","20.6163","Japan"
"4653","ID Logistics Group","IDL.PA","2372658127","362.866","France"
"4654","ePlus","PLUS","2371097088","90.88","United States"
"4655","Huron Consulting","HURN","2368214272","148.85","United States"
"4656","Patrick Industries","PATK","2365834752","73.6601","United States"
"4657","SMA Solar Technology","S92.F","2365176548","68.1607","Germany"
"4658","XD Inc.","2400.HK","2364756072","4.99603","China"
"4659","Lotte Shopping","023530.KS","2363836605","83.6145","South Korea"
"4660","McGraw Hill","MH","2362663936","12.35","United States"
"4661","Maple Leaf Foods","MFI.TO","2362372997","18.9391","Canada"
"4662","Haw Par","H02.SI","2361433169","10.6674","Singapore"
"4663","Bank of N. T. Butterfield & Son","NTB","2360781056","60.03","Bermuda"
"4664","Nektar Therapeutics","NKTR","2359622144","69.11","United States"
"4665","Granules India","GRANULES.NS","2358402180","9.51748","India"
"4666","Chagee","CHA","2357834752","12.36","China"
"4667","City Union Bank","CUB.NS","2357397601","2.37932","India"
"4668","Bure Equity AB","BURE.ST","2357170703","31.6391","Sweden"
"4669","Rakus Co., Ltd.","3923.T","2356208121","6.6539","Japan"
"4670","Proximus","PROX.VI","2355857607","7.29215","Belgium"
"4671","Dr. Soliman Abdel Kader Fakeeh","4017.SR","2355425174","10.241","Saudi Arabia"
"4672","Lumo Kodit Oyj","LUMO.HE","2355379465","8.89457","Finland"
"4673","Partner Communications","PTNR.TA","2351847325","12.5322","Israel"
"4674","Dorian LPG","LPG","2350908416","54.95","United States"
"4675","SSI Securities Corporation","SSI.VN","2350478026","0.783149","Vietnam"
"4676","Ingevity","NGVT","2350418432","68.37","United States"
"4677","Tiger Brands","TBS.JO","2348628400","16.0656","South Africa"
"4678","Rengo Co., Ltd.","3941.T","2348545414","9.77403","Japan"
"4679","Rigaku Holdings Corporation","268A.T","2347305080","10.3635","Japan"
"4680","Nojima Corporation","7419.T","2344743088","8.01855","Japan"
"4681","NBCC India","NBCC.NS","2342788334","0.867699","India"
"4682","Coty","COTY","2342040832","2.66","United States"
"4683","Alony Hetz","ALHE.TA","2341972170","10.3505","Israel"
"4684","EMEIS","EMEIS.PA","2341118433","14.5379","France"
"4685","OSB Group Plc","OSB.L","2340083042","6.94087","United Kingdom"
"4686","Burgan Bank","BURG.KW","2336768133","596.869","Kuwait"
"4687","VusionGroup","VU.PA","2332366069","138.528","France"
"4688","GMO internet group","9449.T","2331339753","24.8569","Japan"
"4689","Asker Healthcare Group AB","ASKER.ST","2329653361","6.08207","Sweden"
"4690","Hufvudstaden AB","HUFV-A.ST","2329465569","11.9886","Sweden"
"4691","Pitney Bowes","PBI","2329162496","16.99","United States"
"4692","Técnicas Reunidas","TRE.MC","2327647666","29.8189","Spain"
"4693","Intuitive Machines","LUNR","2327360768","14.505","United States"
"4694","Aether Industries","AETHER.NS","2326557645","17.5288","India"
"4695","Verbio","VBK.F","2326073825","36.5072","Germany"
"4696","Morinaga Milk Industry","2264.T","2325520151","7.20432","Japan"
"4697","nLIGHT","LASR","2324909056","40.2999","United States"
"4698","Whirlpool","WHR","2324403456","35.6507","United States"
"4699","Fletcher Building","FBU.NZ","2323609048","2.16037","New Zealand"
"4700","StubHub Holdings","STUB","2319286016","6.07","United States"
"4701","Daicel Corporation","4202.T","2318463630","9.0738","Japan"
"4702","Kaneka Corporation","4118.T","2317544959","38.6076","Japan"
"4703","StoneCo","STNE","2317486080","10.05","Brazil"
"4704","Graubündner Kantonalbank","GRKP.SW","2316715572","3129.95","Switzerland"
"4705","Enterprise Financial Services Corp","EFSC","2316683264","64.01","United States"
"4706","Headwater Exploration","HWX.TO","2314953683","9.7364","Canada"
"4707","Wienerberger","WIB.F","2314136175","21.1914","Austria"
"4708","EMSTEEL Building Materials PJSC","EMSTEEL.AE","2312614035","0.34","United Arab Emirates"
"4709","Webuild S.p.A.","WBD.MI","2312402705","2.3386","Italy"
"4710","Hyperliquid Strategies","PURR","2311732480","11.685","United States"
"4711","Nissui Corporation","1332.T","2311297397","7.62121","Japan"
"4712","Imerys","NK.PA","2307316593","27.2178","France"
"4713","Five9","FIVN","2304473600","30.84","United States"
"4714","Helios Technologies","HLIO","2302915840","69.89","United States"
"4715","AEON Financial Service","8570.T","2300604612","10.6567","Japan"
"4716","Ocular Therapeutix","OCUL","2300476416","10.475","United States"
"4717","Ocado","OCDO.L","2299643804","2.752","United Kingdom"
"4718","Metcash","MTS.AX","2296227772","2.088","Australia"
"4719","LiveRamp","RAMP","2294706688","37.745","United States"
"4720","Savills","SVS.L","2293966672","13.8006","United Kingdom"
"4721","Tradegate Exchange","T2G.F","2292935468","94.0548","Germany"
"4722","HCI Group","HCI","2292234496","184.28","United States"
"4723","nib holdings limited","NHF.AX","2292052982","4.68806","Australia"
"4724","The Bank of Nagoya","8522.T","2291299438","46.574","Japan"
"4725","Innospec","IOSP","2290933760","93.01","United States"
"4726","Emaar The Economic City","4220.SR","2289904717","2.59353","Saudi Arabia"
"4727","MVV Energie","MVV1.F","2288217809","34.719","Germany"
"4728","Sanki Engineering","1961.T","2287742362","14.9753","Japan"
"4729","V2X","VVX","2287740928","72.985","United States"
"4730","Arabian Drilling Company","2381.SR","2284542725","25.669","Saudi Arabia"
"4731","African Rainbow Minerals","ARI.JO","2284505800","11.3785","South Africa"
"4732","Trevi Therapeutics","TRVI","2282462976","16.02","United States"
"4733","Nippon Electric Glass","5214.T","2281526604","31.2795","Japan"
"4734","Finolex Cables","FINCABLES.NS","2279523013","14.9048","India"
"4735","LTC Properties","LTC","2278857728","42.275","United States"
"4736","Fabege AB","FABG.ST","2278717973","7.24375","Sweden"
"4737","Chemours","CC","2275544832","15.12","United States"
"4738","Nisshinbo Holdings","3105.T","2274462398","14.5585","Japan"
"4739","Doha Bank","DHBK.QA","2274243592","0.733516","Qatar"
"4740","Turpaz Industries","TRPZ.TA","2273534204","20.8793","Israel"
"4741","Snowline Gold Corp.","SGD.TO","2272243380","12.0587","Canada"
"4742","DEUTZ","DEZ.DE","2272202351","14.8862","Germany"
"4743","AF Gruppen","AFG.OL","2271848903","20.0111","Norway"
"4744","Hornbach Baumarkt","HBM.HM","2271387414","71.412","Germany"
"4745","The Metals Company","TMC","2269006336","4.01","Canada"
"4746","Deepak Nitrite","DEEPAKNTR.NS","2266745585","16.6192","India"
"4747","Northwest Bancshares","NWBI","2265486080","15.475","United States"
"4748","Investis Holding","IREN.SW","2264837167","177.364","Switzerland"
"4749","Rockpoint Gas Storage","RGSI.TO","2264725393","17.1469","Canada"
"4750","KIOCL","KIOCL.NS","2263958727","3.72514","India"
"4751","Electrolux","ELUX-A.ST","2262466713","2.78804","Sweden"
"4752","Natura Cosméticos S.A.","NATU3.SA","2260289777","1.64588","Brazil"
"4753","PicS N.V. (PicPay)","PICS","2259769600","10.46","Brazil"
"4754","Boardwalk Real Estate Investment Trust","BEI-UN.TO","2258998880","44.91","Canada"
"4755","China Railway Materials","000927.SZ","2258808245","0.373335","China"
"4756","Kennametal","KMT","2256845312","29.61","United States"
"4757","Keel Infrastructure","KEEL","2255377152","3.652","United States"
"4758","O.Y. Nofar Energy","NOFR.TA","2255181088","56.795","Israel"
"4759","Kitron ASA","KIT.OL","2254126254","10.3068","Norway"
"4760","Anant Raj","ANANTRAJ.NS","2253845029","6.26282","India"
"4761","Blackstone Mortgage Trust","BXMT","2253427712","13.37","United States"
"4762","Trinity Industries","TRN","2253053184","28.28","United States"
"4763","Suzuken Co., Ltd.","9987.T","2247000663","33.6962","Japan"
"4764","Compañía Cervecerías Unidas","CCU","2245740032","12.13","Chile"
"4765","Vincom Retail Joint Stock Company","VRE.VN","2244178528","0.987616","Vietnam"
"4766","SES S.A.","SESG.PA","2241401347","5.50627","Luxembourg"
"4767","Kardex Holding","KARN.SW","2240202458","290.287","Switzerland"
"4768","Rathbones Group","RAT.L","2239994347","21.9997","United Kingdom"
"4769","Calix","CALX","2239943936","35.575","United States"
"4770","Bausch Health","BHC","2238333440","5.985","Canada"
"4771","OneSpaWorld","OSW","2237031680","22.04","Bahamas"
"4772","Qatar Aluminium Manufacturing Company","QAMC.QA","2236646898","0.400824","Qatar"
"4773","Dai-Dan","1980.T","2235814604","17.2812","Japan"
"4774","create restaurants holdings","3387.T","2235630613","4.95704","Japan"
"4775","NeoGenomics","NEO","2235472640","17.4","United States"
"4776","GOL Airlines","GOLL54.SA","2234758186","1.85711","Brazil"
"4777","Spark New Zealand","SPK.NZ","2234300187","1.18209","New Zealand"
"4778","Nankai Electric Railway","9044.T","2234205435","20.6489","Japan"
"4779","OYAK Çimento","OYAKC.IS","2233068135","0.459323","Turkey"
"4780","Grupo Aeromexico","AERO","2232322048","15.3","Mexico"
"4781","Chorus","CNU.NZ","2230958309","5.14179","New Zealand"
"4782","ARMOUR Residential REIT","ARR","2230875904","15.76","United States"
"4783","AMS-Osram","AMS.SW","2229750641","22.4006","Austria"
"4784","Energisa S.A.","ENGI3.SA","2229212441","2.28608","Brazil"
"4785","Indraprastha Gas","IGL.NS","2227048597","1.59075","India"
"4786","Saudi Industrial Investment Group","2250.SR","2226649576","3.27786","Saudi Arabia"
"4787","HUTCHMED","HCM","2226559744","12.81","Hong Kong"
"4788","Day One Biopharmaceuticals","DAWN","2224784640","21.53","United States"
"4789","Prestige Consumer Healthcare","PBH","2224233728","46.95","United States"
"4790","Bossard Holding","BOSN.SW","2222818585","288.446","Switzerland"
"4791","LCI Industries","LCII","2221828608","91.39","United States"
"4792","Thule Group AB","THULE.ST","2220411297","20.5902","Sweden"
"4793","Aecon Group","ARE.TO","2219159773","32.3825","Canada"
"4794","Medical Properties Trust","MPT","2218597888","3.715","United States"
"4795","Addus HomeCare","ADUS","2217386240","118.74","United States"
"4796","Diebold Nixdorf","DBD","2217051648","65.31","United States"
"4797","ASBISc Enterprises","ASB.WA","2217006064","39.9461","Cyprus"
"4798","OFG Bancorp","OFG","2214712064","52.4","United States"
"4799","nCino","NCNO","2214115584","20.94","United States"
"4800","ULVAC, Inc.","6728.T","2213347502","45.0107","Japan"
"4801","Makino Milling Machine","6135.T","2211851246","94.972","Japan"
"4802","Axogen","AXGN","2211748608","41.14","United States"
"4803","Premier Foods","PFD.L","2211587560","2.56664","United Kingdom"
"4804","CGN Mining Company","1164.HK","2209776802","0.290734","Hong Kong"
"4805","Tata Elxsi","TATAELXSI.NS","2205980907","35.4093","India"
"4806","Samsonite International","1SO.F","2205953431","1.61751","Luxembourg"
"4807","Husqvarna","HUSQ-A.ST","2205610990","3.85679","Sweden"
"4808","Hilltop Holdings","HTH","2203808512","38.47","United States"
"4809","Lucky Cement","LUCK.PK","2203104625","1.50383","Pakistan"
"4810","AMC Entertainment","AMC","2200270336","2.465","United States"
"4811","Werner Enterprises","WERN","2199062528","36.665","United States"
"4812","Ceconomy","CEC.DE","2197355196","4.52857","Germany"
"4813","Flynas Company","4264.SR","2197350716","12.8611","Saudi Arabia"
"4814","Hub Group","HUBG","2195411200","35.9","United States"
"4815","Gelsenwasser","WWG.F","2195337992","638.644","Germany"
"4816","NGL Energy Partners","NGL","2192986880","17.57","United States"
"4817","Peloton","PTON","2192164608","4.995","United States"
"4818","Dermapharm","DMP.F","2191714843","44.2406","Germany"
"4819","Netcompany Group","NETC.CO","2189909198","49.3861","Denmark"
"4820","Kangwon Land","035250.KS","2189856106","11.0491","South Korea"
"4821","The Ogaki Kyoritsu Bank","8361.T","2189054371","53.2833","Japan"
"4822","Trulieve Cannabis","TRLV","2187540736","11.36","United States"
"4823","Grindwell Norton","GRINDWELL.NS","2185427853","19.7383","India"
"4824","Hammond Power Solutions","HPS-A.TO","2185395762","183.571","Canada"
"4825","Monarch Casino &amp; Resort","MCRI","2184576000","121.89","United States"
"4826","Shawbrook Group PLC","SHAW.L","2183235152","4.20106","United Kingdom"
"4827","ZhongAn Insurance","6060.HK","2182761953","1.29555","China"
"4828","Metaplanet Inc.","3350.T","2181986964","1.62195","Japan"
"4829","Flywire","FLYW","2181501440","17.93","United States"
"4830","Pediatrix Medical Group","MD","2180431360","26.835","United States"
"4831","SolarEdge","SEDG","2179857152","35.43","Israel"
"4832","Big Yellow Group","BYG.L","2179172092","11.1149","United Kingdom"
"4833","CIMC Enric","3899.HK","2178831246","1.03223","China"
"4834","iFAST Corporation","AIY.SI","2175419136","7.13795","Singapore"
"4835","Sarepta Therapeutics","SRPT","2175388416","20.595","United States"
"4836","JEOL Ltd.","6951.T","2174629911","44.6525","Japan"
"4837","FIGS","FIGS","2173114368","13.08","United States"
"4838","Sihanoukville Autonomous Port","PAS.KH","2172303913","4.82","Cambodia"
"4839","ComfortDelGro","C52.SI","2172015761","1.00279","Singapore"
"4840","Sabeco Brewery (Saigon Beer)","SAB.VN","2169683314","1.69168","Vietnam"
"4841","Palvella Therapeutics","PVLA","2167168512","150.41","United States"
"4842","RLX Technology","RLX","2163390720","1.77","China"
"4843","Western Union","WU","2162880768","6.935","United States"
"4844","Douglas Emmett","DEI","2160610816","10.745","United States"
"4845","PC Connection","CNXN","2158993152","85.545","United States"
"4846","Saizeriya","7581.T","2156910273","43.9034","Japan"
"4847","Takeuchi Mfg. Co., Ltd.","6432.T","2154399722","46.6392","Japan"
"4848","Bodycote","BOY.L","2154265345","12.7182","United Kingdom"
"4849","UFP Technologies","UFPT","2154104320","278.1","United States"
"4850","Central Puerto","CEPU","2153802240","14.36","Argentina"
"4851","Netmarble","251270.KS","2153146591","26.2789","South Korea"
"4852","Argan SA","ARG.PA","2152900313","83.6043","France"
"4853","Minerals Technologies","MTX","2151775744","69.125","United States"
"4854","CJ Cheiljedang Corporation","097950.KS","2149614884","134.157","South Korea"
"4855","Mitchells &amp; Butlers plc","MAB.L","2149605494","3.61927","United Kingdom"
"4856","Pakistan Petroleum","PPL.PK","2149238438","0.78988","Pakistan"
"4857","Aker Solutions ASA","AKSO.OL","2149236215","4.42182","Norway"
"4858","Saudi Kayan Petrochemical Company","2350.SR","2148848345","1.43257","Saudi Arabia"
"4859","Ichor Systems","ICHR","2148749056","57.37","United States"
"4860","The Keiyo Bank","8544.T","2147177567","18.4928","Japan"
"4861","Ora Banda Mining","OBM.AX","2147157606","1.1092","Australia"
"4862","Money Forward","3994.T","2146430079","38.6988","Japan"
"4863","First Commonwealth Financial Corp","FCF","2146427904","21.24","United States"
"4864","Genting Malaysia Berhad","4715.KL","2145605308","0.378564","Malaysia"
"4865","Allegiant Travel Company","ALGT","2144920320","78.46","United States"
"4866","Aurinia Pharmaceuticals","AUPH","2144784896","16.12","Canada"
"4867","Carborundum Universal","CARBORUNIV.NS","2143933153","11.2539","India"
"4868","Ramco Cements","RAMCOCEM.NS","2143424690","9.07107","India"
"4869","Lojas Renner","LREN3.SA","2142758345","2.26063","Brazil"
"4870","Extendicare","EXE.TO","2141465972","22.5307","Canada"
"4871","Mitsui Fudosan Logistics Park","3471.T","2139209418","664.413","Japan"
"4872","Under Armour","UA","2139179776","4.9801","United States"
"4873","UBE Corporation","4208.T","2138816037","22.0168","Japan"
"4874","WHA Corporation","WHA.BK","2130082479","0.142511","Thailand"
"4875","Universal Robina Corporation","UVRBF","2129043200","1","Philippines"
"4876","SharonAI Holdings","SHAZ","2128518400","59.45","United States"
"4877","Gudang Garam","GGRM.JK","2126473369","1.10519","Indonesia"
"4878","TX Group","TXGN.SW","2125984877","206.945","Switzerland"
"4879","The Kiyo Bank","8370.T","2123067358","32.9601","Japan"
"4880","Shriram Pistons &amp; Rings","SHRIPISTON.NS","2122436570","45.7557","India"
"4881","GN Store Nord","GN.CO","2119378856","14.5549","Denmark"
"4882","Progyny","PGNY","2118427008","27.61","United States"
"4883","Crombie Real Estate Investment Trust","CRR-UN.TO","2118213923","11.2726","Canada"
"4884","Visional, Inc.","4194.T","2117180521","52.2932","Japan"
"4885","Stagwell","STGW","2115934976","8.655","United States"
"4886","Hang Lung Group","0010.HK","2114772583","1.55313","Hong Kong"
"4887","QNB Finans Finansal Kiralama (QNB Finansleasing)","QNBFK.IS","2114731874","0.845893","Turkey"
"4888","Keihan Holdings","9045.T","2111745761","20.929","Japan"
"4889","Neutron Holdings (Lime)","LIME","2108374144","32.93","United States"
"4890","OC Oerlikon","OERL.SW","2103481538","6.44401","Switzerland"
"4891","Custom Truck One Source","CTOS","2103288704","9.245","United States"
"4892","First National Financial","FN.TO","2103105189","35.0708","Canada"
"4893","Resolute Mining","RSG.AX","2102277382","0.983559","Australia"
"4894","Mach Natural Resources LP","MNR","2101876608","12.59","United States"
"4895","Establishment Labs","ESTA","2099841280","70.46","Costa Rica"
"4896","Nuvation Bio","NUVB","2099716992","5.98","United States"
"4897","Global Net Lease","GNL","2099209472","9.075","United States"
"4898","Per Aarsleff Holding A/S B","PAAL-B.CO","2099118912","111.412","Denmark"
"4899","Monadelphous Group","MND.AX","2097459053","20.8655","Australia"
"4900","Bladex","BLX","2097177728","56.33","Panama"
"4901","HBL","HBLENGINE.NS","2095354782","7.55914","India"
"4902","Encore Capital Group","ECPG","2094849024","98.77","United States"
"4903","Socionext","6526.T","2094645757","11.9497","Japan"
"4904","Rapport Therapeutics","RAPP","2094252288","43.65","United States"
"4905","Primaris Real Estate Investment Trust","PMZ-UN.TO","2092791537","15.1816","Canada"
"4906","BillerudKorsnäs","BILL.ST","2091757219","8.4106","Sweden"
"4907","I.B.I. Investment House","IBI.TA","2091558403","148.063","Israel"
"4908","Cimpress","CMPR","2090767744","85.865","Ireland"
"4909","Sunrun","RUN","2089691776","8.76","United States"
"4910","BioCryst Pharmaceuticals","BCRX","2088999552","8.175","United States"
"4911","Buckle","BKE","2087943296","40.53","United States"
"4912","The Bancorp, Inc.","TBBK","2087868544","51.1898","United States"
"4913","UroGen Pharma","URGN","2087688832","42.71","United States"
"4914","1st Source","SRCE","2083559552","86.52","United States"
"4915","Sinfonia Technology","6507.T","2082371977","73.8019","Japan"
"4916","L1 Group","L1G.AX","2082133164","0.811257","Australia"
"4917","Signify","LIGHT.AS","2081819884","17.4292","Netherlands"
"4918","TIC Solutions","TIC","2080731008","9.535","United States"
"4919","SHB (Saigon - Hanoi Commercial Joint Stock Bank)","SHB.VN","2080507469","0.445585","Vietnam"
"4920","Voyager Technologies","VOYG","2079870464","34.08","United States"
"4921","H2O Retailing Corporation","8242.T","2079840722","18.457","Japan"
"4922","NV Bekaert","BEKB.BR","2077935592","43.3697","Belgium"
"4923","AQ Group","AQ.ST","2076351872","22.6348","Sweden"
"4924","DoubleVerify","DV","2076058752","13.395","United States"
"4925","ADMA Biologics","ADMA","2075218048","9.265","United States"
"4926","Electricity Generating Public Company","EGCO.BK","2075210733","3.94178","Thailand"
"4927","Namura Shipbuilding","7014.T","2074767967","29.8334","Japan"
"4928","Bob's Discount Furniture","BOBS","2074003840","15.87","United States"
"4929","Applied Aerospace &amp; Defense","AADX","2073894016","12.03","United States"
"4930","Chalet Hotels","CHALET.NS","2073860384","9.46994","India"
"4931","Teijin Limited","3401.T","2072804051","10.7446","Japan"
"4932","Preformed Line Products","PLPC","2072027008","423.84","United States"
"4933","National Bank of Oman","NBOB.OM","2069386321","1.27273","Oman"
"4934","Perdoceo Education","PRDO","2068797568","33.06","United States"
"4935","Freehold Royalties","FRU.TO","2067020014","12.6068","Canada"
"4936","Dentsply Sirona","XRAY","2066302848","10.365","United States"
"4937","Centuri Holdings","CTRI","2065704064","20.46","United States"
"4938","Sunstone Hotel Investors","SHO","2064907264","11.105","United States"
"4939","Daiwabo Holdings","3107.T","2064736437","24.1338","Japan"
"4940","Hysan Development","0014.HK","2062602147","2.00836","Hong Kong"
"4941","Ratnamani Metals &amp; Tubes","RATNAMANI.NS","2062556429","29.4264","India"
"4942","LOTTE Chemical","011170.KS","2061955517","48.8996","South Korea"
"4943","Pebblebrook Hotel Trust","PEB","2061636608","18.27","United States"
"4944","Badger Infrastructure Solutions","BDGI.TO","2061012493","61.2311","Canada"
"4945","Kosé","4922.T","2060876908","36.3147","Japan"
"4946","Innovex International","INVX","2059610112","29.45","United States"
"4947","Forvia SE","FRVIA.PA","2056495740","11.1356","France"
"4948","Com7 Public Company","COM7.BK","2055301416","0.87174","Thailand"
"4949","Clarkson PLC","CKN.L","2054147036","66.8651","United Kingdom"
"4950","Fukuda Denshi","6960.T","2053657101","76.0167","Japan"
"4951","TV Asahi Holdings Corporation","9409.T","2053105770","20.4209","Japan"
"4952","Savola Group","2050.SR","2052402298","6.91785","Saudi Arabia"
"4953","Utz Brands","UTZ","2052181248","14.255","United States"
"4954","TAV Airports Holding","TAVHL.IS","2052149168","5.64893","Turkey"
"4955","Alamo Group","ALG","2051537792","168.56","United States"
"4956","Oxford Instruments","OXIG.L","2050537543","37.3427","United Kingdom"
"4957","Kodiak Sciences","KOD","2050463488","32.625","United States"
"4958","Zenas BioPharma","ZBIO","2049156224","31.44","United States"
"4959","Solvac","SOLV.BR","2047654644","95.7966","Belgium"
"4960","NW Natural Holdings","NWN","2047640064","48.645","United States"
"4961","Select Medical Holdings","SEM","2046298112","16.51","United States"
"4962","Dunelm Group","DNLM.L","2045848251","10.1475","United Kingdom"
"4963","PDF Solutions","PDFS","2045064064","48.43","United States"
"4964","Inspire Medical Systems","INSP","2044541824","70.72","United States"
"4965","Blackbaud","BLKB","2044369920","45.04","United States"
"4966","Genesis Energy","GNE.NZ","2042605343","1.56059","New Zealand"
"4967","Currys plc","CURY.L","2041883558","1.99838","United Kingdom"
"4968","TOMY Company","7867.T","2038161356","23.7039","Japan"
"4969","Elgi Equipments","ELGIEQUIP.NS","2038147973","6.46535","India"
"4970","KRUK Spólka Akcyjna","KRU.WA","2035966593","104.177","Poland"
"4971","MFE-Mediaforeurope","MFEA.MI","2035849125","2.90989","Italy"
"4972","Ternium Argentina","TXAR.BA","2035157676","0.450546","Argentina"
"4973","Burckhardt Compression","BCHN.SW","2034304100","603.282","Switzerland"
"4974","The Sumitomo Warehouse Co., Ltd.","9303.T","2034235232","26.8696","Japan"
"4975","Stewart Information Services","STC","2030489344","66.525","United States"
"4976","Watches of Switzerland Group","WOSG.L","2028887168","8.76742","United Kingdom"
"4977","Generate Biomedicines","GENB","2027968512","15.8","United States"
"4978","Arteche Lantegi Elkartea, S.A.","ART.MC","2026933863","34.9512","Spain"
"4979","NFI Group","NFI.TO","2026434444","17.0135","Canada"
"4980","Caisse Régionale de Crédit Agricole Mutuel du Languedoc","CRLA.PA","2026293268","102.764","France"
"4981","Companhia de Saneamento do Paraná (SANEPAR)","SAPR4.SA","2024240824","1.33949","Brazil"
"4982","National Industries Group Holding","NIND.KW","2023701262","808.871","Kuwait"
"4983","City Holding Company","CHCO","2022644864","143.94","United States"
"4984","Activia Properties","3279.T","2021555265","850.709","Japan"
"4985","momo.com Inc.","8454.TW","2020855810","7.62658","Taiwan"
"4986","Aksa Energy","AKSEN.IS","2018942043","1.64632","Turkey"
"4987","HBX Group International plc","HBX.MC","2018275284","8.3372","United Kingdom"
"4988","Kajaria Ceramics","KAJARIACER.NS","2017168085","12.8365","India"
"4989","Goosehead Insurance","GSHD","2016170112","56.415","United States"
"4990","Cenomi Centers (Arabian Centres Company)","4321.SR","2014772651","4.24178","Saudi Arabia"
"4991","Thermon Group","THR","2013932928","61.14","United States"
"4992","GFH Financial Group","GFH.AE","2013914396","0.53","Bahrain"
"4993","OPmobility","OPM.PA","2012688289","14.085","France"
"4994","Driven Brands","DRVN","2011103744","12.19","United States"
"4995","Getty Realty","GTY","2009406464","32.445","United States"
"4996","Parex Resources","PXT.TO","2008163183","20.8792","Canada"
"4997","Agios Pharmaceuticals","AGIO","2007774336","33.63","United States"
"4998","Migros Ticaret A.S.","MGROS.IS","2006561146","11.267","Turkey"
"4999","EZCorp","EZPW","2006126336","32.65","United States"
"5000","Berli Jucker (BJC)","BJC.BK","2005113616","0.500303","Thailand"
"5001","Mesoblast","MESO","2004959232","15.44","Australia"
"5002","DNO ASA","DNO.OL","2004584460","2.05598","Norway"
"5003","Alkami Technology","ALKT","2003665024","18.736","United States"
"5004","Standard Nuclear","STDN","2003598976","12.47","United States"
"5005","Coats Group","COA.L","2003173212","1.04654","United Kingdom"
"5006","Vermilion Energy","VET","2002443904","13.105","Canada"
"5007","Arion banki","ARION.IC","2001444326","1.49336","Iceland"
"5008","Hyosung Corporation","004800.KS","2000651067","119.673","South Korea"
"5009","Cellcom Israel","CEL.TA","1999222822","11.8457","Israel"
"5010","NextDecade Corp","NEXT","1999052672","7.51","United States"
"5011","BWP Trust","BWP.AX","1996181563","2.54146","Australia"
"5012","Sekisui House Reit","3309.T","1996122119","463.786","Japan"
"5013","The Nanto Bank","8367.T","1996029057","12.7085","Japan"
"5014","Interface, Inc.","TILE","1995271936","34.52","United States"
"5015","Blue Bird Corporation","BLBD","1994368000","63.02","United States"
"5016","AddLife AB","ALIF-B.ST","1993272209","16.3565","Sweden"
"5017","YOOZOO Interactive","002174.SZ","1992865524","2.03393","China"
"5018","Atea ASA","ATEA.OL","1992395814","17.8594","Norway"
"5019","Netstreit","NTST","1992225280","19.545","United States"
"5020","MIRAIT ONE Corporation","1417.T","1992213498","22.8766","Japan"
"5021","Sharplink","SBET","1991940480","9.17","United States"
"5022","Ezaki Glico Co., Ltd.","2206.T","1990389603","32.465","Japan"
"5023","ARE Holdings","5857.T","1990195153","23.1567","Japan"
"5024","Karooooo","KARO","1989837568","64.41","Singapore"
"5025","Malaysian Pacific Industries","3867.KL","1989372932","10.0049","Malaysia"
"5026","Kinnevik","KINV-A.ST","1988967568","7.06304","Sweden"
"5027","Brightstar Lottery","BRSL","1985495552","10.865","United Kingdom"
"5028","Batelco (Bahrain Telecommunication Company)","BEYON.BH","1985251968","1.48806","Bahrain"
"5029","Olin Corporation","OLN","1984435072","17.41","United States"
"5030","Spectrum Brands","SPB","1983830016","86.27","United States"
"5031","Entra","ENTRA.OL","1982297073","10.8878","Norway"
"5032","Horace Mann Educators","HMN","1982121600","48.94","United States"
"5033","Super Retail Group","SUL.AX","1979568856","8.76588","Australia"
"5034","Asana","ASAN","1979446784","8.645","United States"
"5035","Al Masane Al Kobra Mining Company","1322.SR","1978493113","22.3406","Saudi Arabia"
"5036","Formula Systems","FORTY","1978172032","129","Israel"
"5037","Stolt-Nielsen Limited","0OHK.L","1978140322","32.8984","United Kingdom"
"5038","Alamar Biosciences","ALMR","1977513472","28.4974","United States"
"5039","Energean","ENOG.L","1976868008","10.7022","United Kingdom"
"5040","Gorman-Rupp","GRC","1976806784","74.85","United States"
"5041","COMPASS Pathways","CMPS","1973294592","14.25","United Kingdom"
"5042","IQM Quantum Computers","IQMX","1972636672","10.4099","Finland"
"5043","Kuwait Telecommunications Company","STC.KW","1967359137","1969.99","Kuwait"
"5044","Hycroft Mining","HYMC","1967065344","21.11","United States"
"5045","Expro Group","XPRO","1966110208","17.5","United States"
"5046","Boursa Kuwait Securities Company","BOURSA.KW","1964537584","9784.74","Kuwait"
"5047","Sun TV Network","SUNTV.NS","1963410765","4.98221","India"
"5048","Caisse Régionale de Crédit Agricole Mutuel Nord de France","CNDF.PA","1963347944","33.9526","France"
"5049","Vertex","VERX","1960582656","12.0861","United States"
"5050","Aux Electric Co., Ltd.","2580.HK","1958403992","1.23307","China"
"5051","Butterfly Network","BFLY","1955864576","7.345","United States"
"5052","H&amp;R REIT","HR-UN.TO","1955328643","6.98136","Canada"
"5053","Evolution Metals & Technologies","EMAT","1952454016","3.14","United States"
"5054","C.Uyemura & Co.,Ltd.","4966.T","1951893781","122.265","Japan"
"5055","Gestamp Automoción","GEST.MC","1951434223","3.43126","Spain"
"5056","Vericel","VCEL","1947643648","38.035","United States"
"5057","Protolabs","PRLB","1947481600","81.41","United States"
"5058","Castrol India","CASTROLIND.NS","1946668182","1.96808","India"
"5059","Gimv NV","GIMB.BR","1944488305","52.8333","Belgium"
"5060","Happen, Inc.","HAPN","1943461760","16.84","United States"
"5061","Genus","GNS.L","1942778027","29.2518","United Kingdom"
"5062","Fortress REIT","FFB.JO","1940305600","1.51586","South Africa"
"5063","Kohl's","KSS","1936469760","17.08","United States"
"5064","ChipMOS Technologies","IMOS","1934305408","55.63","Taiwan"
"5065","Elekta AB","EKTA-B.ST","1934046871","5.06185","Sweden"
"5066","Iluka Resources","ILU.AX","1931694154","4.47986","Australia"
"5067","Fuso Chemical","4368.T","1929597436","18.2388","Japan"
"5068","Biohaven","BHVN","1926563328","12.755","United States"
"5069","Kimbell Royalty Partners","KRP","1924455296","14.975","United States"
"5070","Atul","ATUL.NS","1924314844","65.3601","India"
"5071","Melco Resorts &amp; Entertainment","MLCO","1924034944","5.06","Hong Kong"
"5072","SigmaRoc plc","SRC.L","1921045390","1.73184","United Kingdom"
"5073","Magnit","MGNT.ME","1920200303","19.36","Russia"
"5074","Dalrymple Bay Infrastructure","DBI.AX","1918411523","3.86962","Australia"
"5075","Konica Minolta","4902.T","1916616084","3.87835","Japan"
"5076","Hotel Properties Limited","H15.SI","1915638565","3.60846","Singapore"
"5077","Genesis Energy  L.P.","GEL","1915098368","15.67","United States"
"5078","Gujarat Mineral Development","GMDCLTD.NS","1915022917","6.02208","India"
"5079","Mitani Corporation","8066.T","1914796671","22.9939","Japan"
"5080","Mizuno Corporation","8022.T","1912359759","25.1435","Japan"
"5081","Nippon Kayaku","4272.T","1912255598","13.2622","Japan"
"5082","EcoPro Materials","450080.KS","1912147033","27.1001","South Korea"
"5083","Sonida Senior Living","SNDA","1910868608","39.77","United States"
"5084","Semapa","SEM.LS","1910484477","23.9201","Portugal"
"5085","Ziff Davis","ZD","1910483328","55.72","United States"
"5086","Bic Camera Inc.","3048.T","1906972812","11.1354","Japan"
"5087","Íslandsbanki","ISB.IC","1906623607","1.15235","Iceland"
"5088","WeRide","WRD","1906300800","5.795","China"
"5089","Yellow Cake plc","YCA.L","1905709115","7.58355","Jersey"
"5090","VIB (Vietnam International Commercial Joint Stock Bank)","VIB.VN","1905322745","0.511169","Vietnam"
"5091","Zip Co","ZIP.AX","1905243394","1.52918","Australia"
"5092","Tokuyama Corporation","4043.T","1904084675","26.4658","Japan"
"5093","Insperity","NSP","1903847168","49.8451","United States"
"5094","Tower Bersama Infrastructure","TBIG.JK","1903765301","0.0844219","Indonesia"
"5095","Mayora","MYOR.JK","1903509662","0.0864183","Indonesia"
"5096","KSB SE &amp; Co. KGaA","KSB.DE","1903439572","1086.86","Germany"
"5097","Surgery Partners","SGRY","1902896768","14.535","United States"
"5098","Hazama Ando Corporation","1719.T","1902802079","12.1288","Japan"
"5099","Zhejiang Jinke Tom Culture Industry","300459.SZ","1900608423","0.540589","China"
"5100","Stoke Therapeutics","STOK","1898361984","29.42","United States"
"5101","Perrigo","PRGO","1895638528","13.7","Ireland"
"5102","Wacker Neuson","WAC.F","1895457853","27.8681","Germany"
"5103","Al Salam Bank","SALAM.BH","1895091250","1.19363","Bahrain"
"5104","Shanghai Industrial Holdings Limited","0363.HK","1892377300","1.74058","Hong Kong"
"5105","Republic Bank","RBCAA","1892143232","96.37","United States"
"5106","Pfeiffer Vacuum","PFV.F","1890575661","191.593","Germany"
"5107","New World Development Company","0017.HK","1890124746","0.751063","Hong Kong"
"5108","Target Hospitality","TH","1890045568","19.3","United States"
"5109","Alvotech","ALVO","1889381888","5.2951","Iceland"
"5110","SSP Group","SSPG.L","1887527088","2.50034","United Kingdom"
"5111","Etablissements Maurel &amp; Prom","MAU.PA","1887215289","9.45193","France"
"5112","AlzChem Group","ACT.DE","1885549149","186.252","Germany"
"5113","Nanobiotix","NBTX","1885354880","37.105","France"
"5114","Stanmore Resources","SMR.AX","1883157259","2.08917","Australia"
"5115","Paragon Banking Group","PAG.L","1881690801","10.4993","United Kingdom"
"5116","Astrana Health","ASTH","1881245568","37.925","United States"
"5117","Planisware","PLNW.PA","1880317528","27.1714","France"
"5118","Muangthai Capital","MTC.BK","1880230449","0.886901","Thailand"
"5119","Admie Holding","ADMIE.AT","1879208452","5.17882","Greece"
"5120","Storskogen Group","STOR-B.ST","1879091281","1.11986","Sweden"
"5121","Fluence Energy","FLNC","1878614144","10.105","United States"
"5122","Hamburger Hafen","HHFA.F","1877865730","24.9652","Germany"
"5123","ATS Corporation","ATS","1877167488","19.13","Canada"
"5124","GigaCloud Technology","GCT","1876037248","52.535","China"
"5125","Midera Food Processing","MFP","1875254656","41.46","United States"
"5126","EIH Limited","EIHOTEL.NS","1874979866","2.99822","India"
"5127","Aarti Industries","AARTIIND.NS","1870582389","5.157","India"
"5128","Vietnam Maritime Commercial Joint Stock Bank","MSB.VN","1870483372","0.499595","Vietnam"
"5129","BGF Retail","282330.KS","1870037212","108.251","South Korea"
"5130","HBM Healthcare Investments","HBMN.SW","1869575295","287.219","Switzerland"
"5131","Bayer Crop Science","BAYERCROP.NS","1869419870","41.5962","India"
"5132","Ashmore Group","ASHM.L","1868506506","2.87106","United Kingdom"
"5133","Zymeworks","ZYME","1867821440","26.12","Canada"
"5134","Welspun India","WELSPUNIND.NS","1867418314","1.91","India"
"5135","German American Bancorp","GABC","1865787904","49.65","United States"
"5136","Alkane Resources","ALK.AX","1865564033","1.36551","Australia"
"5137","STEF SA","STF.PA","1864030077","147.236","France"
"5138","Goldwin Inc.","8111.T","1862512458","13.614","Japan"
"5139","Vimian Group","VIMIAN.ST","1862193955","3.52636","Sweden"
"5140","AB Ignitis grupe","IGN1L.VS","1861838679","25.7199","Lithuania"
"5141","GH Research","GHRS","1860899328","27.1101","Ireland"
"5142","Public Property Invest AS","PUBLI.OL","1860471872","1.96991","Norway"
"5143","K's Holdings Corporation","8282.T","1860438191","12.0409","Japan"
"5144","Winpak","WPK.TO","1858461983","31.6806","Canada"
"5145","National Bank Holdings","NBHC","1857744512","41.71","United States"
"5146","Austevoll Seafood","AUSS.OL","1856513503","9.19867","Norway"
"5147","Alef Education","ALEFEDT.AE","1856298857","0.27","United Arab Emirates"
"5148","Porch Group","PRCH","1855481728","16.345","United States"
"5149","Kailera Therapeutics","KLRA","1855201152","14.31","United States"
"5150","Grand City Properties","GYC.DE","1850832789","10.5086","Luxembourg"
"5151","Kainos Group","KNOS.L","1850137440","16.0465","United Kingdom"
"5152","Tianyu Digital Technology (Dalian)","002354.SZ","1848202360","1.11702","China"
"5153","Genius Sports","GENI","1847964160","6.905","United Kingdom"
"5154","Australian United Investment Company","AUI.AX","1847163795","8.48589","Australia"
"5155","Hemab Therapeutics Holdings","COAG","1846296448","39.525","United States"
"5156","Sanoma","SANOMA.HE","1845016904","11.3562","Finland"
"5157","Innodata","INOD","1844629376","53.65","United States"
"5158","Elvalhalcor Hellenic Copper and Aluminium Industry","ELHA.AT","1844077267","4.24988","Greece"
"5159","National Central Cooling Company","TABREED.AE","1843705342","0.647989","United Arab Emirates"
"5160","Neuren Pharmaceuticals","NEU.AX","1843041954","14.538","Australia"
"5161","Drägerwerk","DRW8.F","1842888971","98.235","Germany"
"5162","Tasmea Limited","TEA.AX","1842479008","6.56903","Australia"
"5163","B.F. S.p.A.","BFG.MI","1842296236","7.03669","Italy"
"5164","Montana Aerospace","AERO.SW","1839370526","29.3356","Switzerland"
"5165","Zydus Wellness","ZYDUSWELL.NS","1838232307","5.77768","India"
"5166","Enerpac Tool Group","EPAC","1837256192","35.645","United States"
"5167","Jungfraubahn Holding AG","JFN.SW","1836992492","314.836","Switzerland"
"5168","Costamare","CMRE","1836358656","15.19","Monaco"
"5169","Genting Berhad","3182.KL","1836312238","0.476893","Malaysia"
"5170","Dicker Data","DDR.AX","1835529203","10.1084","Australia"
"5171","Kyoritsu Maintenance Co., Ltd.","9616.T","1833855853","20.1604","Japan"
"5172","Bao Viet Holdings","BVH.VN","1832824926","2.46904","Vietnam"
"5173","Novocure","NVCR","1831693056","15.73","Jersey"
"5174","DAIHEN Corporation","6622.T","1829878288","77.5148","Japan"
"5175","eClerx Services","ECLERX.NS","1829717394","19.8828","India"
"5176","Türkiye Kalkınma","KLNMA.IS","1829470360","0.182947","Turkey"
"5177","Systemair AB","SYSR.ST","1827915864","8.80815","Sweden"
"5178","Fluxys Belgium","FLUX.BR","1827569101","26.0102","Belgium"
"5179","OceanFirst Financial","OCFC","1826111360","18.895","United States"
"5180","Guzman y Gomez","GYG.AX","1824652740","18.3215","Australia"
"5181","Region Group","RGN.AX","1823321739","1.58662","Australia"
"5182","Quantum Computing","QUBT","1823224064","8.055","United States"
"5183","Usiminas","USIM5.SA","1822902485","1.4809","Brazil"
"5184","Magellan Financial Group","MFG.AX","1821315680","6.22442","Australia"
"5185","Shangri-La","0069.HK","1821190533","0.51006","Hong Kong"
"5186","SFL Corp","SFL","1820740864","13.13","Bermuda"
"5187","Dah Sing Financial","0440.HK","1818103342","5.69737","Hong Kong"
"5188","Live Oak Bank","LOB","1816400640","39.245","United States"
"5189","Sildarvinnslan","SVN.IC","1815949149","0.983811","Iceland"
"5190","LeMaitre Vascular","LMAT","1815933184","79.405","United States"
"5191","Kardigan, Inc.","KARD","1814906752","19.41","United States"
"5192","Metsä Board","METSA.HE","1814524604","5.10915","Finland"
"5193","Offcn Education","002607.SZ","1814374456","0.294188","China"
"5194","F&amp;F Co","383220.KS","1813245542","48.377","South Korea"
"5195","Strategic Education","STRA","1811692800","81.58","United States"
"5196","Mota-Engil","EGL.LS","1811177053","5.90391","Portugal"
"5197","Hawaiian Electric Industries","HE","1811053056","10.485","United States"
"5198","Prosegur","PSG.MC","1810428812","3.39062","Spain"
"5199","OSG Corporation","6136.T","1810237210","22.0298","Japan"
"5200","Embracer Group","EMBRAC-B.ST","1810149574","8.25467","Sweden"
"5201","Saudi Chemical Holding Company","2230.SR","1809663724","2.14619","Saudi Arabia"
"5202","World Kinect","WKC","1808721280","35.36","United States"
"5203","RHI Magnesita","RHF.F","1808377869","38.2025","Austria"
"5204","NCC","NCC-B.ST","1807725187","18.4217","Sweden"
"5205","Metrovacesa","MVC.MC","1806699839","11.9136","Spain"
"5206","Xencor","XNCR","1806415872","24.295","United States"
"5207","VNET Group","VNET","1806368384","6.345","China"
"5208","Nongshim","004370.KS","1805380322","309.448","South Korea"
"5209","Westshore Terminals Investment","WTE.TO","1804439574","29.2123","Canada"
"5210","Gränges","GRNG.ST","1802952334","16.9141","Sweden"
"5211","Dime Community Bancshares","DCOM","1797614976","40.71","United States"
"5212","Knowledge Economic City Company","4310.SR","1797011441","5.29623","Saudi Arabia"
"5213","Bandwidth","BAND","1795848832","55.805","United States"
"5214","Intershop Holding","ISN.SW","1794755526","194.67","Switzerland"
"5215","Embla Medical","EMBLA.CO","1793657505","4.21645","Iceland"
"5216","Mullen Group","MTL.TO","1792177865","18.6218","Canada"
"5217","Central Plaza Hotel","CENTEL.BK","1790858162","1.32656","Thailand"
"5218","SmartStop Self Storage REIT","SMA","1790076800","32.33","United States"
"5219","A10 Networks","ATEN","1789812352","24.65","United States"
"5220","Fagron","FAGR.BR","1788529248","24.3846","Belgium"
"5221","Fidelis Insurance","FIHL","1787657472","20.71","Bermuda"
"5222","JustSystems Corporation","4686.T","1786329669","27.8141","Japan"
"5223","Global Partners LP","GLP","1785872128","52.76","United States"
"5224","PolyPeptide Group","PPGN.SW","1785141739","54.0683","Switzerland"
"5225","Nayax","NYAX","1783310976","47.71","Israel"
"5226","Boston Beer Company","SAM","1782519168","173.2","United States"
"5227","Ola Electric Mobility","OLAELEC.NS","1782457255","0.403391","India"
"5228","Devyani International","DEVYANI.NS","1780497142","1.44411","India"
"5229","Hope Bancorp","HOPE","1780082560","13.935","United States"
"5230","DXC Technology","DXC","1779135744","11.135","United States"
"5231","Tatung Co., Ltd.","2371.TW","1777349779","0.868671","Taiwan"
"5232","Kosmos Energy","KOS","1774136448","2.9793","United States"
"5233","Nexa Resources","NEXA","1773352960","13.39","Luxembourg"
"5234","FirstSun Capital Bancorp","FSUN","1771199744","40.3","United States"
"5235","The North West Company","NWC.TO","1771185513","37.4382","Canada"
"5236","Atlas Energy Solutions","AESI","1771161216","14.18","United States"
"5237","ACV Auctions","ACVA","1771097344","10.43","United States"
"5238","Sammaan Capital","SAMMAANCAP.NS","1771002517","1.54176","India"
"5239","Vivendi","VIV.PA","1769443396","1.77427","France"
"5240","The Musashino Bank","8336.T","1769332972","18.2323","Japan"
"5241","Tokai Rika","6995.T","1767845468","20.3884","Japan"
"5242","Vir Biotechnology","VIR","1767460608","10.445","United States"
"5243","Sonos","SONO","1764946176","14.92","United States"
"5244","Xenia Hotels &amp; Resorts","XHR","1764880512","17.84","United States"
"5245","Septerna","SEPN","1764855424","37.81","United States"
"5246","BEML","BEML.NS","1763941483","21.1786","India"
"5247","Lakefront Biotherapeutics","LKFT","1762192512","26.91","Belgium"
"5248","Realia Business","RLIA.MC","1761653706","1.16698","Spain"
"5249","S&amp;T Bancorp","STBA","1761158656","49.94","United States"
"5250","Soho House & Co","SHCO","1758889344","8.99","United States"
"5251","Chambal Fertilisers","CHAMBLFERT.NS","1756261033","4.3835","India"
"5252","Qatar Insurance Company","QATI.QA","1755978077","0.537637","Qatar"
"5253","AGI Inc (Agibank)","AGBK","1755663360","6.725","Brazil"
"5254","SRG Global Limited","SRG.AX","1755185194","2.7712","Australia"
"5255","Youdao","DAO","1754630784","14.545","China"
"5256","Ratio Energies","RATI.TA","1753825466","1.5605","Israel"
"5257","Weis Markets","WMK","1753649536","70.87","United States"
"5258","Tsubakimoto Chain","6371.T","1752737981","17.3529","Japan"
"5259","5N Plus","VNP.TO","1751616112","19.4764","Canada"
"5260","Amano Corporation","6436.T","1748222640","25.2412","Japan"
"5261","MBC Group Co.","4072.SR","1747716565","5.25629","Saudi Arabia"
"5262","Proeduca Altus","PRO.MC","1746356315","38.6676","Spain"
"5263","Elang Mahkota Teknologi","EMTK.JK","1744980474","0.0285209","Indonesia"
"5264","Vestis","VSTS","1744513408","13.2","United States"
"5265","Volution Group","FAN.L","1744344078","8.80801","United Kingdom"
"5266","Evertec","EVTC","1744176768","29.19","United States"
"5267","Bell Food Group","BELL.SW","1742275700","278.013","Switzerland"
"5268","HPH Trust (Hutchison Port)","NS8U.SI","1742220288","0.2","Singapore"
"5269","Saudia Dairy &amp; Foodstuff Company","2270.SR","1740312572","54.4535","Saudi Arabia"
"5270","KATITAS CO., Ltd.","8919.T","1738364641","22.2122","Japan"
"5271","Jeudan","JDAN.CO","1737550495","31.371","Denmark"
"5272","CAMGSM Plc. (Cellcard)","CGSM.KH","1736522405","0.89","Cambodia"
"5273","Cogeco","CCA.TO","1735676186","41.3112","Canada"
"5274","Byline Bancorp","BY","1735384448","38.405","United States"
"5275","Personalis","PSNL","1734429952","16.24","United States"
"5276","Liberty Latin America","LILA","1729796992","8.83","United States"
"5277","Adecoagro","AGRO","1728823808","11.9801","Luxembourg"
"5278","Damora Therapeutics","DMRA","1728594560","28","United States"
"5279","Patria Investments","PAX","1728528000","10.71","Cayman Islands"
"5280","Goodman Property Trust","GMT.NZ","1728117746","1.12303","New Zealand"
"5281","Vietnam National Petroleum Group","PLX.VN","1725429158","1.35797","Vietnam"
"5282","Americas Gold and Silver Corp","USAS","1724603776","5.1","Canada"
"5283","Uranium Royalty","UROY","1724329728","4.525","Canada"
"5284","East Pipes Integrated Company for Industry","1321.SR","1723671857","54.7197","Saudi Arabia"
"5285","Flex LNG","FLNG","1722842240","31.85","Bermuda"
"5286","Worthington Steel","WS","1722525568","33.8104","United States"
"5287","SKAN Group","SKAN.SW","1722050629","76.5917","Switzerland"
"5288","Métropole Télévision (Groupe M6)","MMT.PA","1721040310","13.6554","France"
"5289","Lovisa Holdings","LOV.AX","1719638522","15.5288","Australia"
"5290","Allient","ALNT","1719197184","101.15","United States"
"5291","Montea Comm","MONT.BR","1718173538","73.7343","Belgium"
"5292","Recursion Pharmaceuticals","RXRX","1716067456","3.2","United States"
"5293","Photronics","PLAB","1714074624","29.07","United States"
"5294","Lindblad Expeditions","LIND","1713986304","26.12","United States"
"5295","Biolife Solutions","BLFS","1713295104","35.02","United States"
"5296","SeSa S.p.A.","SES.MI","1712077189","113.272","Italy"
"5297","Nittetsu Mining","1515.T","1711824565","21.7563","Japan"
"5298","Bank First","BFC","1709954816","154.25","United States"
"5299","Albany International","AIN","1709929088","60.27","United States"
"5300","Century Communities","CCS","1709670272","60.13","United States"
"5301","Marqeta","MQ","1709302784","16.42","United States"
"5302","Befesa","BFSA.DE","1709242966","42.7311","Luxembourg"
"5303","Tecnoglass","TGLS","1708925056","38.52","Colombia"
"5304","TriCo Bancshares","TCBK","1708776320","53.455","United States"
"5305","Concentrix","CNXC","1707293440","27.98","United States"
"5306","Derichebourg","DBG.PA","1706253129","10.7815","France"
"5307","Scatec ASA","SCATC.OL","1705773154","10.6726","Norway"
"5308","Ipsos","IPS.PA","1704788977","41.0358","France"
"5309","Neinor Homes","HOME.MC","1703130714","17.6382","Spain"
"5310","AVI Limited","AVI.JO","1700742600","5.09687","South Africa"
"5311","IDT Corporation","IDT","1700015232","68.36","United States"
"5312","Jubilant Pharmova","JUBLPHARMA.NS","1699586695","10.7306","India"
"5313","RLJ Lodging Trust","RLJ","1699163776","11.095","United States"
"5314","Aica Kogyo Company","4206.T","1697308963","26.824","Japan"
"5315","Eurocommercial Properties","ECMPA.AS","1696852739","30.8291","Netherlands"
"5316","PORR","ABS2.F","1696645251","43.1955","Austria"
"5317","United Parks &amp; Resorts","PRKS","1695764992","37.4","United States"
"5318","Ivanhoe Electric","IE","1695646464","10.625","Canada"
"5319","EDION Corporation","2730.T","1693692336","16.0176","Japan"
"5320","Sixth Street Specialty Lending","TSLX","1693294080","17.76","United States"
"5321","Immunocore","IMCR","1692502144","32.865","United Kingdom"
"5322","Companhia Siderúrgica Nacional","SID","1690769792","1.275","Brazil"
"5323","Ellington Financial","EFC","1689478144","12.865","United States"
"5324","Graphite India","GRAPHITE.NS","1688728909","8.6435","India"
"5325","Punjab &amp; Sind Bank","PSB.NS","1688116524","0.237911","India"
"5326","One Software Technologies","ONE.TA","1686999646","22.9058","Israel"
"5327","Spadel","SPA.BR","1686742343","406.41","Belgium"
"5328","Burjeel Holdings","BURJEEL.AE","1686435714","0.32","United Arab Emirates"
"5329","Huntsman Corporation","HUN","1686265472","9.615","United States"
"5330","Puuilo","PUUILO.HE","1685636092","20.0418","Finland"
"5331","Forbo Holding","FORN.SW","1685528893","1175.88","Switzerland"
"5332","Champion REIT","2778.HK","1684788077","0.272882","Hong Kong"
"5333","Lucid Motors","LCID","1684649984","4.275","United States"
"5334","Travis Perkins","TPK.L","1683887586","7.94886","United Kingdom"
"5335","Hansol Chemical","014680.KS","1682603701","149.312","South Korea"
"5336","Aura Investments","AURA.TA","1682290118","5.92118","Israel"
"5337","C3 AI","AI","1681757312","10.46","United States"
"5338","P3 Health Partners","PIII","1680897792","8.41","United States"
"5339","CBL Properties","CBL","1678644480","54.25","United States"
"5340","American Assets Trust","AAT","1678350464","21.6322","United States"
"5341","MCB Bank Pakistan","MCB.PK","1677552002","1.41558","Pakistan"
"5342","Sila Realty Trust","SILA","1677119744","30.36","United States"
"5343","MM Group (Mayr-Melnhof AG)","MYM.F","1676407220","86.275","Austria"
"5344","Sundaram Finance","SUNDARMHLD.NS","1673186158","7.58155","India"
"5345","Bursa Malaysia","1818.KL","1673108581","2.06736","Malaysia"
"5346","Origin Bancorp","OBK","1672978048","54.23","United States"
"5347","Pasqal Holding SA","PSQL","1672874368","7.88","France"
"5348","Arcos Dorados Holdings","ARCO","1672664704","7.94","Uruguay"
"5349","Itochu Enex","8133.T","1672536432","14.8125","Japan"
"5350","QCR Holdings","QCRH","1672277760","102.12","United States"
"5351","Astra Microwave","ASTRAMICRO.NS","1670133738","17.5905","India"
"5352","PAL GROUP Holdings","2726.T","1669478713","9.64701","Japan"
"5353","Alembic Pharmaceuticals","APLLTD.NS","1668441147","8.48807","India"
"5354","Japan Elevator Service Holdings","6544.T","1668062713","9.33109","Japan"
"5355","Jetblue Airways","JBLU","1667719936","4.42","United States"
"5356","CenturyPly","CENTURYPLY.NS","1667460062","7.50523","India"
"5357","Metro Bank Holdings","MTRO.L","1666071149","2.47328","United Kingdom"
"5358","Fortrea","FTRE","1665676416","17.515","United States"
"5359","Bellevue Gold","BGL.AX","1665077200","1.11638","Australia"
"5360","BlackLine","BL","1664998400","28.645","United States"
"5361","Grainger plc","GRI.L","1664631820","2.24462","United Kingdom"
"5362","Godawari Power &amp; Ispat","GPIL.NS","1664627760","2.55861","India"
"5363","Atoss","AOF.F","1664137382","104.621","Germany"
"5364","Dom Development","DOM.WA","1663287486","64.4725","Poland"
"5365","IntegraFin","IHP.L","1662827247","5.03315","United Kingdom"
"5366","Great Portland Estates","GPE.L","1662543745","4.12123","United Kingdom"
"5367","Emami","EMAMILTD.NS","1662117342","3.80783","India"
"5368","Clariane","CLARI.PA","1661972143","4.65165","France"
"5369","Toho Holdings","8129.T","1660539706","25.6646","Japan"
"5370","CTS Corporation","CTS","1660114432","58.135","United States"
"5371","Amplitude","AMPL","1659066880","12.51","United States"
"5372","BASF India","BASF.NS","1658890273","38.3243","India"
"5373","Antin Infrastructure Partners","ANTIN.PA","1658768873","9.28936","France"
"5374","Pagaya Technologies","PGY","1658505600","19.88","Israel"
"5375","Fine Organics","FINEORG.NS","1658315101","54.0873","India"
"5376","Telkom SA","TKG.JO","1657366500","3.35472","South Africa"
"5377","TF1","TFI.PA","1654877150","7.85532","France"
"5378","SUNeVision","1686.HK","1654258403","0.700057","Hong Kong"
"5379","4imprint Group","FOUR.L","1651359202","58.8824","United Kingdom"
"5380","Nürnberger Versicherung","NBG6.F","1651256379","143.405","Germany"
"5381","Idorsia","IDIA.SW","1651236250","6.13715","Switzerland"
"5382","Abu Dhabi National Hotels","ADNH.AE","1650085781","0.13","United Arab Emirates"
"5383","Central Securities","CET","1649144448","55.81","United States"
"5384","D/S Norden (Dampskibsselskabet Norden)","DNORD.CO","1648528848","60.0709","Denmark"
"5385","Londian Wason New Energy Tech Inc.","FOIL","1648398720","21.285","China"
"5386","Progress Software","PRGS","1648105216","40.185","United States"
"5387","Senior plc","SNR.L","1647223404","3.98458","United Kingdom"
"5388","Salvatore Ferragamo","SFER.MI","1646694781","9.96284","Italy"
"5389","Intellia Therapeutics","NTLA","1643195520","11.7265","United States"
"5390","NCAB Group AB","NCAB.ST","1643009833","8.7875","Sweden"
"5391","Okuma Corporation","6103.T","1642114949","28.205","Japan"
"5392","Nippon Sheet Glass Company","5202.T","1641884321","3.22436","Japan"
"5393","Ourpalm","300315.SZ","1641613378","0.606296","China"
"5394","Sotetsu Holdings","9003.T","1641586991","17.1054","Japan"
"5395","Pathward Financial","CASH","1641459200","79.0175","United States"
"5396","HomeCo Daily Needs REIT","HDN.AX","1637249675","0.78254","Australia"
"5397","Taysha Gene Therapies","TSHA","1635684352","5.02","United States"
"5398","Wolverine World Wide","WWW","1635171712","19.925","United States"
"5399","Bank Dhofar","BKDB.OM","1634385225","0.537662","Oman"
"5400","Vtech","0303.HK","1634319689","6.45225","Hong Kong"
"5401","Tata Chemicals","TATACHEM.NS","1633090704","6.4104","India"
"5402","Atrium Ljungberg","ATRLJ-B.ST","1630980526","2.58668","Sweden"
"5403","Weibo","WB","1630037632","6.635","China"
"5404","Robertet","CBE.PA","1629762277","776.823","France"
"5405","KFin Technologies","KFINTECH.NS","1628478867","9.42014","India"
"5406","Syndax Pharmaceuticals","SNDX","1627885824","18.23","United States"
"5407","M.Yochananof and Sons","YHNF.TA","1625807888","112.219","Israel"
"5408","Inhibrx Biosciences","INBX","1625565440","110.45","United States"
"5409","Aluar Aluminio Argentino","ALUA.BA","1624611382","0.580218","Argentina"
"5410","Kagome Co., Ltd.","2811.T","1624192537","17.9587","Japan"
"5411","Opera","OPRA","1623631488","18.26","Norway"
"5412","Anterix","ATEX","1622513664","82.74","United States"
"5413","Eton Pharmaceuticals","ETON","1622381696","56.7601","United States"
"5414","PowerX, Inc.","485A.T","1622351994","13.9722","Japan"
"5415","HawkEye 360","HAWK","1621329792","16.55","United States"
"5416","SHO-BOND Holdings","1414.T","1621043037","8.08369","Japan"
"5417","National Industrialization Company (Saudi Arabia)","2060.SR","1620853997","2.42311","Saudi Arabia"
"5418","DCM Shriram","DCMSHRIRAM.NS","1620837516","10.4668","India"
"5419","Green Thumb Industries","GTII.CN","1620635980","7.41409","United States"
"5420","Shibaura Mechatronics","6590.T","1620461930","24.6875","Japan"
"5421","Modern Times Group (MTG)","MTG-B.ST","1620378486","13.6717","Sweden"
"5422","ANI Pharmaceuticals","ANIP","1619754368","70.515","United States"
"5423","Novavax","NVAX","1614983680","9.791","United States"
"5424","Hangzhou Shunwang Technology","300113.SZ","1614836216","2.39532","China"
"5425","Simplex Holdings","4373.T","1614194412","7.21083","Japan"
"5426","Advanced Petrochemical","2330.SR","1614119264","6.24417","Saudi Arabia"
"5427","Cembre S.p.A.","CMB.MI","1612767943","95.9127","Italy"
"5428","Syngene International","SYNGENE.NS","1612077032","4.00513","India"
"5429","BlueNord ASA","BNOR.OL","1611906504","63.0459","Norway"
"5430","Faes Farma","FAE.MC","1611160214","5.17301","Spain"
"5431","Global Ship Lease","GSL","1611144192","44.71","United Kingdom"
"5432","Bora Pharmaceuticals","6472.TW","1609425560","12.6178","Taiwan"
"5433","Dana Gas","DANA.AE","1609379662","0.23","United Arab Emirates"
"5434","Wealthfront Corporation","WLTH","1609244544","10.675","United States"
"5435","Distribution Solutions Group","DSGR","1609226240","34.79","United States"
"5436","NS United Kaiun Kaisha","9110.T","1608702022","68.2652","Japan"
"5437","Friedrich Vorwerk Group","VH2.DE","1608221059","80.4111","Germany"
"5438","Trinity Capital","TRIN","1607640576","17.885","United States"
"5439","Pearl Abyss","263750.KQ","1607140132","26.3535","South Korea"
"5440","Carabao Group","CBG.BK","1607034573","1.60703","Thailand"
"5441","MITSUI-SOKO HOLDINGS Co., Ltd.","9302.T","1605535018","21.4631","Japan"
"5442","Nihon Kohden Corporation","6849.T","1604736197","10.0313","Japan"
"5443","AnaptysBio","ANAB","1604631552","54.195","United States"
"5444","Yuexiu Property","0123.HK","1604055083","0.398484","Hong Kong"
"5445","Borregaard","BRG.OL","1603778464","16.095","Norway"
"5446","Seera Holding Group","1810.SR","1602542925","5.85807","Saudi Arabia"
"5447","Flight Centre Travel Group Limited","FLT.AX","1602535016","7.8254","Australia"
"5448","Habib Bank","HBL.PK","1602219334","1.09228","Pakistan"
"5449","Goodyear","GT","1602156544","5.565","United States"
"5450","Comer Industries","COM.MI","1602065258","55.9684","Italy"
"5451","ConnectOne Bancorp","CNOB","1601177088","31.82","United States"
"5452","Globant","GLOB","1600882048","37.075","Luxembourg"
"5453","Sansan, Inc.","4443.T","1600876455","12.7737","Japan"
"5454","Israel Canada (T.R) Ltd","ISCN.TA","1599772913","4.69008","Israel"
"5455","Paradox Interactive","PDX.ST","1599529583","15.2413","Sweden"
"5456","Safestore","SAFE.L","1597332324","7.31295","United Kingdom"
"5457","SkyWater Technology","SKYT","1597181312","32.46","United States"
"5458","Nerolac Paints","KANSAINER.NS","1596563508","1.97404","India"
"5459","National Bank of Umm Al Qaiwain","NBQ.AE","1595599834","0.8","United Arab Emirates"
"5460","Sienna Senior Living","SIA.TO","1593735808","14.3738","Canada"
"5461","OdontoPrev","ODPV3.SA","1593697043","2.92371","Brazil"
"5462","Cloetta","CLA-B.ST","1592747263","5.53995","Sweden"
"5463","HIAG Immobilien","HIAG.SW","1591616195","157.357","Switzerland"
"5464","Union Tool","6278.T","1590196369","81.6186","Japan"
"5465","Kemper","KMPR","1586660608","26.95","United States"
"5466","Pegasus Airlines","PGSUS.IS","1586638476","3.17328","Turkey"
"5467","Triumph Financial","TFIN","1586477696","66.395","United States"
"5468","National Company for Learning and Education","4291.SR","1585807458","36.8792","Saudi Arabia"
"5469","Avalon Technologies","AVALON.NS","1585251963","23.7021","India"
"5470","SÜSS MicroTec","SMHN.DE","1584822861","82.9076","Germany"
"5471","Engineers India","ENGINERSIN.NS","1582178205","2.81505","India"
"5472","Yoshinoya Holdings Co., Ltd.","9861.T","1581711468","24.6875","Japan"
"5473","Delta Galil Industries","DELG.TA","1580684191","60.235","Israel"
"5474","Kumho Tire","073240.KS","1580544986","5.50214","South Korea"
"5475","NP3 Fastigheter AB","NP3.ST","1578382072","25.6087","Sweden"
"5476","Arvind","ARVIND.NS","1577941241","6.01947","India"
"5477","Deutsche EuroShop","DEQ.F","1577850487","20.8314","Germany"
"5478","KPIT Technologies","KPITTECH.NS","1577829431","5.796","India"
"5479","Guaranty Trust Bank","9JO.F","1576660743","2.67857","Nigeria"
"5480","Peugeot Invest Société anonyme","PEUG.PA","1576434491","63.516","France"
"5481","Ingles Markets","IMKTA","1576111488","82.9778","United States"
"5482","Nordic American Tankers","NAT","1574366080","7.435","Bermuda"
"5483","Sanlorenzo","SL.MI","1574267171","44.4496","Italy"
"5484","Nakanishi","7716.T","1574131044","19.2419","Japan"
"5485","Deterra Royalties","DRR.AX","1573806556","2.97222","Australia"
"5486","ARKO Petroleum","APC","1571311360","19.03","United States"
"5487","Misto Holdings (Fila)","081660.KS","1570222582","29.825","South Korea"
"5488","Nationwide Building Society","NBS.L","1567498158","171.831","United Kingdom"
"5489","Ardent Health","ARDT","1567019904","11.11","United States"
"5490","Abu Dhabi Aviation","ADAVIATION.AE","1564748561","1.43","United Arab Emirates"
"5491","AEON REIT Investment","3292.T","1562693439","743.23","Japan"
"5492","Marksans Pharma","MARKSANS.NS","1562404566","3.44777","India"
"5493","Burkhalter Holding","BRKN.SW","1562309945","146.555","Switzerland"
"5494","Helix Energy Solutions","HLX","1562253952","10.6","United States"
"5495","Hornbach Holding","HBH.DE","1560513859","97.5383","Germany"
"5496","J&amp;J Snack Foods","JJSF","1559914240","83.5","United States"
"5497","Avio S.p.A.","AVIO.MI","1559837593","33.7901","Italy"
"5498","Amara Raja Energy &amp; Mobility","ARE&M.NS","1559182985","8.51894","India"
"5499","ADI Global Distribution","ADIG","1558703360","20.53","United States"
"5500","Crompton Greaves Consumer Electricals","CROMPTON.NS","1556880239","2.41784","India"
"5501","Natco Pharma","NATCOPHARM.NS","1556453061","8.53412","India"
"5502","Dauch Corporation","DCH","1553934080","6.54","United States"
"5503","Mixi","2121.T","1552766177","23.7756","Japan"
"5504","Ngern Tid Lor","TIDLOR.BK","1552755493","0.539721","Thailand"
"5505","Becamex (Investment and Industrial Development Corporation)","BCM.VN","1551242161","1.49878","Vietnam"
"5506","Top Glove","BVA.SI","1551111588","0.193451","Malaysia"
"5507","Innovative Industrial Properties","IIPR","1551026176","56.255","United States"
"5508","OVS S.p.A.","OVS.MI","1550256914","6.39224","Italy"
"5509","Inabata &amp; Co.,Ltd.","8098.T","1549100884","29.0192","Japan"
"5510","Fox-Wizel","FOX.TA","1547991255","111.327","Israel"
"5511","EVT Limited","EVT.AX","1547432803","9.49817","Australia"
"5512","Ariston Holding","ARIS.MI","1547365470","4.2104","Italy"
"5513","Comforia Residential REIT","3282.T","1546320644","632.495","Japan"
"5514","Osaka Soda","4046.T","1546280836","12.8258","Japan"
"5515","Wüstenrot &amp; Württembergische","WUW.F","1544555029","16.5118","Germany"
"5516","Newsmax","NMAX","1541661440","11.936","United States"
"5517","Tomen Devices Corporation","2737.T","1541628997","226.682","Japan"
"5518","Landis+Gyr","LAND.SW","1539156008","57.812","Switzerland"
"5519","Avalyn Pharma","AVLN","1539023488","34.715","United States"
"5520","Capital Southwest Corporation","CSWC","1537898240","24.13","United States"
"5521","Breedon Group","BREE.L","1537512802","4.42971","United Kingdom"
"5522","Virgin Australia","VGN.AX","1537047242","1.95994","Australia"
"5523","Nomad Foods","NOMD","1537003904","10.995","United Kingdom"
"5524","Romande Energie","REHN.SW","1536871142","59.8986","Switzerland"
"5525","Nishi-Nippon Railroad","9031.T","1536213661","20.3362","Japan"
"5526","Mori Hills REIT Investment","3234.T","1535831913","814.231","Japan"
"5527","Pharma Mar","PHM.MC","1535799246","88.8295","Spain"
"5528","JBM Auto","JBMA.NS","1535455167","6.49257","India"
"5529","Capri Holdings","CPRI","1534249856","13.365","United Kingdom"
"5530","Fujimi Incorporated","5384.T","1534219542","20.6815","Japan"
"5531","Agilon Health","AGL","1532869632","91.29","United States"
"5532","Killam Apartment REIT","KMP-UN.TO","1532674391","12.4914","Canada"
"5533","ICF International","ICFI","1531912320","85.42","United States"
"5534","MAAS Group Holdings","MGH.AX","1530523644","4.23577","Australia"
"5535","Nipro Corporation","8086.T","1528236120","9.37018","Japan"
"5536","Cardinal Energy","CJ.TO","1526105777","8.68342","Canada"
"5537","Telia Lietuva","ZWS.F","1526010783","2.54296","Lithuania"
"5538","CATRION Catering Holding Company","6004.SR","1525149740","18.5994","Saudi Arabia"
"5539","Ambiq Micro","AMBQ","1523988480","63.015","United States"
"5540","MasterBrand","MBC","1523126400","7.485","United States"
"5541","Volex plc","VLX.L","1522920005","8.32093","United Kingdom"
"5542","Sparebanken Vest","SVEG.OL","1522353635","13.8817","Norway"
"5543","Kennedy Wilson","KW","1521191808","10.92","United States"
"5544","Perpetual Limited","PPT.AX","1519957877","13.1381","Australia"
"5545","Kelt Exploration","KEL.TO","1519700007","7.48621","Canada"
"5546","Playtech","PTEC.L","1518747146","5.46611","Isle of Man"
"5547","B.Grimm Power","BGRIM.BK","1517661665","0.582171","Thailand"
"5548","Safety Insurance","SAFT","1516787456","103.32","United States"
"5549","Interroll","INRN.SW","1516479061","1816.6","Switzerland"
"5550","Nohmi Bosai Ltd.","6744.T","1516442381","25.7623","Japan"
"5551","Taikisha","1979.T","1514788175","24.1013","Japan"
"5552","Saudi Real Estate Company (Al Akaria)","4020.SR","1514778315","4.03941","Saudi Arabia"
"5553","Healthcare Services Group","HCSG","1514712576","22.07","United States"
"5554","TPBank (Tien Phong Commercial Joint Stock Bank)","TPB.VN","1514326752","0.545889","Vietnam"
"5555","Industrie De Nora","DNR.MI","1511619552","7.60567","Italy"
"5556","Adient","ADNT","1511025920","19.27","Ireland"
"5557","Ingersoll Rand India","INGERRAND.NS","1510994922","47.8648","India"
"5558","Cymbria","CYB.TO","1510992686","69.4011","Canada"
"5559","Lapidoth Capital","LAPD.TA","1509896615","25.3383","Israel"
"5560","Coursera","COUR","1507678080","5.265","United States"
"5561","Sarana Menara Nusantara","TOWR.JK","1507504298","0.025897","Indonesia"
"5562","CIE Automotive India","CIEINDIA.NS","1507483011","3.97373","India"
"5563","i-80 Gold","IAUX","1506668928","1.74","United States"
"5564","Tabcorp","TAH.AX","1506044666","0.656903","Australia"
"5565","Eramet","ERA.PA","1504790011","52.5081","France"
"5566","Savers Value Village","SVV","1504763392","9.82","United States"
"5567","Lakeland Financial Corp","LKFN","1504396544","60.52","United States"
"5568","DeNA","2432.T","1504107342","16.2586","Japan"
"5569","Kinepolis Group","KIN.BR","1501736560","56.1426","Belgium"
"5570","EL.En. S.p.A. (Elen Group)","ELN.MI","1501366472","18.7181","Italy"
"5571","Kontron AG","KTN.F","1500060759","24.4543","Austria"
"5572","Revolve Group","RVLV","1499902464","21.1","United States"
"5573","Bicara Therapeutics","BCAX","1499809664","22.665","United States"
"5574","The Oita Bank","8392.T","1499346005","19.8021","Japan"
"5575","Europris","EPR.OL","1496646488","9.14488","Norway"
"5576","Sally Beauty Holdings","SBH","1496084096","15.98","United States"
"5577","Vistance Networks","VISN","1493305984","6.475","United States"
"5578","Kuwait Real Estate Company (AQARAT)","KRE.KW","1492905914","1161.12","Kuwait"
"5579","Icade","ICAD.PA","1492848497","19.6818","France"
"5580","Bittium","BITTI.HE","1492135965","41.9763","Finland"
"5581","Econergy Renewable Energy","ECNR.TA","1491951605","19.3379","Israel"
"5582","PetroVietnam Power","POW.VN","1491256381","0.486092","Vietnam"
"5583","Nazara Technologies","NAZARA.NS","1491029215","3.87586","India"
"5584","Hokkaido Electric Power Company","9509.T","1490778180","7.25969","Japan"
"5585","Kaga Electronics","8154.T","1490130585","31.2665","Japan"
"5586","VA Tech Wabag","WABAG.NS","1489946952","23.8424","India"
"5587","freee K.K.","4478.T","1489185980","25.0783","Japan"
"5588","Black Box","BBOX.NS","1488606256","8.38183","India"
"5589","Nextage Co Ltd","3186.T","1488498471","18.9879","Japan"
"5590","Pigeon","7956.T","1488106584","12.4577","Japan"
"5591","Lyntris Inc.","LYNX","1487630592","12.83","United States"
"5592","Bradespar","BRAP3.SA","1486996181","3.78278","Brazil"
"5593","Nippon Shinyaku","4516.T","1486588237","22.0559","Japan"
"5594","Innoviva","INVA","1484644736","20.55","United States"
"5595","Thai Union Group","TU.BK","1484526664","0.385082","Thailand"
"5596","Aditya Birla Real Estate","ABREL.NS","1483321670","13.4143","India"
"5597","Omnicell","OMCL","1483067264","32.61","United States"
"5598","Global Industrial Company","GIC","1482414464","38.9","United States"
"5599","Sopharma","3JR.F","1481676885","2.75197","Bulgaria"
"5600","Vedant Fashions","MANYAVAR.NS","1481031957","6.09535","India"
"5601","V-Guard Industries","VGUARD.NS","1480234879","3.38811","India"
"5602","Macmahon Holdings","MAH.AX","1477501189","0.68562","Australia"
"5603","Mitra Keluarga","MIKA.JK","1475464682","0.106098","Indonesia"
"5604","Osotspa","OSP.BK","1475462432","0.491207","Thailand"
"5605","PROG Holdings","PRG","1474965248","37.03","United States"
"5606","Bonesupport Holding AB","BONEX.ST","1474505106","22.5315","Sweden"
"5607","Hokuriku Electric Power Company","9505.T","1474402717","7.05776","Japan"
"5608","Corbion","CRBN.AS","1474098844","25.569","Netherlands"
"5609","The Miyazaki Bank","8393.T","1471999743","17.5418","Japan"
"5610","InnovAge","INNV","1470264064","10.775","United States"
"5611","Perella Weinberg Partners","PWP","1470159744","15.105","United States"
"5612","Tokai Tokyo Financial Holdings","8616.T","1469804879","5.79081","Japan"
"5613","Kuwait International Bank","KIB.KW","1469062888","841.487","Kuwait"
"5614","MillerKnoll","MLKN","1466076288","21.33","United States"
"5615","KSB ltd","KSB.NS","1464960581","8.41742","India"
"5616","Serica Energy","SQZ.L","1462444116","3.73157","United Kingdom"
"5617","Moltiply Group (Gruppo Mutuionline)","MOL.MI","1462256466","39.3056","Italy"
"5618","Tsugami Corporation","6101.T","1462241744","31.4293","Japan"
"5619","Savaria Corporation","SIS.TO","1461974317","20.3383","Canada"
"5620","Furuno Electric Co., Ltd.","6814.T","1461855941","46.2483","Japan"
"5621","Turning Point Brands","TPB","1461365888","72.89","United States"
"5622","Nolato AB","NOLA-B.ST","1460366832","5.4212","Sweden"
"5623","OCI Holdings Company","010060.KS","1460357847","163.123","South Korea"
"5624","santec Holdings Corporation","6777.T","1457034198","123.893","Japan"
"5625","Sensirion Holding","SENS.SW","1456650206","93.6529","Switzerland"
"5626","Oman Arab Bank","OAB.OM","1456540642","0.727273","Oman"
"5627","Phibro Animal Health","PAHC","1455973504","35.86","United States"
"5628","Digital Turbine","APPS","1455825408","12.03","United States"
"5629","Eos Energy Enterprises","EOSE","1454561664","4.0216","United States"
"5630","Esquire Financial Holdings","ESQ","1453881472","120.11","United States"
"5631","Oki Electric Industry Co., Ltd.","6703.T","1453872104","16.7601","Japan"
"5632","Beach Energy","BPT.AX","1453750817","0.637237","Australia"
"5633","Tessenderlo Group","TESB.BR","1452218454","24.6168","Belgium"
"5634","Wendy’s","WEN","1451169792","7.6109","United States"
"5635","4DMedical Limited","4DX.AX","1451131112","2.41223","Australia"
"5636","Keystone Infra","KSTN.TA","1450503566","7.09288","Israel"
"5637","Ahlibank","ABOB.OM","1450484384","0.522078","Oman"
"5638","Latigo Biotherapeutics","LTGO","1449635200","21.865","United States"
"5639","Gens Aurea","OROX.MI","1449558723","14.3521","Italy"
"5640","Minera Valparaíso","MINERA.SN","1449159728","11.5933","Chile"
"5641","Raspberry Pi","RPI.L","1449049663","7.48207","United Kingdom"
"5642","Dorchester Minerals","DMLP","1448687488","29.51","United States"
"5643","Corsair Gaming","CRSR","1448489472","13.39","United States"
"5644","WEBTOON Entertainment","WBTN","1446680064","10.66","United States"
"5645","Burke & Herbert Financial Services","BHRB","1443978368","71.53","United States"
"5646","Tsakos Energy Navigation","TEN","1443564160","47.915","Greece"
"5647","Kier Group","KIE.L","1442437686","3.33649","United Kingdom"
"5648","Exzeo Group","XZO","1439572992","15.98","United States"
"5649","H&amp;K AG (Heckler &amp; Koch)","MLHK.PA","1437934533","40.5249","Germany"
"5650","KalVista Pharmaceuticals","KALV","1437504000","27","United States"
"5651","Reit 1 Ltd","RIT1.TA","1437451605","7.10608","Israel"
"5652","Megmilk Snow Brand","2270.T","1435835498","24.1013","Japan"
"5653","Diagnostyka S.A.","DIA.WA","1435493624","42.525","Poland"
"5654","Qisda Corporation","2352.TW","1435460033","0.908228","Taiwan"
"5655","RPC, Inc.","RES","1435229056","6.475","United States"
"5656","Implenia AG","IMPN.SW","1434928180","77.6964","Switzerland"
"5657","secunet","YSN.F","1434829210","221.784","Germany"
"5658","Lanxess","LXS.F","1434760395","16.6164","Germany"
"5659","Spin Master","TOY.TO","1433315351","14.3305","Canada"
"5660","NTN Corporation","6472.T","1433221853","2.41078","Japan"
"5661","Trisura Group","TSU.TO","1432728779","30.3451","Canada"
"5662","United Electronics Company (eXtra Saudi)","4003.SR","1431809640","18.5062","Saudi Arabia"
"5663","Starts Corporation","8850.T","1431187714","30.1917","Japan"
"5664","MPC Container Ships","MPCC.OL","1430895490","2.93174","Norway"
"5665","Glory Ltd.","6457.T","1430618347","27.99","Japan"
"5666","Cheil Worldwide Inc.","030000.KS","1429794277","14.1174","South Korea"
"5667","Amalgamated Financial","AMAL","1429227008","47.8","United States"
"5668","Arlo Technologies","ARLO","1429104640","13.28","United States"
"5669","Peoples Bancorp","PEBO","1427269376","39.71","United States"
"5670","Atlanticus","ATLC","1427045504","94.07","United States"
"5671","Okamura Corporation","7994.T","1427010791","15.0731","Japan"
"5672","FMC Corporation","FMC","1425031296","11.3796","United States"
"5673","Elkem","ELK.OL","1424475067","3.92907","Norway"
"5674","TOMONY Holdings","8600.T","1423600673","7.40625","Japan"
"5675","Wizz Air","WIZZ.L","1422964315","13.7464","Jersey"
"5676","Derayah Financial Company","4084.SR","1422489073","5.81813","Saudi Arabia"
"5677","American Superconductor Corporation","AMSC","1422261376","29.36","United States"
"5678","LOTTE Corporation","004990.KS","1422247079","18.7013","South Korea"
"5679","Navigator Holdings","NVGS","1420798720","23.105","United Kingdom"
"5680","Hays plc","HAS.L","1420014998","0.904478","United Kingdom"
"5681","Tompkins Financial","TMP","1419736576","98.71","United States"
"5682","Great Eagle","0041.HK","1418743960","1.89232","Hong Kong"
"5683","PFISTERER Holding SE","PFSE.DE","1418286860","78.379","Germany"
"5684","Klöckner &amp; Co","KCO.DE","1418037475","14.2159","Germany"
"5685","Richelieu Hardware","RCH.TO","1417919453","25.7858","Canada"
"5686","Infortar","INF1T.TL","1416907129","68.7413","Estonia"
"5687","National Medical Care Company","4005.SR","1414895713","31.6602","Saudi Arabia"
"5688","ProPetro","PUMP","1413089152","11.505","United States"
"5689","Schrödinger","SDGR","1412330240","18.88","United States"
"5690","United Fire Group","UFCS","1410971648","54.89","United States"
"5691","Boxabl Inc.","BXBL","1410629888","3.9947","United States"
"5692","Colowide","7616.T","1409156469","13.2557","Japan"
"5693","Fukuyama Transporting","9075.T","1408718265","39.9951","Japan"
"5694","Action Construction Equipment","ACE.NS","1406557298","11.817","India"
"5695","Norwegian Air Shuttle","NAS.OL","1406541775","1.33623","Norway"
"5696","BinDawood","4161.SR","1406113662","1.2302","Saudi Arabia"
"5697","Kerry Logistics Network","0636.HK","1404740284","0.777203","Hong Kong"
"5698","CVR Partners","UAN","1404704768","132.9","United States"
"5699","Community Trust Bancorp","CTBI","1404201216","77.29","United States"
"5700","Ultragenyx Pharmaceutical","RARE","1403915392","14.2401","United States"
"5701","Sylvamo","SLVM","1403536640","35.3","United States"
"5702","Absci","ABSI","1402258048","8.171","United States"
"5703","Walker &amp; Dunlop","WD","1401520128","40.83","United States"
"5704","SM Entertainment","041510.KQ","1400396720","61.1669","South Korea"
"5705","Stepan Company","SCL","1400390016","61.655","United States"
"5706","ArriVent BioPharma","AVBP","1397874048","28.35","United States"
"5707","Future Corporation","4722.T","1397845437","15.7635","Japan"
"5708","JAPAN MATERIAL Co., Ltd.","6055.T","1397823452","13.6009","Japan"
"5709","Vizsla Silver","VZLA","1397148800","3.935","Canada"
"5710","Heiwa Corporation","6412.T","1394739799","14.1416","Japan"
"5711","Six Flags","FUN","1394724864","13.6315","United States"
"5712","Hino Motors","7205.T","1394702921","2.42961","Japan"
"5713","Varroc","VARROC.NS","1394609702","9.12707","India"
"5714","Lendlease","LLC.AX","1393785844","2.01737","Australia"
"5715","VIEL &amp; Cie","VIL.PA","1393727713","22.5267","France"
"5716","Rai Way","RWAY.MI","1393653844","5.19043","Italy"
"5717","Create SD Holdings","3148.T","1392879725","21.5608","Japan"
"5718","Almoosa Health Company","4018.SR","1392044330","31.4206","Saudi Arabia"
"5719","Nikkiso Co., Ltd.","6376.T","1392042164","21.3003","Japan"
"5720","Siam City Cement (INSEE)","SCCC.BK","1391510080","4.6695","Thailand"
"5721","Bilia AB","BILI-A.ST","1391413176","15.169","Sweden"
"5722","Olaplex","OLPX","1391282176","2.07","United States"
"5723","Energizer Holdings","ENR","1390902656","20.31","United States"
"5724","Brim hf.","BRIM.IC","1390733669","0.722291","Iceland"
"5725","Fresh Del Monte Produce","FDP","1390188416","29.22","Cayman Islands"
"5726","SHIFT Inc.","3697.T","1389420621","5.43581","Japan"
"5727","Pilot Corporation","7846.T","1388896825","13.2264","Japan"
"5728","Dürr","DUE.F","1388541573","20.065","Germany"
"5729","CONMED","CNMD","1388240256","46.35","United States"
"5730","CEAT","CEATLTD.NS","1388063905","34.3155","India"
"5731","InterRent Real Estate Investment Trust","IIP-UN.TO","1386829346","9.76524","Canada"
"5732","National Bank of Pakistan","NBP.PK","1385709054","0.651328","Pakistan"
"5733","The Pennant Group","PNTG","1385636224","39.67","United States"
"5734","Inox Wind","INOXWIND.NS","1383820339","0.800712","India"
"5735","BigBear.ai","BBAI","1383341568","2.885","United States"
"5736","Amprius Technologies","AMPX","1382653184","9.465","United States"
"5737","Al Yah Satellite Communications Company","YAHSAT.AE","1381741539","0.57","United Arab Emirates"
"5738","T1 Energy","TE","1381331968","4.69","United States"
"5739","The Monogatari Corporation","3097.T","1380744259","35.9565","Japan"
"5740","POET Technologies","POET","1380138112","7.975","Canada"
"5741","TS TECH","7313.T","1380032203","11.8161","Japan"
"5742","Gallantt Ispat","GALLANTT.NS","1379902773","5.71907","India"
"5743","NSD Co., Ltd.","9759.T","1379694212","18.242","Japan"
"5744","Tyra Biosciences","TYRA","1377940608","23.09","United States"
"5745","TriMas","TRS","1375404288","38.34","United States"
"5746","Ricoh Leasing Company","8566.T","1375382925","44.6199","Japan"
"5747","Gamma Communications","GAMA.L","1374981892","15.4242","United Kingdom"
"5748","Xeris Pharmaceuticals","XERS","1374840960","7.5408","United States"
"5749","Barloworld","BAW.JO","1372922800","7.36393","South Africa"
"5750","REX American Resources","REX","1372476160","41.37","United States"
"5751","National Vision Holdings","EYE","1371852544","17.35","United States"
"5752","Xior Student Housing","XIOR.BR","1371790397","29.3776","Belgium"
"5753","Gibraltar Industries","ROCK","1370677248","46.21","United States"
"5754","Nabors Industries","NBR","1370584576","90.22","Bermuda"
"5755","Dis-Chem Pharmacies","DCP.JO","1368862600","1.59893","South Africa"
"5756","Banpu Public Company","BANPU.BK","1367690436","0.448757","Thailand"
"5757","Takuma Co., Ltd.","6013.T","1367565575","19.0335","Japan"
"5758","Hillman Solutions","HLMN","1366678528","7.025","United States"
"5759","Palfinger","PFI.F","1366313240","36.3446","Austria"
"5760","Adtran Networks","ADV.DE","1366037829","26.2425","Germany"
"5761","Nutex Health","NUTX","1365965184","199.47","United States"
"5762","Forestar Group","FOR","1365741952","26.77","United States"
"5763","Koh Young Technology","098460.KQ","1365733311","20.6423","South Korea"
"5764","Ramsay Générale de Santé","GDS.PA","1364879259","12.3665","France"
"5765","Wolfspeed","WOLF","1364787328","26.26","United States"
"5766","Isras Investment Company","ISRS.TA","1364161570","278.797","Israel"
"5767","Maze Therapeutics","MAZE","1364009856","24.555","United States"
"5768","PCBL Limited","PCBL.NS","1363363919","3.46504","India"
"5769","Westamerica Bancorporation","WABC","1362633472","58.96","United States"
"5770","Jamieson Wellness","JWEL.TO","1362433785","32.8369","Canada"
"5771","SHIFT UP","462870.KS","1360250613","23.4419","South Korea"
"5772","Atresmedia Corporación de Medios de Comunicación, S.A.","A3M.MC","1359646746","6.03809","Spain"
"5773","Sun Corp","6736.T","1358841295","63.1192","Japan"
"5774","Celulosa Argentina","CELU.BA","1355685370","0.134304","Argentina"
"5775","Suncrete, Inc.","RMIX","1354650112","13.875","United States"
"5776","EXEDY Corporation","7278.T","1354624778","37.8455","Japan"
"5777","First Mid Bancshares","FMBH","1354303360","50.91","United States"
"5778","Ramkrishna Forgings","RKFORGE.NS","1353390326","7.444","India"
"5779","Hudson Pacific Properties","HPP","1352625152","12.2","United States"
"5780","China Everbright Limited","0165.HK","1351689509","0.802069","Hong Kong"
"5781","Cham Swiss Properties AG","CHAM.SW","1350663519","27.6172","Switzerland"
"5782","Azenta","AZTA","1349955584","30.815","United States"
"5783","Pursuit Attractions and Hospitality","PRSU","1348582400","49.13","United States"
"5784","Securitize Corp.","SECZ","1348574592","8.26","United States"
"5785","Boost Run","BRUN","1348106880","16.96","United States"
"5786","PILLAR Corporation","6490.T","1346187582","58.8852","Japan"
"5787","Izumi Co., Ltd.","8273.T","1345963463","6.40312","Japan"
"5788","Zug Estates Holding","ZUGN.SW","1345877600","2638.98","Switzerland"
"5789","Collective Mining","CNL","1345232896","14.505","Canada"
"5790","Nippon Soda","4041.T","1344286953","25.0783","Japan"
"5791","East India Distilleries Parry","EIDPARRY.NS","1343049491","7.5471","India"
"5792","Aevis Victoria","AEVS.SW","1341820206","15.527","Switzerland"
"5793","Qassim Cement Company","3040.SR","1338580107","12.1954","Saudi Arabia"
"5794","Muninova Holdings","547A.T","1338527969","2.79444","Japan"
"5795","Intercos","ICOS.MI","1338328771","14.3288","Italy"
"5796","Kestra Medical Technologies","KMTS","1337282176","22.8193","United States"
"5797","Tamboran Resources","TBN","1336743296","38.35","Australia"
"5798","Morinaga &amp; Company","2201.T","1335683696","15.9068","Japan"
"5799","Liquidity Services","LQDT","1335353472","42.62","United States"
"5800","Immatics","IMTX","1335013888","8.77","Germany"
"5801","Solaris Resources","SLSR","1334066816","7.985","Canada"
"5802","Spire Healthcare Group","SPI.L","1333338681","3.32837","United Kingdom"
"5803","Machvision Inc.","3563.TW","1332939211","20.8399","Taiwan"
"5804","Omeros Corporation","OMER","1332307072","18.405","United States"
"5805","Boubyan Petrochemical Company","BPCC.KW","1332219576","2377.69","Kuwait"
"5806","Arçelik","ARCLK.IS","1332174624","1.97147","Turkey"
"5807","ChemoMetec","CHEMM.CO","1331862393","76.5329","Denmark"
"5808","Noritsu Koki","7744.T","1331290979","12.7281","Japan"
"5809","The Greenbrier Companies","GBX","1331025280","43.02","United States"
"5810","JSW Holdings","JSWHL.NS","1329977104","119.835","India"
"5811","Saudi Research and Media Group","4210.SR","1329250405","16.6156","Saudi Arabia"
"5812","YONEX Co., Ltd.","7906.T","1329107961","15.5355","Japan"
"5813","MONY Group plc","MONY.L","1328065847","2.59775","United Kingdom"
"5814","Oppenheimer Holdings","OPY","1327872896","124.008","United States"
"5815","UMH Properties","UMH","1325611776","15.565","United States"
"5816","XPEL","XPEL","1325325824","48.07","United States"
"5817","M.P. Evans Group PLC","MPE.L","1325182340","25.5175","United Kingdom"
"5818","HBT Financial","HBT","1323708288","36.4","United States"
"5819","Bank of Sharjah","BOS.AE","1323205111","0.44","United Arab Emirates"
"5820","Harmonic Inc.","HLIT","1323095936","12.1311","United States"
"5821","Okumura Corporation","1833.T","1321429352","36.8033","Japan"
"5822","Kato Sangyo","9869.T","1321164145","43.7731","Japan"
"5823","Austal Limited","ASB.AX","1321159880","3.13016","Australia"
"5824","Vor Biopharma","VOR","1321094016","22.33","United States"
"5825","Betsson AB","BETS-B.ST","1321028236","9.76332","Sweden"
"5826","IRSA Inversiones y Representaciones","IRS","1320598144","15.61","Argentina"
"5827","Borr Drilling","BORR","1320434560","4.28","Bermuda"
"5828","Yodogawa Steel Works","5451.T","1319412288","9.21059","Japan"
"5829","Land and Houses","LH.BK","1318889042","0.11037","Thailand"
"5830","DFDS A/S","DFDS.CO","1317048803","24.3824","Denmark"
"5831","Harrow, Inc.","HROW","1316760704","35.125","United States"
"5832","Elementis","ELM.L","1315417902","2.32174","United Kingdom"
"5833","Ategrity Specialty Insurance Company","ASIC","1315114880","27.44","United States"
"5834","Aktis Oncology","AKTS","1314844928","23.64","United States"
"5835","Champion Iron","CIA.AX","1314777340","2.34762","Australia"
"5836","Laurentian Bank of Canada","LB.TO","1313915732","29.2885","Canada"
"5837","Edelweiss Financial Services","EDELWEISS.NS","1312007265","1.38612","India"
"5838","Ryerson","RYZ","1311997952","25.28","United States"
"5839","Toenec Corporation","1946.T","1311397395","14.0308","Japan"
"5840","Freightways","FRW.NZ","1309666619","7.30798","New Zealand"
"5841","Trustpilot Group","TRST.L","1307802326","3.40143","Denmark"
"5842","Alpha Tau Medical","DRTS","1306716288","14.13","Israel"
"5843","Empire State Realty Trust","ESRT","1306564992","4.265","United States"
"5844","Japan Display","6740.T","1305929444","0.306151","Japan"
"5845","Aichi Steel","5482.T","1303609181","20.2906","Japan"
"5846","Électricite de Strasbourg","ELEC.PA","1300346122","181.375","France"
"5847","AMN Healthcare Services","AMN","1299778560","33.56","United States"
"5848","Vossloh AG","VOS.DE","1298957920","67.2318","Germany"
"5849","NHN Corp","181710.KS","1298719144","42.1059","South Korea"
"5850","Flowers Foods","FLO","1298458496","6.125","United States"
"5851","FuelCell Energy","FCEL","1298272128","16.2377","United States"
"5852","Old Second Bancorp","OSBC","1297585152","25.505","United States"
"5853","Sun Art Retail Group Limited","6808.HK","1295632891","0.135803","China"
"5854","Seneca Foods","SENEA","1295120640","191.29","United States"
"5855","Frontier Airlines","ULCC","1294963712","5.625","United States"
"5856","Bega Cheese","BGA.AX","1294336028","4.23577","Australia"
"5857","NAPCO Security Technologies","NSSC","1293028992","36.15","United States"
"5858","Creades AB","CRED-A.ST","1292546448","9.52065","Sweden"
"5859","SAN-A CO.,LTD.","2659.T","1291258667","21.7237","Japan"
"5860","ProAssurance","PRA","1290193152","25","United States"
"5861","Frey SA","FREY.PA","1288854510","40.8732","France"
"5862","Lightspeed Commerce","LSPD","1288470400","9.965","Canada"
"5863","Karnataka Bank","KTKBANK.NS","1287851583","3.40538","India"
"5864","Domino's Pizza Enterprises (Australia)","DMP.AX","1287643159","13.5904","Australia"
"5865","Advantage Energy","AAV.TO","1287270351","7.68815","Canada"
"5866","Polestar","PSNY","1286313344","7.83","Sweden"
"5867","ARCS Company Limited","9948.T","1285858486","24.1338","Japan"
"5868","Sano Bruno's Enterprises","SANO1.TA","1285831719","114.397","Israel"
"5869","Alma Media","ALMA.HE","1285183056","15.6177","Finland"
"5870","u-blox","UBXN.SW","1284949029","166.427","Switzerland"
"5871","Redox Limited","RDX.AX","1281697854","2.44095","Australia"
"5872","Electrica","ECEA.F","1281406521","15.0952","Romania"
"5873","Two Harbors Investment","TWO","1280541440","12.18","United States"
"5874","Norconsult","NORCO.OL","1279664559","4.0883","Norway"
"5875","Sprinklr","CXM","1279264128","5.51","United States"
"5876","Japan Securities Finance","8511.T","1278932380","15.8352","Japan"
"5877","Dole PLC","DOLE","1277083136","13.52","Ireland"
"5878","Sipef","SIP.BR","1276587348","122.155","Belgium"
"5879","BJ's Restaurants","BJRI","1276000384","59.98","United States"
"5880","Vesuvius plc","VSVS.L","1275072170","5.17905","United Kingdom"
"5881","Spinneys","SPINNEYS.AE","1274197514","0.353944","United Arab Emirates"
"5882","Medartis Holding","MED.SW","1274118748","102.368","Switzerland"
"5883","Zigup","ZIG.L","1273440360","5.67582","United Kingdom"
"5884","Wacoal Holdings","3591.T","1272002006","25.7297","Japan"
"5885","PVR INOX","PVRINOX.NS","1271542438","12.9485","India"
"5886","Ameresco","AMRC","1271466368","23.96","United States"
"5887","ISE Chemicals","4107.T","1271297100","24.9481","Japan"
"5888","Orora Limited","ORA.AX","1271175554","1.0374","Australia"
"5889","Retal Urban Development Company","4322.SR","1270352206","2.5456","Saudi Arabia"
"5890","Televisa","TV","1270214656","2.41","Mexico"
"5891","naturenergie holding","NEAG.SW","1269079095","38.4186","Switzerland"
"5892","Norion Bank","NORION.ST","1268802513","7.20761","Sweden"
"5893","Gulf Insurance Group","GINS.KW","1268788397","4458.58","Kuwait"
"5894","F.C.C. Co., Ltd.","7296.T","1268695622","26.7394","Japan"
"5895","Centuria Industrial REIT","CIP.AX","1268589456","2.03173","Australia"
"5896","Bristow Group","VTOL","1268381184","42.79","United States"
"5897","Herbalife","HLF","1267876864","12.23","United States"
"5898","South Indian Bank","SOUTHBANK.NS","1266059526","0.483358","India"
"5899","Alexander's, Inc.","ALX","1265995008","247.88","United States"
"5900","Everforth","EFOR","1265670016","30.87","United States"
"5901","Société de la Tour Eiffel","EIFF.PA","1265187886","9.5216","France"
"5902","Imdex Limited","IMD.AX","1262514211","2.42659","Australia"
"5903","Takara Standard","7981.T","1261453509","19.965","Japan"
"5904","PM Capital Global Opportunities Fund","PGF.AX","1261452644","2.28301","Australia"
"5905","Gasco (National Gas and Industrialization Company)","2080.SR","1260151743","16.802","Saudi Arabia"
"5906","SJM Holdings","0880.HK","1258764702","0.177246","Hong Kong"
"5907","Orchid Island Capital","ORC","1258450304","6.33","United States"
"5908","Kanadevia Corporation","7004.T","1257065062","7.47139","Japan"
"5909","Leggett &amp; Platt","LEG","1256618752","9.2","United States"
"5910","China Lesso Group","2128.HK","1255338015","0.40741","China"
"5911","ORIC Pharmaceuticals","ORIC","1255233664","12.11","United States"
"5912","Birchcliff Energy","BIR.TO","1254939445","4.5725","Canada"
"5913","Abacus Storage King","ASK.AX","1254637887","0.954749","Australia"
"5914","BMV (Bolsa Mexicana de Valores)","BOLSAA.MX","1254364281","2.27409","Mexico"
"5915","Willdan Group","WLDN","1252306304","82.215","United States"
"5916","Umios (Maruha Nichiro Corporation)","1333.T","1252154846","8.28236","Japan"
"5917","Seaport Therapeutics","SPTX","1251276672","23.375","United States"
"5918","Vitrolife AB","VITR.ST","1251082960","9.23669","Sweden"
"5919","AS LHV Group","LHV1T.TL","1250145210","3.83767","Estonia"
"5920","Unipar Carbocloro","UNIP6.SA","1248731796","11.1814","Brazil"
"5921","Trident","TRIDENT.NS","1247495394","0.244819","India"
"5922","Rusta AB","RUSTA.ST","1246929949","8.15245","Sweden"
"5923","Fiskars","FSKRS.HE","1246516562","15.4436","Finland"
"5924","PureCycle Technologies","PCT","1246373376","6.2038","United States"
"5925","Teekay","TK","1246015360","14.2091","Canada"
"5926","Oil-Dri Corporation Of America","ODC","1245707136","85.98","United States"
"5927","SBS Holdings","2384.T","1244409748","31.3316","Japan"
"5928","Develia","DVL.WA","1243439714","2.68367","Poland"
"5929","Sinarmas Land","A26.SI","1242348621","0.291963","Singapore"
"5930","Cullinan Therapeutics","CGEM","1241452672","20.2","United States"
"5931","Tandem Diabetes Care","TNDM","1239544704","17.815","United States"
"5932","Yamama Saudi Cement Company","3020.SR","1239102551","6.11903","Saudi Arabia"
"5933","Saudi Reinsurance Company","8200.SR","1238508274","7.40248","Saudi Arabia"
"5934","Italmobiliare","ITM.MI","1237113050","29.4357","Italy"
"5935","Edgewell Personal Care","EPC","1237026560","26.84","United States"
"5936","Canfor","CFP.TO","1236872730","10.5408","Canada"
"5937","Banco do Estado do Rio Grande do Sul S.A.","BRSR6.SA","1235397773","3.02072","Brazil"
"5938","Kraken Robotics","PNG.V","1234870709","3.3248","Canada"
"5939","Toagosei","4045.T","1234238944","11.6761","Japan"
"5940","Pakistan Tobacco Company","PAKT.PK","1233199289","4.82673","Pakistan"
"5941","Dar Global","DAR.L","1233148032","6.85","United Kingdom"
"5942","Newag","NWG.WA","1233035682","27.4008","Poland"
"5943","Alto Neuroscience","ANRO","1232594432","31.41","United States"
"5944","Cadre Holdings, Inc.","CDRE","1231952640","28.77","United States"
"5945","MeiraGTx","MGTX","1231271168","12.82","United States"
"5946","La-Z-Boy","LZB","1231222144","30.74","United States"
"5947","Preferred Bank","PFBC","1229168128","103.7","United States"
"5948","Aker BioMarine","AKBM.OL","1228813793","14.0078","Norway"
"5949","I.D.I. Insurance Company","IDIN.TA","1228420781","83.0688","Israel"
"5950","J.S.B.Co.","3480.T","1228374198","58.2338","Japan"
"5951","Valor Holdings","9956.T","1227499710","21.1374","Japan"
"5952","Redcare Pharmacy","RDC.DE","1226647876","60.7873","Netherlands"
"5953","GenusPlus Group Limited","GNP.AX","1226123854","6.03058","Australia"
"5954","Pets at Home","PETS.L","1225577347","2.82235","United Kingdom"
"5955","Noritake","5331.T","1225573468","22.2774","Japan"
"5956","Jefferson Capital","JCAP","1225460992","21.34","United States"
"5957","Red Cat Holdings","RCAT","1224769280","8.02","United States"
"5958","Toho Titanium","5727.T","1223631380","17.1892","Japan"
"5959","Shoals Technologies","SHLS","1223540608","7.27","United States"
"5960","Isracard","ISCD.TA","1223290930","3.75602","Israel"
"5961","Clarivate","CLVT","1221822208","1.9101","United Kingdom"
"5962","Ladder Capital","LADR","1221712896","9.63","United States"
"5963","Jasa Marga","JSMR.JK","1221306272","0.168273","Indonesia"
"5964","Universal Insurance Holdings","UVE","1220082816","43.84","United States"
"5965","Kri-Kri Milk Industry","KRI.AT","1219185916","36.9833","Greece"
"5966","Bytes Technology","BYIT.L","1219140632","5.29834","United Kingdom"
"5967","Afya","AFYA","1217902720","13.765","Brazil"
"5968","TF Bank AB","TFBANK.ST","1217506421","18.8323","Sweden"
"5969","Celesc (Centrais Elétricas de Santa Catarina)","CLSC4.SA","1217185093","31.5565","Brazil"
"5970","Nestle Pakistan","NESTLE.PK","1215119478","26.7945","Pakistan"
"5971","The RealReal","REAL","1213547648","9.974","United States"
"5972","Aamal Company","AHCS.QA","1213269205","0.192582","Qatar"
"5973","Replimune","REPL","1212606592","12.87","United States"
"5974","Shikoku Kasei Holdings Corp","4099.T","1211955192","14.0113","Japan"
"5975","Clear Channel Outdoor","CCO","1211643392","2.38","United States"
"5976","MannKind Corp","MNKD","1211000832","3.7662","United States"
"5977","Omada Health","OMDA","1209335936","19.755","United States"
"5978","Afry AB","AFRY.ST","1209208675","10.6772","Sweden"
"5979","GELEX Group Joint Stock Company","GEX.VN","1208976777","0.923961","Vietnam"
"5980","Aegean Airlines","AEGN.AT","1208711006","13.4696","Greece"
"5981","NTT UD REIT Investment Corporation","8956.T","1207916156","822.699","Japan"
"5982","Eximbank (Vietnam Export Import Commercial Joint Stock Bank)","EIB.VN","1207272341","0.648123","Vietnam"
"5983","Jazeera Airways","JAZEERA.KW","1206590772","5502.28","Kuwait"
"5984","Lampsa Hellenic Hotels","LAMPS.AT","1205632139","56.4329","Greece"
"5985","OCB (Orient Commercial Joint Stock Bank)","OCB.VN","1205107956","0.393503","Vietnam"
"5986","Monte Rosa Therapeutics","GLUE","1204625152","14.12","United States"
"5987","Alerion Clean Power","ARN.MI","1204008953","22.4106","Italy"
"5988","Red Violet","RDVT","1203683584","75.01","United States"
"5989","G-III Apparel Group","GIII","1203543552","28.07","United States"
"5990","ASRock Rack Incorporation","7711.TW","1203195541","16.7921","Taiwan"
"5991","Integra LifeSciences","IART","1203140608","15.47","United States"
"5992","Lassonde Industries","LAS-A.TO","1202854507","176.33","Canada"
"5993","Alumis","ALMS","1202453376","9.29","United States"
"5994","Lindsay Corporation","LNN","1202165632","118.22","United States"
"5995","Willis Lease Finance Corporation","WLFC","1199928320","56.75","United States"
"5996","Caisse régionale de Crédit Agricole Mutuel Atlantique Vendée","CRAV.PA","1199816626","162.564","France"
"5997","Blue Dart Express","BLUEDART.NS","1199783040","50.5642","India"
"5998","Bitfarms","BITF","1199686528","1.98","Canada"
"5999","Sanyo Denki","6516.T","1198339692","33.7418","Japan"
"6000","Kanamoto","9678.T","1197770219","35.3051","Japan"
"6001","Leon's Furniture","LNF.TO","1197465592","17.4173","Canada"
"6002","Artivion","AORT","1197452800","24.56","United States"
"6003","H.U. Group Holdings","4544.T","1197406400","21.9321","Japan"
"6004","Piedmont Realty Trust","PDM","1196895360","9.565","United States"
"6005","Sakata Seed","1377.T","1196812807","28.4004","Japan"
"6006","Columbia Financial","CLBK","1196149376","11.495","United States"
"6007","FirstGroup","FGP.L","1194350871","2.29062","United Kingdom"
"6008","United Real Estate Company","URC.KW","1194150120","848.01","Kuwait"
"6009","GemLife Communities Group","GLF.AX","1193093899","3.13734","Australia"
"6010","Lahav LR Real Estate","LAHAV.TA","1192868348","3.85174","Israel"
"6011","Labrador Iron Ore Royalty Corp.","LIF.TO","1192715777","18.6362","Canada"
"6012","Saga","SAGA.L","1192080001","8.19916","United Kingdom"
"6013","Makhazen","MKHZN.KW","1191502344","476.19","Kuwait"
"6014","Bonheur ASA","BONHR.OL","1189726311","27.9726","Norway"
"6015","CVS Group","CVSG.L","1189039330","17.5213","United Kingdom"
"6016","Sawai Group Holdings","4887.T","1188941029","10.2951","Japan"
"6017","The National Agricultural Development Company","6010.SR","1188729005","3.94089","Saudi Arabia"
"6018","Gentherm","THRM","1188677888","38.67","United States"
"6019","Voltamp Transformers","VOLTAMP.NS","1187813837","117.406","India"
"6020","Cricut","CRCT","1187396608","5.657","United States"
"6021","NCR Voyix Corporation","VYX","1184639744","8.58","United States"
"6022","Ceres Power","CWR.L","1183729434","5.53646","United Kingdom"
"6023","Asiana Airlines","020560.KS","1183621726","5.7485","South Korea"
"6024","Light S.A.","LIGT3.SA","1183139178","0.734558","Brazil"
"6025","New Wave Group","NEWA-B.ST","1183114582","8.91658","Sweden"
"6026","Iino Kaiun Kaisha","9119.T","1181950142","11.1713","Japan"
"6027","Ominvest","OMVS.OM","1181184018","1.05195","Oman"
"6028","Donnelley Financial Solutions","DFIN","1180835968","48.03","United States"
"6029","Marcus &amp; Millichap","MMI","1179681792","31.15","United States"
"6030","Nitta Corporation","5186.T","1179391033","42.9914","Japan"
"6031","Radware","RDWR","1179151360","28.02","Israel"
"6032","Abdullah Al-Othaim Markets Company","4001.SR","1179070740","1.31008","Saudi Arabia"
"6033","Ali Al-Ghanim Sons Automotive Company","ALG.KW","1177377569","3000.65","Kuwait"
"6034","Cibus Nordic Real Estate","CIBUS.ST","1177354865","14.3429","Sweden"
"6035","Fnac Darty","FNAC.PA","1174860266","40.0023","France"
"6036","U.S. Physical Therapy, Inc.","USPH","1174714752","78.72","United States"
"6037","edenor","EDN","1174606592","24.69","Argentina"
"6038","Tennant Company","TNC","1173673984","68.84","United States"
"6039","Genco Shipping &amp; Trading","GNK","1172915456","26.91","United States"
"6040","ScanSource","SCSC","1172725248","57.7","United States"
"6041","thyssenkrupp nucera","NCH2.DE","1171919254","9.27775","Germany"
"6042","Biglari","BH","1171760512","367.96","United States"
"6043","Komeri Co.,Ltd.","8218.T","1171580300","25.2737","Japan"
"6044","Easterly Government Properties","DEA","1171238784","23.9","United States"
"6045","Avanos Medical","AVNS","1170726912","24.99","United States"
"6046","Heritage Financial","HFWA","1170185088","28.6","United States"
"6047","GasLog Partners LP","GLOP-PA","1170184832","25.5","Greece"
"6048","Chiyoda Corporation","6366.T","1169979883","4.5141","Japan"
"6049","Monex Group","8698.T","1169064840","4.65089","Japan"
"6050","Fever-Tree Drinks","FEVR.L","1168892015","10.6616","United Kingdom"
"6051","NexPoint Residential Trust","NXRT","1168826112","22.65","United States"
"6052","Univest Financial Corporation","UVSP","1168045440","42.35","United States"
"6053","Unusual Machines","UMAC","1167982976","23.38","United States"
"6054","Mezzan Holding Company","MEZZAN.KW","1167913982","3757.34","Kuwait"
"6055","Kuwait Projects Company Holding","KPROJ.KW","1167788215","249.185","Kuwait"
"6056","Altareit","AREIT.PA","1167374228","667.673","France"
"6057","Nippon Light Metal Holdings Company","5703.T","1167078086","18.9488","Japan"
"6058","Jastrzebska Spólka Weglowa","JSW.WA","1166697621","9.93682","Poland"
"6059","Fuji Co., Ltd.","8278.T","1166618750","13.4641","Japan"
"6060","Data#3 Limited","DTL.AX","1166464771","7.51669","Australia"
"6061","Indus Holding","INH.F","1164802635","43.5439","Germany"
"6062","Bank Islam Malaysia","5258.KL","1164436813","0.513766","Malaysia"
"6063","Babcock &amp; Wilcox","BW","1163417216","7.81","United States"
"6064","Jade Biosciences","JBIO","1163196288","18.29","United States"
"6065","Ingenia Communities Group","INA.AX","1161681105","2.85017","Australia"
"6066","National Healthcare Properties","NHP","1161374720","15.93","United States"
"6067","Develop Global Limited","DVP.AX","1160836318","3.51784","Australia"
"6068","Hongkong and Shanghai Hotels","0045.HK","1160576013","0.696231","Hong Kong"
"6069","BCI Minerals Limited","BCI.AX","1159931708","0.39486","Australia"
"6070","Cosmo Pharmaceuticals","C43.F","1159739560","67.464","Ireland"
"6071","LGI Homes","LGIH","1159158912","49.86","United States"
"6072","Oakley Capital Investments","OCI.L","1158698861","7.06264","Bermuda"
"6073","TeamViewer","TMV.DE","1158290716","7.37924","Germany"
"6074","Musashi Seimitsu Industry","7220.T","1158243560","17.6721","Japan"
"6075","Yurtec Corporation","1934.T","1157464376","16.8513","Japan"
"6076","Odyssey Therapeutics","ODTX","1157249408","24.08","United States"
"6077","BKS Bank","BKS.VI","1157169007","25.3135","Austria"
"6078","Gerresheimer","GXI.F","1156680981","33.4882","Germany"
"6079","Gulf Cable and Electrical Industries Company - KPSC","CABLE.KW","1156650525","5577.3","Kuwait"
"6080","GoodRx","GDRX","1156482816","3.39","United States"
"6081","PROCEPT BioRobotics","PRCT","1154883456","20.29","United States"
"6082","Cyient","CYIENT.NS","1154336218","11.0885","India"
"6083","Sumitomo Osaka Cement","5232.T","1153955966","36.4124","Japan"
"6084","MarineMax","HZO","1153590272","52.23","United States"
"6085","Ryman Healthcare","RYM.NZ","1153382373","1.1355","New Zealand"
"6086","JOST Werke SE","JST.DE","1153313995","70.3669","Germany"
"6087","Cronos Group","CRON","1153132288","3.13","Canada"
"6088","McEwen Mining","MUX","1152983680","19.3","Canada"
"6089","Mission Produce","AVO","1152970880","13.15","United States"
"6090","Loma Negra","LOMA","1152962688","9.88","Argentina"
"6091","Vistry Group","VTY.L","1152455938","3.62874","United Kingdom"
"6092","Shin-Etsu Polymer","7970.T","1152288420","14.337","Japan"
"6093","Fortune REIT","0778.HK","1151661639","0.55724","Hong Kong"
"6094","Danya Cebus","DNYA.TA","1151040509","34.9858","Israel"
"6095","Bangkok Airways","BA.BK","1150991168","0.554882","Thailand"
"6096","Arhaus","ARHS","1150720768","8.13","United States"
"6097","Caisse Régionale de Crédit Agricole Mutuel Sud Rhône Alpes","CRSU.PA","1149823944","253.135","France"
"6098","EPIC Suisse","EPIC.SW","1149788631","102.613","Switzerland"
"6099","ARYZTA AG","ARYN.SW","1148739129","46.2741","Switzerland"
"6100","Caisse Régionale de Crédit Agricole Mutuel Alpes Provence","CRAP.PA","1148694655","154.459","France"
"6101","Suburban Propane Partners","SPH","1147786624","17.205","United States"
"6102","Precision Drilling Corporation","PDS","1147484032","89.28","Canada"
"6103","Universal Technical Institute","UTI","1146526336","20.8099","United States"
"6104","OPKO Health","OPK","1145613824","1.535","United States"
"6105","MLP SE","MLP.DE","1145184539","10.4854","Germany"
"6106","Amerant Bancorp","AMTB","1145127552","29.22","United States"
"6107","Dream Finders Homes","DFH","1145106304","12.6482","United States"
"6108","Saudi Cement Company","3030.SR","1143986164","7.47703","Saudi Arabia"
"6109","Mercialys","MERY.PA","1143588254","12.2387","France"
"6110","AS ONE Corporation","7476.T","1143390181","16.0436","Japan"
"6111","Leejam Sports Company","1830.SR","1143344375","21.8613","Saudi Arabia"
"6112","MATSUDA SANGYO","7456.T","1142963075","44.2291","Japan"
"6113","Victrex","VCT.L","1142271876","13.1105","United Kingdom"
"6114","Strides Pharma","STAR.NS","1141691351","12.3864","India"
"6115","Northeast Bank","NBN","1140643328","133.325","United States"
"6116","Yelp","YELP","1140621312","21.02","United States"
"6117","2G Energy AG","2GB.DE","1140519048","63.5741","Germany"
"6118","Saudi Ground Services Company","4031.SR","1138862960","6.05778","Saudi Arabia"
"6119","Allied Properties REIT","AP-UN.TO","1137980646","5.81299","Canada"
"6120","United Super Markets Holdings","3222.T","1137229278","5.49118","Japan"
"6121","United Arab Bank","UAB.AE","1137157317","0.37","United Arab Emirates"
"6122","Fatima Fertilizer","FATIMA.PK","1137007418","0.541432","Pakistan"
"6123","Five Star Bancorp","FSBC","1136903936","46.335","United States"
"6124","Prosegur Cash","CASH.MC","1136679569","0.776823","Spain"
"6125","Certara","CERT","1136413952","7.45","United States"
"6126","Prospect Capital","PSEC","1135733632","2.215","United States"
"6127","Terveystalo","TTALO.HE","1135277543","8.95262","Finland"
"6128","Great Lakes Dredge &amp; Dock Corp.","GLDD","1135273600","17","United States"
"6129","Universal Corporation","UVV","1133787648","45.535","United States"
"6130","Ichibanya Co., Ltd.","7630.T","1133213400","7.1001","Japan"
"6131","LG Household &amp; Health Care","051905.KS","1132743795","77.2688","South Korea"
"6132","Obsidian Therapeutics","OBX","1132605568","18.335","United States"
"6133","Myers Industries","MYE","1132492032","30.105","United States"
"6134","KEC International","KEC.NS","1132339061","4.25372","India"
"6135","NPK International","NPKI","1131848960","13.33","United States"
"6136","STAAR Surgical","STAA","1131749760","22.57","United States"
"6137","Ferretti","F3T1.F","1130371719","3.33953","Italy"
"6138","Bajaj Mobility AG","BMAG.VI","1130213948","33.4417","Austria"
"6139","Arteris","AIP","1129023744","22.97","United States"
"6140","Towa Pharmaceutical","4553.T","1128733918","22.9288","Japan"
"6141","Marten Transport","MRTN","1128564224","13.82","United States"
"6142","ASA Gold and Precious Metals","ASA","1127108480","61.4","United States"
"6143","Rhön-Klinikum","RHK.DE","1127041222","16.837","Germany"
"6144","Summerset Holdings","SUM.NZ","1127015701","4.61189","New Zealand"
"6145","Polenergia","PEP.WA","1126383942","14.5869","Poland"
"6146","Invisio AB","IVSO.ST","1126304341","24.3896","Sweden"
"6147","Fuji Seal International","7864.T","1125815793","21.1049","Japan"
"6148","Daiseki","9793.T","1125779827","23.8081","Japan"
"6149","The Shikoku Bank","8387.T","1125407044","26.8696","Japan"
"6150","Y.D. More Investments","MRIN.TA","1125247271","15.4136","Israel"
"6151","Metropolitan Bank Holding","MCB","1125098368","90.75","United States"
"6152","Nagarro","NA9.DE","1124517339","90.8616","Germany"
"6153","Aedas Homes","AEDAS.MC","1123960794","25.7199","Spain"
"6154","Altus Group","AIF.TO","1123716338","32.8369","Canada"
"6155","Commercial Real Estate Company (Kuwait)","ALTIJARIA.KW","1123518836","603.392","Kuwait"
"6156","Srisawad Corporation","SAWAD.BK","1123456807","0.676167","Thailand"
"6157","Altri","ALTR.LS","1121888374","5.46911","Portugal"
"6158","EverCommerce","EVCM","1121824256","6.35","United States"
"6159","Mahanagar Gas","MGL.NS","1121046122","11.3492","India"
"6160","Avino Silver &amp; Gold Mines","ASM","1120195456","6.595","Canada"
"6161","Mainstreet Equity","MEQ.TO","1119068901","120.464","Canada"
"6162","WIN Semiconductors","3105.TWO","1119016946","13.8449","Taiwan"
"6163","Tuya Inc.","TUYA","1118926976","1.825","China"
"6164","StorageVault Canada","SVI.TO","1118449464","3.05795","Canada"
"6165","AEVEX Corp.","AVEX","1118233344","16.16","United States"
"6166","Teladoc Health","TDOC","1117356672","6.15","United States"
"6167","ZoomInfo","GTM","1116407040","3.835","United States"
"6168","J D Wetherspoon","JDW.L","1115950825","10.5872","United Kingdom"
"6169","Apnimed, Inc.","APMD","1115288576","26.79","United States"
"6170","Norbit ASA","NORBT.OL","1115131505","17.4291","Norway"
"6171","Grocery Outlet","GO","1114700544","11.25","United States"
"6172","Carter's","CRI","1114368000","30.355","United States"
"6173","Chugoku Marine Paints","4617.T","1114276160","22.4402","Japan"
"6174","Bowhead Specialty Holdings","BOW","1112814592","33.78","United States"
"6175","ARB Corporation Limited","ARB.AX","1111143297","13.2816","Australia"
"6176","Oaktree Specialty Lending Corporation","OCSL","1110423680","12.6062","United States"
"6177","Retail Estates NV","RET.BR","1109704073","73.8504","Belgium"
"6178","Chesnara plc","CSN.L","1109609275","4.79637","United Kingdom"
"6179","Cracker Barrel","CBRL","1108408960","49.59","United States"
"6180","Chow Sang Sang Holdings","0116.HK","1108353608","1.65004","Hong Kong"
"6181","Ecovyst","ECVT","1107272832","10.115","United States"
"6182","Marcopolo","POMO4.SA","1106929159","0.891682","Brazil"
"6183","Nichicon Corporation","6996.T","1105902464","16.467","Japan"
"6184","Compagnie des Alpes","CDA.PA","1105884733","21.7603","France"
"6185","Tadano","6395.T","1104221151","8.71553","Japan"
"6186","IndiaMART","INDIAMART.NS","1103503556","18.3493","India"
"6187","Vincorion SE","V1NC.DE","1103111969","22.0622","Germany"
"6188","DroneShield","DRO.AX","1102638176","1.19176","Australia"
"6189","AMAG Austria Metall","AM8.F","1101488188","31.2355","Austria"
"6190","Is Yatirim Menkul Degerler Anonim Sirketi","ISMEN.IS","1101386387","0.734258","Turkey"
"6191","Winmark","WINA","1098269696","305.74","United States"
"6192","LX International","001120.KS","1098252508","30.5342","South Korea"
"6193","Totech Corporation","9960.T","1097815319","26.7719","Japan"
"6194","National Presto Industries","NPK","1096813440","153.7","United States"
"6195","Saul Centers","BFS","1096741888","31.58","United States"
"6196","Sigma Lithium","SGML","1095852416","9.735","Canada"
"6197","Siam Global House","GLOBAL.BK","1095599660","0.195573","Thailand"
"6198","MilDef Group","MILDEF.ST","1095161190","23.2544","Sweden"
"6199","Jupiter Fund Management","JUP.L","1094382106","2.18374","United Kingdom"
"6200","Arendals Fossekompani","AFK.OL","1094346712","19.9036","Norway"
"6201","International General Insurance Holdings Ltd.","IGIC","1093340288","25.86","Jordan"
"6202","Inwido AB","INWI.ST","1093097373","18.8554","Sweden"
"6203","Elco Ltd.","ELCO.TA","1093095519","41.8179","Israel"
"6204","Japan Aviation Electronics Industry","6807.T","1092773407","16.2065","Japan"
"6205","Hyosung TNC Corporation","298020.KS","1092608059","254.576","South Korea"
"6206","Enovis","ENOV","1092260224","18.94","United States"
"6207","ASTA Energy Solutions AG","1AST.F","1091106618","76.6373","Austria"
"6208","Lumexa Imaging","LMRI","1090451072","11.35","United States"
"6209","BILDCO (Abu Dhabi National Building Materials Co.)","BILDCO.AE","1090419026","0.73","United Arab Emirates"
"6210","Phoenix Power Company","PHPC.OM","1090302934","0.745455","Oman"
"6211","Growthpoint Properties Australia","GOZ.AX","1088925019","1.44303","Australia"
"6212","JACCS Co., Ltd.","8584.T","1087957748","24.2967","Japan"
"6213","Savara","SVRA","1087910784","5.295","United States"
"6214","Abu Dhabi National Insurance Company","ADNIC.AE","1087886967","1.91","United Arab Emirates"
"6215","Banca IFIS","IF.MI","1087263571","17.8007","Italy"
"6216","Finnair","FIA1S.HE","1087046497","5.30655","Finland"
"6217","Kurabo Industries","3106.T","1086845481","69.1771","Japan"
"6218","Upwork","UPWK","1086034688","8.695","United States"
"6219","KITZ Corporation","6498.T","1085899169","12.4805","Japan"
"6220","Pacific Industrial","7250.T","1085177169","18.816","Japan"
"6221","MoonLake Immunotherapeutics","MLTX","1085110272","12.75","Switzerland"
"6222","XPLR Infrastructure","XIFR","1084450048","11.5","United States"
"6223","Capitol Federal Financial","CFFN","1083800576","8.785","United States"
"6224","Mersen","MRN.PA","1083724323","44.6354","France"
"6225","Deluxe Corporation","DLX","1083584000","23.63","United States"
"6226","Trupanion","TRUP","1083532544","24.84","United States"
"6227","PagerDuty","PD","1083401984","13.775","United States"
"6228","Filtronic","FTC.L","1083355852","3.31484","United Kingdom"
"6229","Aktia Bank","AKTIA.HE","1083265577","14.7236","Finland"
"6230","engcon AB","ENGCON-B.ST","1081174122","7.10435","Sweden"
"6231","Asseco South Eastern Europe","ASE.WA","1080398338","20.8192","Poland"
"6232","REE (Refrigeration Electrical Engineering Corporation)","REE.VN","1080192259","1.73412","Vietnam"
"6233","Corvus Pharmaceuticals","CRVS","1080112896","12.84","United States"
"6234","York Space Systems","YSS","1079630720","7.86","United States"
"6235","Kissei Pharmaceutical","4547.T","1077861650","25.9903","Japan"
"6236","Exmar","EXM.BR","1077668339","13.5528","Belgium"
"6237","Okinawa Financial Group","7350.T","1077628567","50.4824","Japan"
"6238","New Pacific Metals","NEWP","1077360896","5.805","Canada"
"6239","Heineken Malaysia","3255.KL","1076799602","3.56441","Malaysia"
"6240","BellRing Brands","BRBR","1076736128","9.26","United States"
"6241","Supply Network Limited","SNL.AX","1076461261","24.5387","Australia"
"6242","Specialized Medical Company","4019.SR","1075089820","4.30036","Saudi Arabia"
"6243","CJ Logistics Corporation","000120.KS","1075072623","53.9015","South Korea"
"6244","Plazza AG","PLAN.SW","1074750477","519.203","Switzerland"
"6245","Lithium Americas","LAC","1074607104","2.96","Canada"
"6246","Corticeira Amorim","COR.LS","1072839121","8.13981","Portugal"
"6247","Waha Capital Company","WAHA.AE","1071780744","0.57","United Arab Emirates"
"6248","ARIAKE JAPAN","2815.T","1071729883","34.1977","Japan"
"6249","Upbound Group","UPBD","1070960128","18.37","United States"
"6250","Fujita Kanko","9722.T","1069776106","17.848","Japan"
"6251","Aeva Technologies","AEVA","1069286400","15.34","United States"
"6252","Middlesex Water Company","MSEX","1069017024","56.73","United States"
"6253","Rosetti Marino","YRM.MI","1067812386","281.003","Italy"
"6254","Toyo Construction","1890.T","1067163763","11.3574","Japan"
"6255","Hagar hf.","HAGA.IC","1066271359","0.97966","Iceland"
"6256","TOCALO Co.,Ltd.","3433.T","1066043044","17.9261","Japan"
"6257","HighPeak Energy","HPK","1065997120","8.43","United States"
"6258","Mercantile Bank","MBWM","1063948864","61.55","United States"
"6259","HSC (Ho Chi Minh City Securities Corporation)","HCM.VN","1062416346","0.983758","Vietnam"
"6260","Lufax","LU","1061693888","1.225","China"
"6261","Superior Plus","SPB.TO","1060966472","4.94393","Canada"
"6262","Indian Energy Exchange","IEX.NS","1060011693","1.19196","India"
"6263","Vitec Software Group","VIT-B.ST","1059347661","26.7652","Sweden"
"6264","Aavas Financiers","AAVAS.NS","1058281289","13.3462","India"
"6265","BKI Investment Company","BKI.AX","1057520312","1.31022","Australia"
"6266","Compass Minerals","CMP","1057078400","25.18","United States"
"6267","HTC Corporation","2498.TW","1057068188","1.26424","Taiwan"
"6268","Versamet Royalties Corporation","VMET","1056734464","9.71","Canada"
"6269","Tosei Corporation","8923.T","1056508949","10.8912","Japan"
"6270","Happinet","7552.T","1055172885","24.3618","Japan"
"6271","Noevir Holdings","4928.T","1054595407","30.8757","Japan"
"6272","Green Plains","GPRE","1054584192","15.045","United States"
"6273","Janux Therapeutics","JANX","1054303680","17.245","United States"
"6274","Polar Capital Holdings","POLR.L","1053277237","11.1758","United Kingdom"
"6275","RITES","RITES.NS","1052106678","2.18914","India"
"6276","MBB SE","MBB.DE","1051941247","202.276","Germany"
"6277","Service Stream Limited","SSM.AX","1051661847","1.71584","Australia"
"6278","DigiCo Infrastructure REIT","DGT.AX","1051581347","1.88097","Australia"
"6279","Al Seer Marine Supplies &amp; Equipment Company","ASM.AE","1050977872","1.05","United Arab Emirates"
"6280","IRadimed","IRMD","1050898816","82.185","United States"
"6281","Life Healthcare Group","LHC.JO","1050459500","0.734059","South Africa"
"6282","Gulf Investment House Company","GIH.KW","1050160976","2596.22","Kuwait"
"6283","Emirates Driving Company","DRIVE.AE","1047251332","0.97","United Arab Emirates"
"6284","Waypoint REIT","WPR.AX","1045556001","1.60098","Australia"
"6285","GrainCorp","GNC.AX","1045459053","4.70242","Australia"
"6286","Whirlpool S.A.","WHRL3.SA","1044851809","0.695276","Brazil"
"6287","Vetoquinol","VETO.PA","1044757968","89.8746","France"
"6288","TripAdvisor","TRIP","1044341504","8.975","United States"
"6289","Toyo Engineering Corporation","6330.T","1044317453","17.8219","Japan"
"6290","Auto Partner","APR.WA","1043901704","7.9919","Poland"
"6291","Frequentis","FQT.VI","1043557857","78.6112","Austria"
"6292","QuinStreet","QNST","1043539584","18.28","United States"
"6293","Zeal Network","TIMA.F","1041277281","49.3497","Germany"
"6294","Mitsubishi Pencil","7976.T","1040780015","20.8118","Japan"
"6295","NorthWest Healthcare Properties REIT","NWH-UN.TO","1040374704","4.13335","Canada"
"6296","Sudarshan Chemical","SUDARSCHEM.NS","1040047873","13.0647","India"
"6297","Bombay Burmah","BBTC.NS","1039567791","14.8995","India"
"6298","Sify Technologies","SIFY","1039436736","14.35","India"
"6299","Olectra Greentech","OLECTRA.NS","1039110860","12.6596","India"
"6300","BrightView","BV","1038508992","11.215","United States"
"6301","Elopak ASA","ELO.OL","1037959519","3.86237","Norway"
"6302","Qfin Holdings","QFIN","1037709504","8.535","China"
"6303","Resolute Holdings Management","RHLD","1037034624","132.62","United States"
"6304","Vivara","VIVA3.SA","1036321526","4.40735","Brazil"
"6305","Helia Group","HLI.AX","1034704627","3.77629","Australia"
"6306","Dan Hotels","DANH.TA","1034356031","8.94779","Israel"
"6307","TOWA Corporation","6315.T","1034184750","13.7833","Japan"
"6308","Ituran","ITRN","1033710208","52.26","Israel"
"6309","Attovia Therapeutics","ATTO","1033316352","22.635","United States"
"6310","Mitsui High-tec","6966.T","1033268853","5.65402","Japan"
"6311","American Bitcoin Corp","ABTC","1033031104","8.48","United States"
"6312","Centerspace","CSR","1032181440","58.32","United States"
"6313","Colgate-Palmolive (Pakistan)","COLG.PK","1031830333","4.25018","Pakistan"
"6314","B2 Impact ASA","B2I.OL","1031434987","2.78112","Norway"
"6315","Union Coop","UNIONCOOP.AE","1031306978","0.590814","United Arab Emirates"
"6316","Country Garden","2007.HK","1030799011","0.0220601","China"
"6317","Graham Corporation","GHM","1029722816","87.7328","United States"
"6318","Plejd AB","PLEJD.ST","1029670703","90.8696","Sweden"
"6319","Sonaecom","SNC.LS","1029644916","3.36739","Portugal"
"6320","Tejas Networks","TEJASNET.NS","1027944566","5.78449","India"
"6321","RAIZNEXT Corporation","6379.T","1027736976","19.0465","Japan"
"6322","Humansoft Holding Company","HUMANSOFT.KW","1027578954","7661.45","Kuwait"
"6323","discoverIE Group plc","DSCV.L","1027468377","10.6887","United Kingdom"
"6324","Taboola.com","TBLA","1026968704","3.8014","United States"
"6325","Al Hammadi Holding Company","4007.SR","1026760730","6.41725","Saudi Arabia"
"6326","Smartgroup Corporation","SIQ.AX","1026461221","7.89719","Australia"
"6327","CRA International","CRAI","1026266624","163.5","United States"
"6328","Equity Bancshares","EQBK","1026226752","49.835","United States"
"6329","Elecom","6750.T","1025625463","12.7346","Japan"
"6330","LegalZoom","LZ","1025019968","5.985","United States"
"6331","Canaccord Genuity Group","CF.TO","1024774564","10.0465","Canada"
"6332","Business First Bancshares","BFST","1024344832","31.47","United States"
"6333","O-I Glass","OI","1024142208","6.665","United States"
"6334","Neo Performance Materials","NEO.TO","1024039733","22.1665","Canada"
"6335","Pacific Century Regional Developments","P15.SI","1023897250","0.386902","Singapore"
"6336","Al-Babtain Power and Telecommunications","2320.SR","1021653068","15.9766","Saudi Arabia"
"6337","Villar International","VILR.TA","1021509813","57.9906","Israel"
"6338","CNB Financial Corp","CCNE","1019847040","34.43","United States"
"6339","Moonpig Group","MOON.L","1019152446","3.47991","United Kingdom"
"6340","Kura Oncology","KURA","1018599040","11.45","United States"
"6341","MetroCity Bankshares","MCBS","1018423680","35.385","United States"
"6342","Lenzing","LEN.F","1017920030","26.3586","Austria"
"6343","Scandi Standard AB","SCST.ST","1017749038","15.4685","Sweden"
"6344","Heritage Insurance","HRTG","1017294592","34.215","United States"
"6345","Tsuburaya Fields Holdings","2767.T","1015785500","16.3172","Japan"
"6346","LuxExperience","LUXE","1015735872","7.4","Germany"
"6347","Kingsgate Consolidated Limited","KCN.AX","1015601851","3.81219","Australia"
"6348","The Foschini Group","TFG.JO","1015517400","3.22081","South Africa"
"6349","Safehold","SAFE","1015505472","14.34","United States"
"6350","Arbutus Biopharma","ABUS","1015291968","5.125","United States"
"6351","Basilea Pharmaceutica","BSLN.SW","1014516747","81.8696","Switzerland"
"6352","Precinct Properties","PCT.NZ","1014256671","0.547371","New Zealand"
"6353","Horizon Bancorp","HBNC","1014054272","19.75","United States"
"6354","Pacira Biosciences","PCRX","1013887104","25.435","United States"
"6355","GVS S.p.A.","GVS.MI","1013270666","5.40525","Italy"
"6356","Whirlpool India","WHIRLPOOL.NS","1012745637","7.97938","India"
"6357","SPIMACO (Saudi Pharmaceutical Industries and Medical Appliances Corporation)","2070.SR","1012554996","8.48356","Saudi Arabia"
"6358","Angel Studios","ANGX","1012219264","5.42","United States"
"6359","Mips AB","MIPS.ST","1012133655","38.2065","Sweden"
"6360","Sinclair, Inc.","SBGI","1011761536","14.02","United States"
"6361","Diversified Energy","DEC.L","1011417460","14.6394","United States"
"6362","Mitsubishi Logisnext","7105.T","1010891788","9.45216","Japan"
"6363","ITOCHU-SHOKUHIN","2692.T","1010529522","79.6514","Japan"
"6364","Zensar","ZENSARTECH.NS","1009487872","4.45102","India"
"6365","Tetra Technologies","TTI","1009116032","6.815","United States"
"6366","Jumia","JMIA","1008875136","7.55","Germany"
"6367","Northwest Pipe Company","NWPX","1008725888","104.67","United States"
"6368","PHC Holdings Corporation","6523.T","1008701444","7.97295","Japan"
"6369","Yulon Motor Company","2201.TW","1008678809","0.949367","Taiwan"
"6370","Amphastar Pharmaceuticals","AMPH","1008149312","23.7","United States"
"6371","Adlai Nortye","ANL","1007827648","15.65","Cayman Islands"
"6372","Neurones","NRO.PA","1006355366","42.2085","France"
"6373","Gielda Papierów Wartosciowych w Warszawie","GPW.WA","1006307765","23.9757","Poland"
"6374","OCI","OCI.AS","1006253095","4.76966","Netherlands"
"6375","Qt Group","QTCOM.HE","1005977846","39.6191","Finland"
"6376","Raito Kogyo","1926.T","1005468593","24.4921","Japan"
"6377","Grupa Pracuj","GPP.WA","1005010476","14.5869","Poland"
"6378","Konoike Transport","9025.T","1004790155","18.9227","Japan"
"6379","Ventyx Biosciences","VTYX","1004502016","14","United States"
"6380","YIT","YIT.HE","1003298868","4.34858","Finland"
"6381","Manitou Group","MTU.PA","1001980819","26.1844","France"
"6382","United Gulf Holding Company","UGH.BH","1001646923","0.596817","Bahrain"
"6383","Ohsho Food Service","9936.T","1001563280","19.066","Japan"
"6384","Princes Group plc","PRN.L","1001524087","4.09282","United Kingdom"
"6385","Anglo-Eastern Plantations","AEP.L","1001021421","2.62481","United Kingdom"
"6386","Riken Keiki","7734.T","1000791780","22.0168","Japan"
"6387","Montepino Logística","MLMTP.PA","998467730","11.6117","Spain"
"6388","Sun Hung Kai &amp; Co.","0086.HK","998411186","0.511335","Hong Kong"
"6389","Heiwa Real Estate","8803.T","997601937","15.0991","Japan"
"6390","Emerald Holding","EEX","997505920","5.04","United States"
"6391","BLS International","BLS.NS","997491316","2.42391","India"
"6392","SML MAHINDRA LIMITED","SMLMAH.NS","997140966","68.9031","India"
"6393","NB Bancorp","NBBK","997089664","22.755","United States"
"6394","Lindab International","LIAB.ST","995145288","12.9179","Sweden"
"6395","Superloop Limited","SLC.AX","994962322","1.93122","Australia"
"6396","Finolex Industries","FINPIPE.NS","993094697","1.60613","India"
"6397","Dexco","DXCO3.SA","991409425","1.09202","Brazil"
"6398","BayWa","BYW.F","990259574","9.86995","Germany"
"6399","Hanza AB","HANZA.ST","989949478","15.7783","Sweden"
"6400","Deep Yellow","DYL.AX","989702734","1.01587","Australia"
"6401","Virtus Investment Partners","VRTS","989628544","149.43","United States"
"6402","Pierre et Vacances","VAC.PA","989029810","2.1412","France"
"6403","ACLEDA Bank","ABC.KH","988131342","2.28","Cambodia"
"6404","Whitestone REIT","WSR","988012416","18.99","United States"
"6405","Afcon Holdings","AFHL.TA","987570083","162.816","Israel"
"6406","Arriyadh Development Company","4150.SR","987299579","4.22048","Saudi Arabia"
"6407","BTS Group","BTS.BK","985733277","0.0612492","Thailand"
"6408","Amanat Holdings","AMANAT.AE","985422067","0.394783","United Arab Emirates"
"6409","Rockhopper Exploration","RKH.L","984928248","0.93898","United Kingdom"
"6410","Arzan Financial Group for Financing and Investment","ARZAN.KW","984468296","1024.14","Kuwait"
"6411","Trustco Bank","TRST","983692544","57.77","United States"
"6412","ProSiebenSat.1 Media","PSM.F","983475663","4.22434","Germany"
"6413","Quanex Building Products","NX","983430400","21.46","United States"
"6414","Bravura Solutions","BVS.AX","981631814","2.18968","Australia"
"6415","Macquarie Technology Group","MAQ.AX","980693386","38.0501","Australia"
"6416","Shochiku","9601.T","980291368","71.3267","Japan"
"6417","Castle Biosciences","CSTL","980028288","32.08","United States"
"6418","Hartalega","5168.KL","980022221","0.287611","Malaysia"
"6419","Global Medical REIT","GMRE","979776256","35.98","United States"
"6420","Cobram Estate Olives","CBO.AX","979650291","2.04609","Australia"
"6421","Regis Healthcare","REG.AX","979222889","3.23785","Australia"
"6422","Elders Limited","ELD.AX","978874608","4.54448","Australia"
"6423","Afcons Infrastructure","AFCONS.NS","977012174","2.65648","India"
"6424","Nippon Seiki","7287.T","976892990","16.9946","Japan"
"6425","Restar Corporation","3156.T","976214659","34.7188","Japan"
"6426","Nippon Paper Industries","3863.T","975682111","8.46149","Japan"
"6427","Flotek Industries","FTK","975053952","26.92","United States"
"6428","JYP Entertainment","035900.KQ","973352284","29.3771","South Korea"
"6429","Camden National Corporation","CAC","973269952","57.6","United States"
"6430","Sichuan Xunyou Network Technology","300467.SZ","972873377","4.78765","China"
"6431","Navigator Global Investments","NGI.AX","972532134","1.5938","Australia"
"6432","MMTC","MMTC.NS","972158195","0.648105","India"
"6433","Crédit Agricole Mutuel de la Touraine et du Poitou","CRTO.PA","971590107","155.597","France"
"6434","Central Pacific Financial","CPF","971450624","37.73","United States"
"6435","Unitil Corporation","UTL","971102912","53.25","United States"
"6436","Placoplatre","MLPLC.PA","970307506","743.149","France"
"6437","Amerigo Resources","ARG.TO","968732062","6.00051","Canada"
"6438","Prodea Real Estate Investment Company","PRODEA.AT","968013108","3.64608","Greece"
"6439","Daio Paper Corporation","3880.T","965409600","6.25981","Japan"
"6440","San-Ai Obbli","8097.T","965003520","15.5942","Japan"
"6441","Bestway Cement","BWCL.PK","964703824","1.61794","Pakistan"
"6442","Arbor Realty Trust","ABR","963972864","4.755","United States"
"6443","Phoenix Education Partners","PXED","963005632","26.715","United States"
"6444","Zhongsheng Group","0881.HK","962828249","0.406773","China"
"6445","ITM Power","ITM.L","961855949","1.39359","United Kingdom"
"6446","Astec Industries","ASTE","961321920","41.81","United States"
"6447","CTT - Correios De Portugal","CTT.LS","961053367","7.32699","Portugal"
"6448","Toshiba Tec Corporation","6588.T","959526498","18.1085","Japan"
"6449","Africa Israel Residences","AFRE.TA","959246924","75.7146","Israel"
"6450","Harvia Oyj","HARVIA.HE","958158207","51.2657","Finland"
"6451","Southside Bancshares","SBSI","957983744","32.1385","United States"
"6452","Metalla Royalty & Streaming","MTA","956462720","10.23","Canada"
"6453","Almunajem Foods Company","4162.SR","955398729","15.9233","Saudi Arabia"
"6454","Burford Capital","BUR","955192512","4.35","Guernsey"
"6455","Trican Well Service","TCW.TO","954913361","4.56168","Canada"
"6456","Investcorp Capital","ICAP.AE","954668855","0.44","United Arab Emirates"
"6457","Zehnder Group","ZEHN.SW","954576814","85.7974","Switzerland"
"6458","ProFrac","ACDC","954323264","5.24","United States"
"6459","SAKURA Internet","3778.T","954215857","23.8407","Japan"
"6460","The Hub Power Company","HUBC.PK","953905707","0.735383","Pakistan"
"6461","Adastria","2685.T","950994532","20.6163","Japan"
"6462","Heartland Express","HTLD","950417728","12.29","United States"
"6463","Douglas Group","DOU.DE","950373349","8.8249","Germany"
"6464","Juventus Turin","JUVE.MI","949125230","2.27589","Italy"
"6465","Renew Holdings plc","RNWH.L","948976890","11.9876","United Kingdom"
"6466","X-FAB","XFAB.PA","948795494","7.26312","Belgium"
"6467","Kronos Worldwide","KRO","948403520","8.24","United States"
"6468","ESAB India","ESABINDIA.NS","948006372","61.5868","India"
"6469","Formosa Taffeta","1434.TW","947721451","0.563291","Taiwan"
"6470","Allied Group Limited","0373.HK","947619820","0.269694","Hong Kong"
"6471","Reliance Power","RPOWER.NS","947126345","0.229008","India"
"6472","Solid Biosciences","SLDB","946798848","8.83","United States"
"6473","Zad Holding Company","ZHCD.QA","946743392","3.29396","Qatar"
"6474","Orient Corporation","8585.T","946702348","5.53026","Japan"
"6475","Accel Entertainment","ACEL","945092032","11.64","United States"
"6476","Kaken Pharmaceutical Co., Ltd.","4521.T","944740780","24.9481","Japan"
"6477","Astra Agro Lestari","AALI.JK","944174352","0.49056","Indonesia"
"6478","Yellow Hat","9882.T","943954659","11.2429","Japan"
"6479","Inventiva Pharma","IVA","943701504","3.995","France"
"6480","Southern Cross Electrical Engineering","SXE.AX","943474416","3.05837","Australia"
"6481","Forbright, Inc.","FRBT","942694528","18.57","United States"
"6482","Phoenix Group","PHX.AE","942015055","0.16","United Arab Emirates"
"6483","Major Drilling Group International","MDI.TO","941842968","11.4529","Canada"
"6484","Ibotta","IBTA","941583104","40.54","United States"
"6485","Sable Offshore","SOC","941120256","4.905","United States"
"6486","Hanmi Financial","HAFC","940770880","31.73","United States"
"6487","Douglas Dynamics","PLOW","940620352","40.76","United States"
"6488","USA TODAY Co.","TDAY","940368896","6.405","United States"
"6489","Riley Exploration Permian","REPX","940302400","43.34","United States"
"6490","Engro Corporation","ENGRO.PK","940045358","1.75177","Pakistan"
"6491","NTG Nordic Transport Group A/S","NTG.CO","939974149","43.407","Denmark"
"6492","McMillan Shakespeare","MMS.AX","939973323","13.497","Australia"
"6493","Gr. Sarantis S.A.","SAR.AT","939375336","14.7469","Greece"
"6494","Abacus Global Management","ABX","938805632","9.6","United States"
"6495","Sedlmayr Grund und Immobilien AG","SPB.F","937877742","1277.29","Germany"
"6496","Karat Packaging","KRT","937687744","47.045","United States"
"6497","Caisse Régionale de Crédit Agricole Mutuel Loire Haute-Loire","CRLO.PA","936693385","116.117","France"
"6498","SpyGlass Pharma","SGP","936376256","27.995","United States"
"6499","Mid Penn Bancorp","MPB","936136256","36.95","United States"
"6500","NEUCA","NEU.WA","935537575","206.849","Poland"
"6501","Time Technoplast","TIMETECHNO.NS","934156199","1.8924","India"
"6502","Forum Energy Technologies","FET","933648192","81.38","United States"
"6503","Helus Pharma","HELP","932978496","12.77","Canada"
"6504","Voyageurs du Monde","ALVDM.PA","932620779","207.85","France"
"6505","Oxford Lane Capital","OXLC","932346112","9.5108","United States"
"6506","Scanfil","SCANFL.HE","931687979","14.1663","Finland"
"6507","Shin Nippon Air Technologies","1952.T","931668500","20.4535","Japan"
"6508","Sequent Scientific","SEQUENT.NS","931273369","2.13731","India"
"6509","Toyobo Co., Ltd.","3101.T","931197638","10.5524","Japan"
"6510","Troax Group AB","TROAX.ST","930660063","15.5511","Sweden"
"6511","Silex Systems Limited","SLX.AX","929527019","3.33836","Australia"
"6512","AOKI Holdings","8214.T","929382921","11.0345","Japan"
"6513","Cogna Educação","COGN3.SA","928991982","0.463518","Brazil"
"6514","Chimera Investment Corporation","CIM","928888960","11.105","United States"
"6515","Total Energy Services","TOT.TO","928278134","25.5021","Canada"
"6516","innoscripta SE","1INN.DE","927775224","92.7775","Germany"
"6517","Frequency Electronics","FEIM","927567360","82.985","United States"
"6518","Gulf International Services","GISS.QA","926651613","0.498626","Qatar"
"6519","Religare","RELIGARE.NS","926638748","2.68798","India"
"6520","First Financial","THFF","926319168","77.895","United States"
"6521","NCC Limited","NCC.NS","926195280","1.47519","India"
"6522","Quantum Corporation","QMCO","924558592","23.46","United States"
"6523","Riverstone Holdings","AP4.SI","924548398","0.623781","Singapore"
"6524","Ardelyx","ARDX","924311488","3.58","United States"
"6525","Sivers Semiconductors AB","SIVE.ST","924306833","3.1288","Sweden"
"6526","Prashkovsky Investments and Construction","PRSK.TA","924277043","43.2042","Israel"
"6527","Postal Realty Trust","PSTL","924166592","23.22","United States"
"6528","JCU Corporation","4975.T","923726818","37.5198","Japan"
"6529","Greenfire Resources","GFR","922478016","6.275","Canada"
"6530","Marimaca Copper","MARI.TO","921158950","6.81548","Canada"
"6531","Canon Electronics Inc.","7739.T","920553236","22.5062","Japan"
"6532","Sana Biotechnology","SANA","920533952","3.075","United States"
"6533","Alkhorayef Water and Power Technologies Company","2081.SR","919384904","26.2681","Saudi Arabia"
"6534","iQIYI","IQ","919089536","0.9524","China"
"6535","Karoon Energy","KAR.AX","917263132","1.31381","Australia"
"6536","Star Asia Investment Corporation","3468.T","917142546","341.326","Japan"
"6537","RS Technologies","3445.T","916466456","34.4583","Japan"
"6538","Eurowag (W.A.G payment solutions)","EWG.L","915932592","1.31647","United Kingdom"
"6539","Barings BDC","BBDC","915661632","8.745","United States"
"6540","Bank ABC (Arab Banking Corporation)","ABC.BH","914339990","0.86","Bahrain"
"6541","Savencia Fromage &amp; Dairy","SAVE.PA","913738921","70.8314","France"
"6542","Mani, Inc.","7730.T","912399778","9.2627","Japan"
"6543","Webjet Limited","WEB.AX","912179523","2.51992","Australia"
"6544","Mitani Sekisan","5273.T","911968511","13.0147","Japan"
"6545","Renta 4 Banco","R4.MC","911958707","22.4106","Spain"
"6546","Engro Fertilizers","EFERT.PK","911741378","0.682799","Pakistan"
"6547","Morgan Advanced Materials","MGAM.L","910661663","3.29455","United Kingdom"
"6548","Sri Trang Gloves","STGT.BK","910536714","0.330503","Thailand"
"6549","Wave Life Sciences","WVE","909377280","4.615","Singapore"
"6550","Einhell Germany","EIN.DE","907305459","79.8885","Germany"
"6551","Mattr Corp.","MATR.TO","907156818","14.7957","Canada"
"6552","Kforce","KFRC","906911744","50.64","United States"
"6553","BitGo","BTGO","906276736","7.71","United States"
"6554","Aussie Broadband Limited","ABB.AX","905808194","2.87171","Australia"
"6555","Design Therapeutics","DSGN","904930688","14.46","United States"
"6556","Generation Development Group","GDG.AX","904558519","2.25429","Australia"
"6557","Eckert &amp; Ziegler","EUZ.F","903915382","14.445","Germany"
"6558","Eastman Kodak Company","KODK","903616960","9.23","United States"
"6559","Lectra SA","LSS.PA","902188229","24.3265","France"
"6560","Fastned","FAST.AS","901319487","46.0985","Netherlands"
"6561","NANO Nuclear Energy","NNE","900689664","16.7732","United States"
"6562","Deyaar Development","DEYAAR.AE","900686965","0.205832","United Arab Emirates"
"6563","GL Events SA","GLO.PA","899183008","30.6549","France"
"6564","Daktronics","DAKT","898851648","18.69","United States"
"6565","Daily Journal","DJCO","898328256","651.93","United States"
"6566","Arabian Contracting Services Company","4071.SR","897749957","16.3227","Saudi Arabia"
"6567","Evolv Technologies","EVLV","897558272","4.99","United States"
"6568","Fuji Kyuko","9010.T","897191651","16.8969","Japan"
"6569","MNTN, Inc.","MNTN","896889856","11.99","United States"
"6570","National Real Estate Company - K.P.S.C.","NRE.KW","896368311","430.528","Kuwait"
"6571","Yuasa Trading","8074.T","895707669","42.5355","Japan"
"6572","Scandinavian Tobacco Group","STG.CO","895375701","11.3681","Denmark"
"6573","Olema Pharmaceuticals","OLMA","895100480","10.23","United States"
"6574","Hexatronic Group AB","HTRO.ST","894362038","4.04886","Sweden"
"6575","Nufarm","NUF.AX","893493268","2.32525","Australia"
"6576","Boozt","BOOZT.ST","893426669","15.3239","Sweden"
"6577","Covenant Logistics","CVLG","893424704","35.205","United States"
"6578","Service Properties Trust","SVC","892967936","6.895","United States"
"6579","Mitsuuroko Group Holdings","8131.T","892363132","16.3302","Japan"
"6580","World Acceptance Corporation","WRLD","892346112","191.36","United States"
"6581","PageGroup","PAGE.L","891415768","2.86294","United Kingdom"
"6582","JVCKENWOOD Corporation","6632.T","890615010","6.30085","Japan"
"6583","Simply Good Foods","SMPL","890602944","10.07","United States"
"6584","Beijing Airport","0694.HK","890468263","0.19446","China"
"6585","CeriBell","CBLL","890371968","23.2","United States"
"6586","Melco International Development","0200.HK","889111390","0.390833","Hong Kong"
"6587","Trainline","TRN.L","889035100","2.6167","United Kingdom"
"6588","Ridgepost Capital","RPC","888521856","8.06","United States"
"6589","Japan Pulp and Paper Company","8032.T","888507392","8.05763","Japan"
"6590","Beazer Homes USA","BZH","888164736","33.29","United States"
"6591","PeptiDream","4587.T","888138130","6.90794","Japan"
"6592","Vietcap Securities","VCI.VN","887697961","0.773504","Vietnam"
"6593","Kuros Biosciences","KURN.SW","887243625","22.3638","Switzerland"
"6594","SmartFinancial (SmartBank)","SMBK","886726784","51.86","United States"
"6595","Employers Holdings","EIG","885991808","49.33","United States"
"6596","AG Barr","BAG.L","885883418","7.98268","United Kingdom"
"6597","Canadian Solar","CSIQ","885713152","13.045","Canada"
"6598","Lexicon Pharmaceuticals","LXRX","885462336","1.99","United States"
"6599","Mader Group Limited","MAD.AX","885187779","4.35064","Australia"
"6600","SIMPAR","SIMH3.SA","885126507","1.51625","Brazil"
"6601","Rigel Pharmaceuticals","RIGL","884118016","47.33","United States"
"6602","UP Fintech (Tiger Brokers)","TIGR","883939968","4.915","China"
"6603","Bioventus","BVS","883868544","12.94","United States"
"6604","Krosaki Harima","5352.T","883732789","26.2423","Japan"
"6605","Miramar Hotel and Investment","0071.HK","883719872","1.27897","Hong Kong"
"6606","Kuwait Cement Company","KCEM.KW","883659531","1239.4","Kuwait"
"6607","Theravance Biopharma","TBPH","883657152","17.02","Cayman Islands"
"6608","ATRenew","RERE","882641088","3.985","China"
"6609","Worldline","WLN.PA","882254145","15.5992","France"
"6610","Avalo Therapeutics","AVTX","881677056","16.44","United States"
"6611","GAG Immobilien","GWK3.HM","881189361","54.575","Germany"
"6612","Koppers Holdings","KOP","880428032","46.555","United States"
"6613","Playtika","PLTK","879168896","2.305","Israel"
"6614","Kingfa Science & Technology","KINGFA.NS","878981613","64.8629","India"
"6615","JBG SMITH","JBGS","878109568","11.37","United States"
"6616","Morguard","MRC.TO","878027781","82.2257","Canada"
"6617","Vishay Precision Group","VPG","877865984","66","United States"
"6618","Sabre","SABR","877793472","2.175","United States"
"6619","Vesuvius India","VESUVIUS.NS","877464455","4.32332","India"
"6620","Mishra Dhatu Nigam","MIDHANI.NS","877286108","4.68286","India"
"6621","Al-Dawaa Medical Services Company","4163.SR","877273297","10.3209","Saudi Arabia"
"6622","China Resources Building Materials Technology","1313.HK","877072285","0.125602","Hong Kong"
"6623","Nine Entertainment Co. Holdings","NEC.AX","876614839","0.552803","Australia"
"6624","Autoneum Holding","AUTN.SW","876365487","150.974","Switzerland"
"6625","Nextdoor","NXDR","876211712","2.265","United States"
"6626","Pharmanutra","PHN.MI","876131563","91.5002","Italy"
"6627","ODDITY Tech","ODD","875443968","18.98","Israel"
"6628","Magazine Luíza","MGLU3.SA","874453396","1.12737","Brazil"
"6629","Compañía de Acero del Pacífico","CAP.SN","874435224","5.8511","Chile"
"6630","CrossAmerica Partners","CAPL","873976704","22.895","United States"
"6631","RAK Properties","RAKPROP.AE","873968808","0.29","United Arab Emirates"
"6632","Lesha Bank","QFBQ.QA","873538436","0.779945","Qatar"
"6633","Ferroglobe","GSM","872638592","4.67","United Kingdom"
"6634","Bata India","BATAINDIA.NS","872612363","6.7893","India"
"6635","Immix Biopharma","IMMX","870633408","12.17","United States"
"6636","Talkspace","TALK","870574976","5.25","United States"
"6637","Genuit Group","GEN.L","870381927","3.45285","United Kingdom"
"6638","EuroTeleSites","ETS.VI","869976505","5.23688","Austria"
"6639","MFA Financial","MFA","868153344","8.5881","United States"
"6640","BML, Inc.","4694.T","867998123","23.1567","Japan"
"6641","HSBC Oman","HBMO.OM","867668167","0.433766","Oman"
"6642","Geron","GERN","867339136","1.35","United States"
"6643","Kura Sushi,Inc.","2695.T","867251009","10.9107","Japan"
"6644","Dor Alon Energy In Israel","DRAL.TA","867128831","54.7891","Israel"
"6645","Capital City Bank Group","CCBG","865847232","50.595","United States"
"6646","ADS-TEC Energy","ADSE","865841792","11.516","Ireland"
"6647","Great Southern Bancorp","GSBC","865697984","79.44","United States"
"6648","National Corporation for Tourism &amp; Hotels","NCTH.AE","865344217","0.4","United Arab Emirates"
"6649","Safe Bulkers","SB","864566144","8.49","Monaco"
"6650","Sun Frontier Fudousan","8934.T","864172532","15.1121","Japan"
"6651","Takara Bio","4974.T","863722455","7.17286","Japan"
"6652","Senshu Electric","9824.T","863409463","50.6778","Japan"
"6653","Criteo","CRTO","863092032","17.615","France"
"6654","Surge Energy","SGY.TO","862724924","8.69785","Canada"
"6655","Heiwado","8276.T","862695486","17.4441","Japan"
"6656","Ferrari Group PLC","046.F","861900852","9.44032","United Kingdom"
"6657","Cybozu","4776.T","861747573","19.1247","Japan"
"6658","Royal holdings","8179.T","861355633","8.74159","Japan"
"6659","Standard Motor Products","SMP","861106496","38.545","United States"
"6660","Sanken Electric Co., Ltd.","6707.T","860726821","43.0566","Japan"
"6661","Pet Valu","PET.TO","859989525","12.7943","Canada"
"6662","BlackSky Technology","BKSY","859835136","21.0101","United States"
"6663","RFA Financial Inc.","RFA.TO","859372673","18.7804","Canada"
"6664","Apollo Commercial Real Estate Finance","ARI","859318976","6.685","United States"
"6665","Wavestone SA","WAVE.PA","858999003","35.0093","France"
"6666","PEXA Group","PXA.AX","858903164","4.8819","Australia"
"6667","Sanyo Chemical Industries","4471.T","858322887","38.8877","Japan"
"6668","Navient","NAVI","856246336","9.13","United States"
"6669","Bunka Shutter","5930.T","855871621","12.1679","Japan"
"6670","GungHo Online Entertainment","3765.T","855845314","16.3433","Japan"
"6671","Kiwi Property","KPG.NZ","855402065","0.518255","New Zealand"
"6672","Vital Healthcare Property Trust","VHP.NZ","855395879","1.0598","New Zealand"
"6673","Budget Saudi (United International Transportation Company)","4260.SR","855155661","8.18","Saudi Arabia"
"6674","Bank Nizwa","BKNZ.OM","854109361","0.381818","Oman"
"6675","Ottogi","007310.KS","853746391","248.231","South Korea"
"6676","Cargojet","CJT.TO","853269513","57.6539","Canada"
"6677","Yokorei Co.,Ltd.","2874.T","852499763","14.4021","Japan"
"6678","Kopin Corporation","KOPN","852225920","4.585","United States"
"6679","SP Group A/S","SPG.CO","851313976","72.6814","Denmark"
"6680","Himalaya Shipping","HSHP","850495872","18.04","Bermuda"
"6681","Nick Scali Limited","NCK.AX","850456027","9.94328","Australia"
"6682","Recticel","RECT.BR","850387688","14.9791","Belgium"
"6683","HIVE Digital Technologies","HIVE","850259712","3.1","Canada"
"6684","B Communications","BCOM.TA","850162312","8.08819","Israel"
"6685","InMode","INMD","849927424","14.77","Israel"
"6686","Noor Financial Investment Company","NOOR.KW","849670907","1669.93","Kuwait"
"6687","SunCoke Energy","SXC","849597248","10.01","United States"
"6688","Black Diamond Group","BDI.TO","848104647","12.4157","Canada"
"6689","The Japan Wool Textile Co., Ltd. (Nikke Group)","3201.T","847261320","13.0082","Japan"
"6690","TXO Partners, L.P.","TXO","847221120","15.28","United States"
"6691","Relaxo Footwear","RELAXO.NS","846688293","3.40119","India"
"6692","KOMEDA Holdings","3543.T","846355402","18.597","Japan"
"6693","PSI Software","PSAN.DE","845211283","52.3688","Germany"
"6694","Stingray Group","RAY-A.TO","843548063","12.3987","Canada"
"6695","Kohnan Shoji","7516.T","842927194","29.1821","Japan"
"6696","South Plains Financial","SPFI","842296320","44.71","United States"
"6697","Eagle Bancorp","EGBN","841662464","27.61","United States"
"6698","Fox Factory Holding","FOXF","841040320","20.01","United States"
"6699","PennyMac Mortgage Investment Trust","PMT","840630784","9.64","United States"
"6700","Hippo Holdings","HIPO","840501760","31.85","United States"
"6701","Marcus Corporation","MCS","840484672","27.26","United States"
"6702","Sparebanken Sør","SOR.OL","840479500","20.1631","Norway"
"6703","Standard Chartered Bank (Pakistan)","SCBPL.PK","840464307","0.217085","Pakistan"
"6704","HealthStream","HSTM","839771520","28.72","United States"
"6705","The Ehime Bank","8541.T","838689440","21.4631","Japan"
"6706","FACC AG","FACC.VI","837959188","18.3","Austria"
"6707","Sky Harbour Group","SKYH","837518720","10.26","United States"
"6708","Furukawa Co.,Ltd.","5715.T","837095853","26.3485","Japan"
"6709","Viant Technology","DSP","837090560","12.56","United States"
"6710","DoubleUGames","192080.KS","836275636","43.375","South Korea"
"6711","Wiit S.p.A.","WIIT.MI","835713763","33.5578","Italy"
"6712","Telecom Plus PLC","TEP.L","834901108","10.7563","United Kingdom"
"6713","ASGN","ASGN","833931008","19.53","United States"
"6714","Skellerup Holdings","SKL.NZ","833472647","4.25086","New Zealand"
"6715","LSB Industries","LXU","833011072","11.57","United States"
"6716","Delta Israel Brands","DLTI.TA","832668280","33.2695","Israel"
"6717","REVO Insurance S.p.A.","REVO.MI","832250540","28.6229","Italy"
"6718","Showa Sangyo","2004.T","830842421","25.5669","Japan"
"6719","Orrstown Financial Services","ORRF","829861504","42.19","United States"
"6720","Dynavox Group","DYVOX.ST","829643764","7.82201","Sweden"
"6721","Rackspace Technology","RXT","829611136","3.255","United States"
"6722","Obsidian Energy","OBE","829398848","12.43","Canada"
"6723","Vitasoy","0345.HK","829162062","0.816095","Hong Kong"
"6724","Yalla Group","YALA","828986304","5.46","United Arab Emirates"
"6725","Climb Bio","CLYM","828805184","14.43","United States"
"6726","Braskem","BAK","828647872","2.0795","Brazil"
"6727","Phnom Penh Water Supply Authority","PWSA.KH","828559437","1.73","Cambodia"
"6728","Heritage Commerce","HTBK","828429632","13.45","United States"
"6729","XPS Pensions Group","XPS.L","828219079","4.07929","United Kingdom"
"6730","Pick n Pay Stores","PIK.JO","828198800","1.12775","South Africa"
"6731","Ryoyo Ryosan Holdings","167A.T","828040784","20.6489","Japan"
"6732","Hibiya Engineering","1982.T","826542661","20.0301","Japan"
"6733","Silence Therapeutics","SLN","826338624","13.295","United Kingdom"
"6734","Compass Diversified Holdings","CODI","826090880","10.98","United States"
"6735","EverQuote","EVER","825843584","23.435","United States"
"6736","Advanced Medical Solutions Group","AMS.L","825842220","3.79516","United Kingdom"
"6737","Cantaloupe","CTLP","825815936","11.2","United States"
"6738","Sweetgreen","SG","825551488","6.935","United States"
"6739","CEWE","CWC.F","824804260","122.387","Germany"
"6740","Al Majed for Oud Company","4165.SR","824124617","32.965","Saudi Arabia"
"6741","Agrana","AGR.VI","823560080","13.1793","Austria"
"6742","Reformation Inc.","REF","823522304","13.94","United States"
"6743","Root Insurance","ROOT","822381824","53.08","United States"
"6744","Saudi Automotive Services Company","4050.SR","822367144","11.7481","Saudi Arabia"
"6745","Grupo Supervielle","SUPV","822221376","8.7","Argentina"
"6746","Alerus Financial","ALRS","821985152","32.975","United States"
"6747","JM AB","JM.ST","821946007","12.7424","Sweden"
"6748","QuidelOrtho","QDEL","821876416","11.985","United States"
"6749","Sustained Infrastructure Holding Company (sisco)","2190.SR","821693111","10.1025","Saudi Arabia"
"6750","SI-BONE","SIBN","821524480","18.33","United States"
"6751","Pason Systems","PSI.TO","821451142","10.5802","Canada"
"6752","Republic Airways","RJET","821448128","17.545","United States"
"6753","John B. Sanfilippo & Son","JBSS","819789888","70.13","United States"
"6754","American Public Education","APEI","819726144","44.79","United States"
"6755","Basler Aktiengesellschaft","BSL.DE","819653196","26.6489","Germany"
"6756","FRoSTA AG","NLM.F","818147427","120.181","Germany"
"6757","CEVA","CEVA","817312704","29.03","United States"
"6758","MedCap","MCAP.ST","817271915","54.5734","Sweden"
"6759","Caisse régionale de Crédit Agricole Mutuel d'Ille-et-Vilaine","CIV.PA","817080042","135.88","France"
"6760","Paul Hartmann","PHH2.F","816587260","229.912","Germany"
"6761","Abraj Energy Services","ABRJ.OM","816211968","1.05974","Oman"
"6762","Tokyu Construction","1720.T","816160225","7.67983","Japan"
"6763","Channel Infrastructure NZ Limited","CHI.NZ","815603182","1.96821","New Zealand"
"6764","Nissan Shatai","7222.T","815262418","6.0188","Japan"
"6765","Costain Group","COST.L","814609272","3.09836","United Kingdom"
"6766","Xvivo Perfusion AB","XVIVO.ST","814466761","25.8565","Sweden"
"6767","R&S Group","RSGN.SW","814451453","21.9219","Switzerland"
"6768","Vulcan Energy Resources","VUL.AX","814434535","1.70149","Australia"
"6769","Close Brothers Group","CBG.L","813247616","5.39575","United Kingdom"
"6770","Cathay Real Estate Development","2501.TW","812228050","0.700462","Taiwan"
"6771","Pexip","PEXIP.OL","812111528","7.76777","Norway"
"6772","Galaxy Surfactants","GALAXYSURF.NS","811703806","22.8941","India"
"6773","Entravision Communications","EVC","811214208","8.79","United States"
"6774","Hilton Food Group plc","HFG.L","811195823","9.01772","United Kingdom"
"6775","Takasago International Corporation","4914.T","810990512","8.31819","Japan"
"6776","Peapack-Gladstone Financial","PGC","809812864","45.68","United States"
"6777","Minto Apartment Real Estate Investment Trust","MI-UN.TO","809463795","12.9746","Canada"
"6778","Lightwave Logic","LWLG","808607168","5.245","United States"
"6779","Hosiden Corporation","6804.T","807829005","16.4084","Japan"
"6780","Autobacs Seven","9832.T","807691279","10.2854","Japan"
"6781","Kvutzat Acro","ACRO.TA","807422056","12.8028","Israel"
"6782","Jensen-Group","JEN.BR","807196382","86.6233","Belgium"
"6783","Menicon Co., Ltd.","7780.T","806798862","10.8651","Japan"
"6784","Sakata INX Corporation","4633.T","806596515","16.5452","Japan"
"6785","Financial Institutions","FISI","806581312","40.93","United States"
"6786","Arafura Rare Earths","ARU.AX","806526820","0.132816","Australia"
"6787","Ålandsbanken","ALBAV.HE","806365244","52.2527","Finland"
"6788","Lincoln Educational Services","LINC","806042816","25.41","United States"
"6789","Paisalo Digital","PAISALO.NS","805932451","0.88162","India"
"6790","Egypt Kuwait Holding Company","EKHOLDING.KW","805906644","685.921","Egypt"
"6791","Evertz Technologies","ET.TO","803510463","10.6307","Canada"
"6792","Metallus","MTUS","803494400","19.385","United States"
"6793","Kirloskar Ferrous Industries","KIRLFER.NS","803375902","4.86812","India"
"6794","HomeTrust Bancshares","HTB","803372800","48.59","United States"
"6795","Solstad Offshore","SOFF.OL","802722715","7.39121","Norway"
"6796","Northern Dynasty Minerals","NAK","802709696","1.428","Canada"
"6797","Topsports International","6110.HK","802609515","0.129428","Hong Kong"
"6798","Bank Jago","ARTO.JK","802535546","0.0578974","Indonesia"
"6799","Bliss GVS Pharma","BLISSGVS.NS","802375524","7.54605","India"
"6800","Southern Missouri Bancorp","SMBC","801828928","72.82","United States"
"6801","Judo Capital Holdings","JDO.AX","801738744","0.714337","Australia"
"6802","Core Lithium Ltd","CXO.AX","801706213","0.247685","Australia"
"6803","Oman Cables Industry","OCAI.OM","801475345","8.93507","Oman"
"6804","Archicom","ARH.WA","801418989","13.7004","Poland"
"6805","Power Mech Projects","POWERMECH.NS","801261536","25.3433","India"
"6806","Barrett Business Services","BBSI","801215104","33.06","United States"
"6807","Montrose Environmental","MEG","800798912","22.14","United States"
"6808","IQE plc","IQE.L","800527713","0.601407","United Kingdom"
"6809","Tinexta","TNXT.MI","800388096","17.4408","Italy"
"6810","CryoPort","CYRX","800255808","15.8","United States"
"6811","Winnebago Industries","WGO","800009600","28.3","United States"
"6812","Riskified","RSKD","799488448","6.055","Israel"
"6813","Synsam","SYNSAM.ST","799355475","5.66902","Sweden"
"6814","Tuas Limited","TUA.AX","799227632","1.45739","Australia"
"6815","Vamos Locação de Caminhões, Máquinas e Equipamentos S.A.","VAMO3.SA","799056503","0.654031","Brazil"
"6816","HiteJinro","000080.KS","798123182","11.4373","South Korea"
"6817","Zee Entertainment","ZEEL.NS","797852433","0.830647","India"
"6818","Energy Vault","NRGV","797366528","4.385","United States"
"6819","Anteris Technologies","AVR.AX","796683897","8.18436","Australia"
"6820","AdaptHealth","AHCO","796452672","5.97","United States"
"6821","Daqo New Energy","DQ","795753792","11.76","China"
"6822","Transcat","TRNS","795209728","84.96","United States"
"6823","Apogee Enterprises","APOG","793308160","38.015","United States"
"6824","Kelsian Group","KLS.AX","792418425","2.91478","Australia"
"6825","Safari Industries India","SAFARI.NS","792193145","16.1681","India"
"6826","SKF India","SKFINDIA.NS","790572751","15.9912","India"
"6827","Sheela Foam","SFL.NS","790449536","7.23833","India"
"6828","Aisan Industry","7283.T","790185887","13.7898","Japan"
"6829","NewPrinces S.p.A.","NWL.MI","790032982","18.9619","Italy"
"6830","Gold Royalty Corp","GROY","790031296","3.41","Canada"
"6831","Mahindra Lifespaces","MAHLIFE.NS","789260522","3.69531","India"
"6832","Basellandschaftliche Kantonalbank","BLKB.SW","788154744","1399.27","Switzerland"
"6833","Construtora Tenda S.A.","TEND3.SA","788154568","6.4264","Brazil"
"6834","Thurgauer Kantonalbank","TKBP.SW","788010437","197.003","Switzerland"
"6835","IP Group","IPO.L","787686148","0.891625","United Kingdom"
"6836","Strawberry Fields REIT","STRW","787597824","13.935","United States"
"6837","Kodiak AI","KDK","787426304","3.925","United States"
"6838","Safilo Group","SFL.MI","786907519","2.01811","Italy"
"6839","IDOM Inc.","7599.T","786807519","7.83616","Japan"
"6840","JK Paper","JKPAPER.NS","786176475","4.33588","India"
"6841","Hunting PLC","HTG.L","785818969","5.41199","United Kingdom"
"6842","Tokyo Electron Device Limited","2760.T","785541998","26.6742","Japan"
"6843","Logistea AB","LOGI-A.ST","785361302","1.53824","Sweden"
"6844","Ubisoft","UBI.PA","785303315","5.77661","France"
"6845","Carlyle Secured Lending","CGBD","785060288","11.41","United States"
"6846","GCM Grosvenor","GCMG","784249984","12.83","United States"
"6847","Middle East Healthcare Company","4009.SR","783767552","8.51551","Saudi Arabia"
"6848","indie Semiconductor","INDI","783514048","3.38","United States"
"6849","Alpha &amp; Omega Semiconductor","AOSL","783412096","25.89","United States"
"6850","Prima Meat Packers","2281.T","782489562","15.5681","Japan"
"6851","Piaggio","PIA.MI","782216613","2.22364","Italy"
"6852","Clairvest Group","CVG.TO","781692257","58.4184","Canada"
"6853","CTO Realty Growth","CTO","780822016","20.83","United States"
"6854","IFA Hotels and Resorts","IFAHR.KW","780811261","2146.12","Kuwait"
"6855","Peakstone Realty Trust","PKST","780562688","20.99","United States"
"6856","Aeon Hokkaido Corporation","7512.T","780280610","5.60843","Japan"
"6857","Olvi plc","OLVAS.HE","779924147","37.7961","Finland"
"6858","Shore Bancshares","SHBI","779910144","23.37","United States"
"6859","Aubay","AUB.PA","779513632","61.1937","France"
"6860","Varex Imaging","VREX","778899776","18.48","United States"
"6861","Anan Investment Holding","ANAN.AE","778859447","0.31","United Arab Emirates"
"6862","Vitesse Energy","VTS","778298304","18.485","United States"
"6863","Yanlord","Z25.SI","777817905","0.402694","Singapore"
"6864","Pharming Group","PHAR","776974016","10.9776","Netherlands"
"6865","Ponsse","PON1V.HE","776906367","27.752","Finland"
"6866","Mutares","MUX.DE","776390399","30.3066","Germany"
"6867","Harworth Group","HWG.L","776208058","2.38669","United Kingdom"
"6868","Mitek Systems","MITK","775879232","17.195","United States"
"6869","Galliford Try","GFRD.L","775736393","7.68502","United Kingdom"
"6870","Baladna","BLDN.QA","775565833","0.346703","Qatar"
"6871","World Co., Ltd.","3612.T","775315539","10.1746","Japan"
"6872","Arjo AB","ARJO-B.ST","775128312","2.84587","Sweden"
"6873","Aclaris Therapeutics","ACRS","775002176","5.265","United States"
"6874","GO (Etihad Atheeb Telecommunication Company)","7040.SR","774515083","22.7799","Saudi Arabia"
"6875","Dakota Gold","DC","774178176","5.77","United States"
"6876","Yubico","YUBICO.ST","774093761","9.025","Sweden"
"6877","BASSAC","BASS.PA","774006971","48.1886","France"
"6878","TXT e-solutions","TXT.MI","773709934","61.3098","Italy"
"6879","Iguatemi","IGTI3.SA","773629868","0.642247","Brazil"
"6880","MLP Group S.A.","MLG.WA","773507678","32.2362","Poland"
"6881","Sukoon Insurance","SUKOON.AE","773370788","1.67443","United Arab Emirates"
"6882","EIZO Corporation","6737.T","772984976","19.6393","Japan"
"6883","Canada Goose","GOOS","772983680","7.915","Canada"
"6884","Burelle","BUR.PA","771505308","440.084","France"
"6885","Sakai Moving Service Co.,Ltd.","9039.T","771265189","19.1572","Japan"
"6886","Karnov Group","KAR.ST","770086723","8.01304","Sweden"
"6887","LEM Holding","LEHN.SW","770001340","676.314","Switzerland"
"6888","Ghitha","GHITHA.AE","769615298","3.19","United Arab Emirates"
"6889","Lucky Strike Entertainment","LUCK","769571648","5.645","United States"
"6890","Itoki Corporation","7972.T","769493161","15.5551","Japan"
"6891","Saudi Steel Pipes","1320.SR","769136800","15.2177","Saudi Arabia"
"6892","Aspen Group","APZ.AX","768557576","3.35272","Australia"
"6893","Mitsuboshi Belting","5192.T","768155976","27.521","Japan"
"6894","Minerva S.A.","BEEF3.SA","766985080","0.773839","Brazil"
"6895","Senvest Capital","SEC.TO","766909690","317.334","Canada"
"6896","National Investments Company (Kuwait)","NINV.KW","766366434","962.166","Kuwait"
"6897","Festi hf.","FESTI.IC","765442952","2.47821","Iceland"
"6898","Westrock Coffee","WEST","764422400","7.83","United States"
"6899","Backblaze","BLZE","764155520","12.345","United States"
"6900","Borosil","BORORENEW.NS","763571305","5.18788","India"
"6901","Annexon","ANNX","763056064","4.025","United States"
"6902","Nissin Corporation","9066.T","762935226","51.9081","Japan"
"6903","Ardmore Shipping","ASC","762091712","18.655","Bermuda"
"6904","WH Smith","SMWH.L","761969075","5.06291","United Kingdom"
"6905","Independent Bank Corporation","IBCP","761881792","36.98","United States"
"6906","First Milling Company","2283.SR","761822651","13.7265","Saudi Arabia"
"6907","Arclands Corporation","9842.T","761558097","12.1223","Japan"
"6908","Voltalia","VLTSA.PA","760389655","5.80585","France"
"6909","Rosenbauer International","ROS.VI","760380886","74.5471","Austria"
"6910","Rain Industries","RAIN.NS","760315856","2.26052","India"
"6911","Gilat Satellite Networks","GILT","760282688","9.87","Israel"
"6912","Washington Trust Bancorp","WASH","760111616","39.85","United States"
"6913","Westlake Chemical Partners","WLKP","759901184","21.56","United States"
"6914","Thermador Groupe","THEP.PA","759256799","82.7915","France"
"6915","Synektik Spólka Akcyjna","SNT.WA","758853554","88.972","Poland"
"6916","Green Dot","GDOT","758814656","13.316","United States"
"6917","Sto SE &amp; Co. KGaA","STO3.DE","758106850","117.975","Germany"
"6918","Agthia Group","AGTHIA.AE","758085553","0.91","United Arab Emirates"
"6919","Viridien","VIRI.PA","757829358","104.97","France"
"6920","DBV Technologies","DBVT","757324416","12.05","France"
"6921","Riyadh Cement Company","3092.SR","757289293","6.31074","Saudi Arabia"
"6922","Al Meera Consumer Goods Company","MERS.QA","757219776","3.67582","Qatar"
"6923","Groupon","GRPN","757187840","18.62","United States"
"6924","The Manitowoc Company","MTW","756940672","20.99","United States"
"6925","Emirates Stallions Group (ESG)","ESG.AE","756895104","3.03","United Arab Emirates"
"6926","Iress Limited","IRE.AX","756330401","4.04911","Australia"
"6927","WhiteFiber","WYFI","756178688","19.465","United States"
"6928","United Development Company","UDCD.QA","755837939","0.213462","Qatar"
"6929","2CRSI","AL2SI.PA","755703803","33.4649","France"
"6930","Cera Sanitaryware","CERA.NS","754141502","58.4834","India"
"6931","Golden Entertainment","GDEN","753686080","28.55","United States"
"6932","Evli","EVLI.HE","753460384","28.4487","Finland"
"6933","Five Point Holdings","FPH","753444928","5.0942","United States"
"6934","LSI Industries","LYTS","751933760","20.18","United States"
"6935","Latham Group","SWIM","751758464","6.39","United States"
"6936","Glass House Brands","GLAS","751112768","7.97","United States"
"6937","Kossan Rubber Industries","7153.KL","749618059","0.297443","Malaysia"
"6938","Asseco Business Solutions","ABS.WA","749287698","22.834","Poland"
"6939","Third Coast Bancshares","TCBX","748807424","44.96","United States"
"6940","Geopark","GPRK","748248000","11.53","Chile"
"6941","Daiichi Jitsugyo","8059.T","748005883","23.5476","Japan"
"6942","Pakuwon Jati Tbk","PWON.JK","747214145","0.0155154","Indonesia"
"6943","Satellogic","SATL","747191296","4.8601","United States"
"6944","Volaris","VLRS","747183872","6.5","Mexico"
"6945","WELL Health Technologies","WELL.TO","746677556","2.91731","Canada"
"6946","Monopar Therapeutics","MNPR","746594944","111.23","United States"
"6947","Cardinal Infrastructure Group","CDNL","746155008","36.525","United States"
"6948","PubMatic","PUBM","745199040","16.36","United States"
"6949","Paysign","PAYS","744735808","13.19","United States"
"6950","Eve Holding, Inc.","EVEX","744018304","2.135","United States"
"6951","United States Antimony Corporation","UAMY","743108480","4.965","United States"
"6952","Nachi-Fujikoshi","6474.T","742542095","34.0674","Japan"
"6953","Dometic Group","DOM.ST","742316612","2.32337","Sweden"
"6954","Sanofi India Limited","SANOFI.NS","742263874","32.2294","India"
"6955","Axial Retailing","8255.T","742163922","8.54617","Japan"
"6956","Bain Capital Specialty Finance","BCSF","741447040","11.43","United States"
"6957","The Shibusawa Warehouse","9304.T","741376467","13.5553","Japan"
"6958","Fidus Investment Corporation","FDUS","741332224","19.5322","United States"
"6959","Viña Concha y Toro","CONCHATORO.SN","741210826","1.00298","Chile"
"6960","Nuvectis Pharma","NVCT","740693888","22.69","United States"
"6961","GFT Technologies","GFT.DE","740643291","28.9712","Germany"
"6962","Tron Inc.","TRON","740036032","1.56","United States"
"6963","Ethos Watches","ETHOSLTD.NS","738091047","27.5843","India"
"6964","Hertz","HTZ","737854336","2.07","United States"
"6965","Bowman Consulting Group","BWMN","737811136","42.565","United States"
"6966","VP Bank","VPBN.SW","736786401","117.22","Liechtenstein"
"6967","CIR S.p.A. - Compagnie Industriali Riunite","CIR.MI","736730165","0.891779","Italy"
"6968","River City Bank","RCBC","736480320","52.625","United States"
"6969","Synergie SE","SDG.PA","736463969","32.3967","France"
"6970","Phu Nhuan Jewelry (PNJ)","PNJ.VN","736364023","1.43899","Vietnam"
"6971","Bloomin' Brands","BLMN","735055616","8.585","United States"
"6972","Hallador Energy Company","HNRG","734493504","15.58","United States"
"6973","MA Financial Group","MAF.AX","734308547","3.68296","Australia"
"6974","Pakistan Oilfields Limited","POL.PK","733343610","2.58351","Pakistan"
"6975","Kakao Games","293490.KQ","733113826","6.89073","South Korea"
"6976","Genomma Lab Internacional","LABB.MX","731753310","0.748403","Mexico"
"6977","Warteck Invest","WARN.SW","730992457","2362.8","Switzerland"
"6978","TaskUs","TASK","730745536","7.97","United States"
"6979","PAR Technology","PAR","730258624","17.655","United States"
"6980","Movado Group","MOV","729387200","32.69","United States"
"6981","Lifenet Insurance Company","7157.T","728991643","9.0738","Japan"
"6982","Tata Teleservices","TTML.NS","728442768","0.372619","India"
"6983","Halfords Group","HFD.L","728192124","3.3622","United Kingdom"
"6984","Pantoro Limited","PNR.AX","727468050","1.86661","Australia"
"6985","Shen Zhen Shengxunda Technology (gamexun)","300518.SZ","727201310","3.64674","China"
"6986","VersaBank","VBNK","727160000","22.43","Canada"
"6987","Achieve Life Sciences","ACHV","727006080","7.065","Canada"
"6988","Tronox","TROX","726635200","4.55","United States"
"6989","Zevra Therapeutics","ZVRA","726560512","12.235","United States"
"6990","Oxford Biomedica","OXB.L","726356465","6.00054","United Kingdom"
"6991","Coastal Financial Corporation","CCB","726329792","47.515","United States"
"6992","Mochida Pharmaceutical","4534.T","726016580","20.5838","Japan"
"6993","Funding Circle","FCH.L","725401011","2.56258","United Kingdom"
"6994","Southern Province Cement Company","3050.SR","724697096","5.17641","Saudi Arabia"
"6995","Carter Bankshares","CARE","724336192","31.27","United States"
"6996","Aura Biosciences","AURA","723859584","6.98","United States"
"6997","Arrow Financial","AROW","723836736","39.0762","United States"
"6998","International Financial Advisors Holding","IFA.KW","723098072","1272.02","Kuwait"
"6999","APG|SGA","APGN.SW","723029359","241.19","Switzerland"
"7000","ProKidney","PROK","722520384","1.81","United States"
"7001","Cancom","COK.F","722497225","25.1393","Germany"
"7002","Shenzhen Bingchuan Network","300533.SZ","721550685","2.1982","China"
"7003","Barco NV","BAR.BR","721084545","8.8598","Belgium"
"7004","4D Molecular Therapeutics","FDMT","720936960","13.05","United States"
"7005","Neurogene","NGNE","720409728","36","United States"
"7006","Crescent Biopharma","CBIO","719905600","19.38","United States"
"7007","Südwestdeutsche Salzwerke","SSH.F","719858971","68.5091","Germany"
"7008","Nxera Pharma","4565.T","719417847","7.84268","Japan"
"7009","Salhia Real Estate Company","SRE.KW","719160485","1197","Kuwait"
"7010","Gyre Therapeutics","GYRE","718718016","6.7782","United States"
"7011","Mühlbauer Holding","MUB.DE","718490759","50.627","Germany"
"7012","Beta Bionics","BBNX","718485312","15.97","United States"
"7013","Peoples Financial Services","PFIS","717559168","71.6816","United States"
"7014","Waga Energy","WAGA.PA","717284182","26.823","France"
"7015","Hello Group Inc.","MOMO","716742016","4.99","China"
"7016","PVA TePla AG","TPE.DE","716640318","35.0906","Germany"
"7017","SF Urban Properties (SFP)","SFPN.SW","715562967","122.498","Switzerland"
"7018","Cicor Technologies","CICN.SW","715524396","163.985","Switzerland"
"7019","Air New Zealand","AIR.NZ","715514759","0.221278","New Zealand"
"7020","PRA Group","PRAA","715312128","19","United States"
"7021","LINK Mobility Group","LINK.OL","715000349","2.53259","Norway"
"7022","CytomX Therapeutics","CTMX","714709632","3.28","United States"
"7023","Similarweb","SMWB","714373312","8.095","Israel"
"7024","Auction Technology Group","ATG.L","714316524","5.89907","United Kingdom"
"7025","Doshisha Co.","7483.T","714266704","19.8998","Japan"
"7026","Mama's Creations","MAMA","713812672","15.14","United States"
"7027","Donegal Group","DGICA","713432512","19.22","United States"
"7028","Velocity Financial","VEL","713429888","18.07","United States"
"7029","Array Technologies","ARRY","712985344","4.635","United States"
"7030","Pinewood Technologies Group","PINE.L","712182642","6.10202","United Kingdom"
"7031","Community West Bancshares","CWBC","711783872","26.235","United States"
"7032","Yesway, Inc.","YSWY","711498560","22.815","United States"
"7033","N-Able","NABL","711229312","3.765","United States"
"7034","Liberty Financial Group","LFG.AX","710557834","2.34044","Australia"
"7035","Séché Environnement","SCHP.PA","710520114","91.5002","France"
"7036","Ridley Corporation","RIC.AX","710468926","1.89533","Australia"
"7037","XOMA Royalty","XOMA","710155008","40.17","United States"
"7038","IMC Rare Earths","IMC","709246976","6.71","Brazil"
"7039","IsoEnergy","ISO.TO","708311481","10.8543","Canada"
"7040","Atal S.A.","1AT.WA","707737662","16.3599","Poland"
"7041","Enhabit","EHAB","706913408","13.8","United States"
"7042","Collegium Pharmaceutical","COLL","706781568","22.8","United States"
"7043","Hyliion","HYLN","706352000","3.955","United States"
"7044","Cass Information Systems","CASS","706193408","55.275","United States"
"7045","Ramaco Resources","METC","706145024","11.14","United States"
"7046","Fujibo Holdings","3104.T","706116966","20.942","Japan"
"7047","Foresight Group","FSG.L","705842910","6.38615","United Kingdom"
"7048","KDH (Khang Dien House Trading and Investment)","KDH.VN","705686591","0.628834","Vietnam"
"7049","Latitude Group Holdings","LFS.AX","705397079","0.678441","Australia"
"7050","Skipper Limited","SKIPPER.NS","705230229","5.77297","India"
"7051","Allied Bank (Pakistan)","ABL.PK","703417879","0.614299","Pakistan"
"7052","DATAGROUP SE","D6H.DE","703390793","84.8","Germany"
"7053","Bergman &amp; Beving","BERG-B.ST","703351105","26.3315","Sweden"
"7054","Funai Soken Holdings Incorporated","9757.T","703073441","7.53001","Japan"
"7055","GMR Solutions Inc.","GMRS","702822464","13.01","United States"
"7056","Fundamenta Real Estate AG","FREN.SW","702775458","20.5595","Switzerland"
"7057","Aoyama Trading","8219.T","702367913","4.94807","Japan"
"7058","Indian Metals &amp; Ferro Alloys","IMFA.NS","702239129","13.0155","India"
"7059","Suprajit Engineering","SUPRAJIT.NS","701978038","5.11723","India"
"7060","California BanCorp","BCAL","701524800","21.82","United States"
"7061","PennantPark Floating Rate Capital Ltd.","PFLT","701470528","7.07","United States"
"7062","American Woodmark","AMWD","700651840","48.09","United States"
"7063","Hutchison Telecommunications Hong Kong Holdings","0215.HK","700537518","0.145367","Hong Kong"
"7064","Petco","WOOF","700295296","2.445","United States"
"7065","First Watch Restaurant","FWRG","699201920","11.33","United States"
"7066","Raymond","RAYMOND.NS","698532279","10.4961","India"
"7067","Carlton Investments","CIN.AX","697643747","26.4843","Australia"
"7068","Truecaller","TRUE-B.ST","697490090","2.26554","Sweden"
"7069","Patrizia Immobilien","P1Z.VI","696715301","8.05852","Germany"
"7070","Shoei Co., Ltd.","7839.T","696642330","13.6056","Japan"
"7071","Creotech Instruments","CRI.WA","696629350","198.79","Poland"
"7072","Japan Lifeline","7575.T","696431271","9.92711","Japan"
"7073","Dubai Refreshment","DRC.AE","696397932","7.73776","United Arab Emirates"
"7074","Super Hi International","9658.HK","696236107","1.18334","Singapore"
"7075","Propel Holdings","PRL.TO","695708574","17.6698","Canada"
"7076","ENCE Energía y Celulosa","ENC.MC","695578283","2.87274","Spain"
"7077","TANLA","TANLA.NS","694945557","5.26272","India"
"7078","Keihanshin Building","8818.T","694783149","7.28249","Japan"
"7079","Better Collective A/S","BETCO-DKK.CO","694740290","12.2223","Denmark"
"7080","Jahez International Company for Information Systems Technology","6017.SR","694548947","3.40301","Saudi Arabia"
"7081","Hovnanian Enterprises","HOV","694386816","116.51","United States"
"7082","Momentum Group AB","MMGR-B.ST","694262297","14.0435","Sweden"
"7083","DRI Healthcare Trust","DHT-UN.TO","693899929","12.3328","Canada"
"7084","Lotus Technology","LOT","693503872","1.07","China"
"7085","Rapid7","RPD","692878592","10.28","United States"
"7086","Hemnet Group AB","HEM.ST","692225603","7.72908","Sweden"
"7087","Osisko Development","ODV","691717504","2.27","Canada"
"7088","Credit Corp Group","CCP.AX","691469624","10.1587","Australia"
"7089","NIPPON KANZAI Holdings","9347.T","691313853","19.0335","Japan"
"7090","Caisse Régionale de Crédit Agricole du Morbihan","CMO.PA","690991864","131.793","France"
"7091","Midland States Bancorp","MSBI","690837824","33.29","United States"
"7092","The Star Entertainment Group","SGR.AX","690824478","0.104099","Australia"
"7093","SNP Schneider-Neureither &amp; Partner","SHF.DE","690683531","94.7515","Germany"
"7094","Transport Corporation of India","TCI.NS","690668036","8.98943","India"
"7095","IDEC Corporation","6652.T","690228747","23.287","Japan"
"7096","Algoma Central Corporation","ALC.TO","690169161","17.0127","Canada"
"7097","Ascopiave","ASC.MI","689876843","3.18741","Italy"
"7098","BFF Bank","BFF.MI","689618079","3.65072","Italy"
"7099","Enovix","ENVX","689068416","3.14","United States"
"7100","Once Upon A Farm","OFRM","689066624","16.41","United States"
"7101","Doman Building Materials Group","DBM.TO","689057799","7.8396","Canada"
"7102","everplay group plc","EVPL.L","688208272","4.77608","United Kingdom"
"7103","Mensch und Maschine","MUM.F","687782203","41.2796","Germany"
"7104","Wacom Co., Ltd.","6727.T","687502563","5.17851","Japan"
"7105","Information Services Corporation","ISC.TO","687435401","36.7603","Canada"
"7106","Kornit Digital","KRNT","687034880","15.99","Israel"
"7107","Zignago Vetro","ZV.MI","686689997","7.77984","Italy"
"7108","Campus Activewear","CAMPUS.NS","685843640","2.24367","India"
"7109","EPC Groupe","EXPL.PA","685443736","320.483","France"
"7110","Mesa Laboratories","MLAB","685437952","122.49","United States"
"7111","Okamoto Industries","5122.T","684993613","40.451","Japan"
"7112","Duc Giang Chemicals Group","DGC.VN","684951963","1.80356","Vietnam"
"7113","Park Aerospace","PKE","684945664","31.49","United States"
"7114","ES-CON JAPAN","8892.T","684569976","7.13918","Japan"
"7115","OppFi","OPFI","684426752","8.0324","United States"
"7116","Maxvalu Tokai","8198.T","684374620","21.4631","Japan"
"7117","Ackerstein Group","ACKR.TA","683781734","2.37012","Israel"
"7118","Seco S.p.A.","IOT.MI","683120354","5.1556","Italy"
"7119","Collins Foods Limited","CKF.AX","682804743","5.76495","Australia"
"7120","K-Electric","KEL.PK","682705680","0.0247221","Pakistan"
"7121","New Mountain Finance Corporation","NMFC","682418496","7.225","United States"
"7122","Avon Protection","AVON.L","681400641","23.1362","United Kingdom"
"7123","RE/MAX Holdings","RMAX","681161536","12.36","United States"
"7124","EnQuest","ENQ.L","679870131","0.365309","United Kingdom"
"7125","GOLDCREST Co.,Ltd.","8871.T","679773046","20.4535","Japan"
"7126","Ecclesiastical Insurance Office plc","ELLA.L","679526012","1.93775","United Kingdom"
"7127","Papa John's Pizza","PZZA","679503616","20.64","United States"
"7128","Bloomsbury Publishing","BMY.L","679252862","8.40211","United Kingdom"
"7129","IperionX","IPX","679091968","18.7525","United States"
"7130","Stratasys","SSYS","678799232","7.75","Israel"
"7131","SmarTone Telecommunications","0315.HK","677370853","0.615259","Hong Kong"
"7132","Udemy","UDMY","677283328","4.63","United States"
"7133","WhiteHawk Minerals Corp","WHK","677218496","28.46","United States"
"7134","Red River Bancshares","RRBI","676187648","102.7","United States"
"7135","Bar Harbor Bankshares","BHB","675170048","40.27","United States"
"7136","AO World","AO.L","673801821","1.21364","United Kingdom"
"7137","ParkOhio Holdings Corp.","PKOH","673785472","46.5","United States"
"7138","Seika Corporation","8061.T","673759315","18.9097","Japan"
"7139","CJ CGV Co., Ltd.","079160.KS","673712125","4.06874","South Korea"
"7140","Hingham Institution for Savings","HIFS","673676864","306.6","United States"
"7141","Interfor","IFP.TO","673535554","10.2412","Canada"
"7142","Mediterranean Towers","MDTR.TA","672510020","4.42273","Israel"
"7143","Verastem Oncology","VSTM","672433536","7.425","United States"
"7144","Digital Garage","4819.T","672222985","14.578","Japan"
"7145","Sagimet Biosciences","SGMT","671935040","10.81","United States"
"7146","Consensus Cloud Solutions","CCSI","671699968","36.655","United States"
"7147","Grendene","GRND3.SA","671547984","0.744378","Brazil"
"7148","Catapult Group International","CAT.AX","671467843","2.12506","Australia"
"7149","Ballard Power Systems","BLDP","670851904","2.225","Canada"
"7150","Mativ Holdings","MATV","670835584","12.155","United States"
"7151","Maharah for Human Resources Company","1831.SR","670553523","1.17694","Saudi Arabia"
"7152","Uchida Yoko Co., Ltd.","8057.T","669198136","13.5684","Japan"
"7153","Nerdy, Inc,","NRDY","668853696","9.26","United States"
"7154","Shizuoka Gas","9543.T","668010683","8.85884","Japan"
"7155","ASOS","ASC.L","667773040","5.58111","United Kingdom"
"7156","Cannae Holdings","CNNE","667529408","15.39","United States"
"7157","Cromwell Property Group","CMW.AX","667454714","0.254864","Australia"
"7158","International Tower Hill Mines","THM","667219520","2.51","Canada"
"7159","Energy Absolute","EA.BK","666565513","0.0897514","Thailand"
"7160","Granite Ridge Resources","GRNT","666083008","5.0499","United States"
"7161","SPARC","SPARC.NS","665788931","2.0516","India"
"7162","Scholastic","SCHL","665283072","35.27","United States"
"7163","Pollen Street Group","POLN.L","665218668","11.2705","United Kingdom"
"7164","Phathom Pharmaceuticals","PHAT","665005696","8.22","United States"
"7165","Earth Corporation","4985.T","664633062","30.322","Japan"
"7166","COVER Corporation","5253.T","664624631","10.4222","Japan"
"7167","Metals Exploration","MTL.L","664171167","0.217156","United Kingdom"
"7168","Ironwood Pharmaceuticals","IRWD","663438400","4.015","United States"
"7169","Oeneo","SBT.PA","663378301","10.5899","France"
"7170","Diagnosticos da America (DASA)","DASA3.SA","662777615","0.530296","Brazil"
"7171","Tiptree","TIPT","662494144","17.79","United States"
"7172","SLR Investment","SLRC","662293248","12.14","United States"
"7173","mobilezone Holding","MOZN.SW","661895931","15.3429","Switzerland"
"7174","MiMedx Group","MDXG","661812032","4.535","United States"
"7175","Saudi Ceramic Company","2040.SR","660905824","6.63028","Saudi Arabia"
"7176","Calian Group","CGY.TO","660842270","57.351","Canada"
"7177","ACNB Corporation","ACNB","660659968","64.9621","United States"
"7178","Direct Finance of Direct Group","DIFI.TA","660510600","221.137","Israel"
"7179","Hapvida","HAPV3.SA","659701844","1.38859","Brazil"
"7180","Shentel","SHEN","659670144","11.915","United States"
"7181","Merida Industry","9914.TW","659467852","2.2057","Taiwan"
"7182","Norma Group","NOEJ.F","659316248","22.9912","Germany"
"7183","OTC Markets Group","OTCM","659090880","55","United States"
"7184","Litgrid AB","LGD1L.VS","658816554","1.30632","Lithuania"
"7185","Klaveness Combination Carriers","KCC.OL","658603902","11.103","Norway"
"7186","Property For Industry","PFI.NZ","658345502","1.3102","New Zealand"
"7187","Onterris","ONT","658100544","18.74","United States"
"7188","Natural Grocers by Vitamin Cottage","NGVC","657613376","28.535","United States"
"7189","Legacy Housing Corporation","LEGH","657085568","27.63","United States"
"7190","Systems Limited (Pakistan)","SYS.PK","656938042","0.445864","Pakistan"
"7191","Integral Corporation","5842.T","656881935","19.268","Japan"
"7192","Sprout Social","SPT","656819584","10.84","United States"
"7193","Vaalco Energy","EGY","655344768","6.23","United States"
"7194","Morita Holdings Corporation","6455.T","655242136","15.9524","Japan"
"7195","Oma Säästöpankki","OMASP.HE","655046856","19.7167","Finland"
"7196","Agomab Therapeutics","AGMB","654998080","13.3","Belgium"
"7197","BellSystem24","6183.T","654738991","8.80673","Japan"
"7198","Gladstone Investment","GAIN","653080256","16.4","United States"
"7199","Artea Bankas","ROE1L.VS","652541775","1.01022","Lithuania"
"7200","Mannai Corporation","MCCS.QA","652078821","1.4294","Qatar"
"7201","Bahnhof AB","3B7.F","651985528","6.06131","Sweden"
"7202","Civmec Limited","CVL.AX","651254567","1.27791","Australia"
"7203","SIG (Semen Indonesia)","SMGR.JK","651231968","0.0966859","Indonesia"
"7204","Lumibird","LBIRD.PA","650797678","29.4937","France"
"7205","Shibaura Machine","6104.T","650789975","27.521","Japan"
"7206","Arabi Group Holding","AGHC.KW","650721123","1254.07","Kuwait"
"7207","Citycon","CTY1S.HE","650122453","3.54157","Finland"
"7208","PNE AG","PNE3.DE","649331593","8.47654","Germany"
"7209","Johnson Service Group PLC","JSG.L","649158270","1.79949","United Kingdom"
"7210","Kempower","KEMPOWR.HE","648322248","11.693","Finland"
"7211","Armada Hoffler Properties","AHH","647902656","6.25","United States"
"7212","Floridienne S.A.","FLOB.BR","647806503","66.1867","Belgium"
"7213","SOPHiA GENETICS","SOPH","646971456","7.6","Switzerland"
"7214","Franklin BSP Realty Trust","FBRT","645262912","7.77","United States"
"7215","Arena REIT","ARF.AX","645174820","1.58662","Australia"
"7216","Ricegrowers Limited","SGLLV.AX","644810963","9.31151","Australia"
"7217","New Era Energy & Digital","NUAI","644684032","6.05","United States"
"7218","Sembcorp Salalah Power & Water Company","SSPW.OM","644646008","0.675325","Oman"
"7219","AGNT, Inc","AGNT","644239616","3.855","United States"
"7220","Rashtriya Chemicals and Fertilizers","RCF.NS","643559149","1.16653","India"
"7221","Viaplay Group","VPLAY-B.ST","643284401","0.141984","Sweden"
"7222","A'ayan Leasing and Investment Company","AAYAN.KW","643246905","968.689","Kuwait"
"7223","Acast AB","ACAST.ST","642495905","3.5212","Sweden"
"7224","Aditya Birla Fashion and Retail","ABFRL.NS","642393157","0.527946","India"
"7225","New Found Gold","NFGC","641877056","1.67","Canada"
"7226","Grid Dynamics","GDYN","641713600","7.91","United States"
"7227","Northfield Bancorp","NFBK","639406784","15.31","United States"
"7228","Yanbu Cement Company","3060.SR","639142586","4.05805","Saudi Arabia"
"7229","Zuken Inc.","6947.T","639058669","30.322","Japan"
"7230","Altimmune","ALT","638990656","3.285","United States"
"7231","Chatham Lodging Trust","CLDT","638499136","13.04","United States"
"7232","Ooma","OOMA","638249984","23.125","United States"
"7233","Phreesia","PHR","638089280","10.28","United States"
"7234","Autohellas","OTOEL.AT","635521133","13.2141","Greece"
"7235","Bluelinx","BXC","635184128","80.81","United States"
"7236","Village Super Market","VLGEA","634586688","42.85","United States"
"7237","Movida Participações","MOVI3.SA","634245643","1.56928","Brazil"
"7238","Yext","YEXT","633958592","6.405","United States"
"7239","Enghouse Systems","ENGH.TO","633689984","11.6548","Canada"
"7240","GlobalData","DATA.L","633562870","0.968746","United Kingdom"
"7241","FleetPartners Group","FPR.AX","633426645","2.96504","Australia"
"7242","Arnoldo Mondadori Editore","MN.MI","633415866","2.44426","Italy"
"7243","RAK Ceramics","RAKCEC.AE","633087557","0.64","United Arab Emirates"
"7244","Credit Agricole Mutuel Toulouse 31","CAT31.PA","633055736","140.269","France"
"7245","Wakita & Co.,LTD.","8125.T","632951395","12.7281","Japan"
"7246","Valneva SE","VALN","632946560","6.675","France"
"7247","Rogers Sugar (Lantic)","RSI.TO","632729627","4.92229","Canada"
"7248","MISTRAS Group","MG","632538880","19.86","United States"
"7249","JBCC Holdings","9889.T","632047398","10.3766","Japan"
"7250","The Oncology Institute","STLN","631879872","6.2","United States"
"7251","DoubleDown Interactive","DDI","631806336","12.75","United States"
"7252","Fiera Milano","FM.MI","631792085","8.84812","Italy"
"7253","GDI Integrated Facility Services","GDI.TO","631553405","26.8246","Canada"
"7254","Groupe CRIT","CEN.PA","631213246","59.9164","France"
"7255","AngioDynamics","ANGO","630938944","15.265","United States"
"7256","Reitir fasteignafélag","REITIR.IC","630435864","0.938149","Iceland"
"7257","LightPath Technologies","LPTH","630427648","9.5","United States"
"7258","Enviri Corporation","NVRI","629767296","22.34","United States"
"7259","Saudi Paper Manufacturing Company","2300.SR","629761555","17.0417","Saudi Arabia"
"7260","Roland Corporation","7944.T","629592290","23.8407","Japan"
"7261","Helen of Troy","HELE","629584384","27.03","United States"
"7262","Slate Grocery REIT","SGR-UN.TO","629582962","10.6235","Canada"
"7263","Northern Data AG","NB2.DE","629518049","9.80608","Germany"
"7264","Janus International Group","JBI","628969024","4.61","United States"
"7265","Lycopodium","LYL.AX","628528387","15.8159","Australia"
"7266","Bank Alfalah","BAFL.PK","628293252","0.199184","Pakistan"
"7267","Tian An China Investments Company","0028.HK","628137642","0.42845","Hong Kong"
"7268","Bright Minds Biosciences","DRUG","627775680","63.98","United States"
"7269","Alfa Financial Software","ALFA.L","627204693","2.10797","United Kingdom"
"7270","Shattuck Labs","STTK","626768512","6.245","United States"
"7271","Miller Industries","MLR","626640576","55.2","United States"
"7272","Greenlam Industries","GREENLAM.NS","626599377","2.45583","India"
"7273","Swarmer","SWMR","626323328","39.3","United States"
"7274","ACICO Industries Company","ACICO.KW","626223135","1894.98","Kuwait"
"7275","Al-Maidan Clinic for Oral Health Services","MIDAN.KW","626125236","3091.98","Kuwait"
"7276","DocMorris","DOCM.SW","625761553","12.2743","Switzerland"
"7277","Matthews International Corporation","MATW","625512000","20.04","United States"
"7278","Medgulf (The Mediterranean and Gulf Cooperative Insurance and Reinsurance Company)","8030.SR","625398478","4.52669","Saudi Arabia"
"7279","ADENTRA Inc.","ADEN.TO","624432359","25.7546","Canada"
"7280","Kimball Electronics","KE","624072000","25.9501","United States"
"7281","oOh!media Limited","OML.AX","623812448","1.18099","Australia"
"7282","W&amp;T Offshore","WTI","623409408","4.1301","United States"
"7283","Hindustan Construction Company","HCC.NS","623199792","0.237911","India"
"7284","Forge Global","FRGE","623007296","45","United States"
"7285","Nichiha Corporation","7943.T","622796012","19.1377","Japan"
"7286","CorMedix","CRMD","622775104","7.99","United States"
"7287","Schweiter Technologies","SWTQ.SW","622135507","434.51","Switzerland"
"7288","Aeon Kyushu","2653.T","621639136","18.1867","Japan"
"7289","G City","GCT.TA","621500806","3.6372","Israel"
"7290","ME Group International","MEGP.L","621447637","1.65877","United Kingdom"
"7291","Gladstone Commercial","GOOD","621307584","12.725","United States"
"7292","MCAN Mortgage Corporation","MKP.TO","621144405","15.1816","Canada"
"7293","Cars.com","CARS","620979456","11.6","United States"
"7294","Avalon Pharma (Middle East Pharmaceutical)","4016.SR","620689659","17.734","Saudi Arabia"
"7295","TINC NV","TINC.BR","620416925","12.7961","Belgium"
"7296","India Tourism Development Corp","ITDC.NS","620198745","7.231","India"
"7297","Vinci Compass Investments","VINP","620076224","9.445","Brazil"
"7298","Praj Industries","PRAJIND.NS","619796776","3.37189","India"
"7299","Onward Holdings Co., Ltd.","8016.T","619624046","4.54667","Japan"
"7300","MapLight Therapeutics","MPLT","619375936","13.355","United States"
"7301","Claritev","CTEV","619260352","36.54","United States"
"7302","Evotec","EVO","618874624","1.7414","Germany"
"7303","Kearny Financial","KRNY","618782272","9.795","United States"
"7304","Tri Chemical Laboratories","4369.T","618526134","19.0335","Japan"
"7305","Hayat Communications Company","DIGITUS.KW","616467414","5740.38","Kuwait"
"7306","MediaAlpha","MAX","615577792","11.62","United States"
"7307","Contango Ore","CTGO","615475968","18.405","United States"
"7308","Hyster-Yale Materials Handling","HY","615370880","34.32","United States"
"7309","Summit Hotel Properties","INN","615304000","5.705","United States"
"7310","ECN Capital","ECN.TO","614662284","2.18172","Canada"
"7311","AH Realty Trust","AHRT","614298432","6.405","United States"
"7312","Solowin Holdings","SWIN","614008064","3.28","Hong Kong"
"7313","Bank AL Habib","BAHL.PK","613353793","0.551862","Pakistan"
"7314","RWS Holdings","RWS.L","613165218","1.65201","United Kingdom"
"7315","DIP Corporation","2379.T","612834919","11.7054","Japan"
"7316","Betterware de Mexico","BWMX","612808000","15.52","Mexico"
"7317","Duniec Bros.","DUNI.TA","612503629","79.3452","Israel"
"7318","F.I.L.A. - Fabbrica Italiana Lapis ed Affini","FILA.MI","612310171","12.1342","Italy"
"7319","Reservoir Media","RSVR","612166976","9.285","United States"
"7320","EagleRock Land","EROK","611881344","25.02","United States"
"7321","OneSpan","OSPN","611561792","16.595","United States"
"7322","Allogene Therapeutics","ALLO","611518848","1.77","United States"
"7323","Craneware","CRW.L","611460399","17.8596","United Kingdom"
"7324","Hankyu Hanshin REIT","8977.T","610885198","878.719","Japan"
"7325","Integral Diagnostics Limited","IDX.AX","610662421","1.63687","Australia"
"7326","ADTRAN","ADTN","610295744","7.49","United States"
"7327","Jinko Solar","JKS","610165056","11.651","China"
"7328","SMCP S.A.","SMCP.PA","609527078","7.80307","France"
"7329","Aquestive Therapeutics","AQST","609359040","4.855","United States"
"7330","Sveafastigheter AB","SVEAF.ST","608298546","3.08234","Sweden"
"7331","Qatari Investors Group","QIGD.QA","607971640","0.489011","Qatar"
"7332","BlossomHill Therapeutics","BLSM","607214592","20.88","United States"
"7333","Unity Bancorp","UNTY","606923200","60.435","United States"
"7334","First Business Financial Services","FBIZ","606033728","72.42","United States"
"7335","Greene County Bancorp","GCBC","605936960","35.59","United States"
"7336","Assembly Biosciences","ASMB","605625920","29.745","United States"
"7337","Mavi Giyim Sanayi ve Ticaret","MAVI.IS","604716515","0.771711","Turkey"
"7338","SMASCO (Saudi Manpower Solutions Company)","1834.SR","603914247","1.50979","Saudi Arabia"
"7339","Samhällsbyggnadsbolaget i Norden","SBB-B.ST","602876401","0.308853","Sweden"
"7340","Gokaldas Exports","GOKEX.NS","602465775","8.22169","India"
"7341","Sturm, Ruger &amp; Co","RGR","602460160","37.705","United States"
"7342","Docebo","DCBO","601746752","24.18","Canada"
"7343","YG Entertainment","122870.KQ","600930606","32.4006","South Korea"
"7344","Basler Kantonalbank","BSKP.SW","600916551","117.833","Switzerland"
"7345","Oculis Holding AG","OCS","600812480","10.82","Switzerland"
"7346","Maxell, Ltd.","6810.T","600511620","16.2911","Japan"
"7347","Wellneo Sugar","2117.T","600097055","18.33","Japan"
"7348","NerdWallet","NRDS","599919040","9.385","United States"
"7349","VTEX","VTEX","599328960","3.625","United Kingdom"
"7350","Shinagawa Refractories","5351.T","598953465","13.1254","Japan"
"7351","Zojirushi","7965.T","598477801","9.42554","Japan"
"7352","Modern Mills for Food Products","2284.SR","598407537","7.3865","Saudi Arabia"
"7353","Care Property Invest NV","CPINV.BR","597868777","14.1431","Belgium"
"7354","Saibu Gas Holdings","9536.T","597596376","16.6038","Japan"
"7355","Northpointe Bancshares","NPB","597574208","17.28","United States"
"7356","Grenke","GLJ.F","597109316","13.516","Germany"
"7357","Audax Renovables","ADX.MC","596037992","1.33999","Spain"
"7358","Singapore Post","S08.SI","595573452","0.264415","Singapore"
"7359","Southern First Bancshares","SFST","595536576","62.875","United States"
"7360","Limbach Holdings","LMB","595534144","49.94","United States"
"7361","NETGEAR","NTGR","595356480","21.905","United States"
"7362","Hypoport","HYQ.F","595338317","89.9327","Germany"
"7363","Cytek Biosciences","CTKB","595323328","4.58","United States"
"7364","Bridgewater Bancshares","BWB","595319680","21.35","United States"
"7365","Sumitomo Seika Chemicals Company","4008.T","594816297","9.28224","Japan"
"7366","Nilfisk Holding","NLFSK.CO","594716482","21.9239","Denmark"
"7367","Al-Saif Stores for Development &amp; Investment","4192.SR","594594565","1.69884","Saudi Arabia"
"7368","ProCredit","PCZ.DE","594319423","10.0906","Germany"
"7369","WashTec AG","WSU.DE","593787142","44.7051","Germany"
"7370","AvenuesAI Limited","CCAVENUE.NS","593529558","0.170504","India"
"7371","Zion Oil &amp; Gas","ZNOG","592485120","0.4971","United States"
"7372","Bawan Company","1302.SR","592411118","9.87352","Saudi Arabia"
"7373","Nanosonics Limited","NAN.AX","592285199","1.98148","Australia"
"7374","Insteel Industries","IIIN","591781632","30.57","United States"
"7375","Transport International Holdings","0062.HK","591648774","1.103","Hong Kong"
"7376","Gemini Space Station","GEMI","591214016","4.56","United States"
"7377","IPH Limited","IPH.AX","591085883","2.30454","Australia"
"7378","AmRest","EAT.MC","590348480","2.75197","Spain"
"7379","Pakistan State Oil Company","PSO.PK","589857615","1.25642","Pakistan"
"7380","Capital Bancorp","CBNK","589714496","36.2","United States"
"7381","Bit Digital","BTBT","589635776","1.635","United States"
"7382","Cognyte Software","CGNT","588915776","7.975","Israel"
"7383","Chrysos Corporation Limited","C79.AX","588502220","5.04702","Australia"
"7384","Smith &amp; Wesson","SWBI","588296576","13.12","United States"
"7385","Costamare Bulkers Holdings Limited","CMDB","587488512","24.175","Monaco"
"7386","MyState Limited","MYS.AX","587321190","3.44605","Australia"
"7387","Sparebanken Møre","MORG.OL","586856521","11.8367","Norway"
"7388","Malam - Team","MLTM.TA","586655697","26.7938","Israel"
"7389","NEC Capital Solutions","8793.T","585918858","27.1953","Japan"
"7390","Weave Communications","WEAV","585193536","7.315","United States"
"7391","United International Holding Company","4083.SR","585141754","7.80189","Saudi Arabia"
"7392","Meeza QSTP LLC (Public)","MEZA.QA","584973381","0.901374","Qatar"
"7393","Rayonier Advanced Materials","RYAM","584107776","8.635","United States"
"7394","Opthea","OPT","583100736","3.41","Australia"
"7395","Centiel","CNTL.SW","582928860","7.14365","Switzerland"
"7396","Grupo Empresarial San José","GSJ.MC","582909148","8.96424","Spain"
"7397","Energy Resources of Australia","ERA.AX","582089538","0.00143585","Australia"
"7398","FDC India","FDC.NS","581866248","3.5739","India"
"7399","Bannerman Energy","BMN.AX","581854564","2.79991","Australia"
"7400","Ecora Resources","ECOR.L","580516861","2.32715","United Kingdom"
"7401","Amotiv Limited","AOV.AX","580410486","4.33628","Australia"
"7402","Miquel y Costas &amp; Miquel","MCM.MC","580148795","15.5597","Spain"
"7403","IDI","IDIP.PA","579949594","81.2819","France"
"7404","Northrim BanCorp","NRIM","579698560","26.06","United States"
"7405","TV TOKYO Holdings","9413.T","578679680","21.6586","Japan"
"7406","Arata Corporation","2733.T","577865224","17.2617","Japan"
"7407","Prime Medicine","PRME","577685312","3.185","United States"
"7408","Obrascón Huarte Lain","OHLA.MC","577571777","0.417789","Spain"
"7409","Al-Ahleia Insurance","AINS.KW","576969072","2348.34","Kuwait"
"7410","Arabian Cement Company","3010.SR","576487789","5.76488","Saudi Arabia"
"7411","OmniAb","OABI","576472896","3.965","United States"
"7412","Trilogy Metals","TMQ","576106688","3.335","Canada"
"7413","Tadiran Group","TDRN.TA","575838501","67.0671","Israel"
"7414","Core Laboratories","CLB","575621632","12.545","Netherlands"
"7415","Lumax Industries","LUMAXIND.NS","575256314","61.5397","India"
"7416","The Honest Company","HNST","575044288","5.36","United States"
"7417","TPG Real Estate Finance Trust","TRTX","574232192","7.48","United States"
"7418","Fourth Milling","2286.SR","573718517","1.06244","Saudi Arabia"
"7419","Avax S.A.","AVAX.AT","573514480","3.8667","Greece"
"7420","West Holdings","1407.T","573501109","14.4608","Japan"
"7421","Elior Group","ELIOR.PA","573399738","2.28402","France"
"7422","Zephyrus Wing Energies","ZPRS.TA","573282980","8.4164","Israel"
"7423","Integra Resources","ITRG","573116416","2.825","Canada"
"7424","Eastern Province Cement Company","3080.SR","572493698","6.6569","Saudi Arabia"
"7425","Weathernews Inc.","4825.T","572246261","12.8844","Japan"
"7426","Endúr ASA","ENDUR.OL","572103309","11.189","Norway"
"7427","Musti Group","MUSTI.HE","571843212","17.1273","Finland"
"7428","Solid Power","SLDP","571593984","2.505","United States"
"7429","Gulf Keystone Petroleum","GKP.L","570748440","2.62481","Bermuda"
"7430","Blackline Safety","BLN.TO","570708314","6.52699","Canada"
"7431","Wheels India","WHEELS.NS","570316762","23.3421","India"
"7432","OrthoPediatrics","KIDS","570237760","21.84","United States"
"7433","Unilever Pakistan Foods","UPFL.PK","570088481","89.4968","Pakistan"
"7434","Patriot Battery Metals","PMET.TO","569944773","3.06516","Canada"
"7435","Universal Health Realty Income Trust","UHT","569776512","40.995","United States"
"7436","Factorial Energy","FAC","569369216","5.3006","United States"
"7437","BrightSpire Capital","BRSP","569358784","4.5","United States"
"7438","Atos","ATO.PA","569204921","28.8203","France"
"7439","Zeria Pharmaceutical","4559.T","569085074","12.9105","Japan"
"7440","Tectonic Therapeutic","TECX","568886528","29.1","United States"
"7441","Weebit Nano","WBT.AX","568631894","2.36198","Australia"
"7442","Fujimori Kogyo","7917.T","568581395","7.94039","Japan"
"7443","Civista Bancshares","CIVB","568306496","27.33","United States"
"7444","Kyokuto Kaihatsu Kogyo","7226.T","568118751","14.7539","Japan"
"7445","Alpha HPA Limited","A4N.AX","568083559","0.39127","Australia"
"7446","Figeac Aero","FGA.PA","567737127","12.8193","France"
"7447","BAVARIA Industries Group AG","B8A.MU","567632975","126.568","Germany"
"7448","RCS MediaGroup","RCS.MI","567129752","1.09614","Italy"
"7449","Scribe Therapeutics","SCTX","567003840","29.95","United States"
"7450","Wild Bunch","WBAH.F","566923642","23.6783","Germany"
"7451","WA1 Resources","WA1.AX","566829841","7.62438","Australia"
"7452","Galiano Gold","GAU","566346176","2.165","Canada"
"7453","NRJ Group","NRG.PA","566343054","7.31537","France"
"7454","Asia Financial Holdings","0662.HK","565641117","0.612072","Hong Kong"
"7455","TomTom","TOM2.AS","565120314","4.55643","Netherlands"
"7456","GAMCO Investors","GAMI","564859776","26.3","United States"
"7457","Investors Title Company","ITIC","564775168","299.14","United States"
"7458","Australian Agricultural Company","AAC.AX","564728671","0.936894","Australia"
"7459","Peet Limited","PPC.AX","564654328","1.20612","Australia"
"7460","RVRC Holding","RVRC.ST","564336336","5.39538","Sweden"
"7461","H.I.S. Co., Ltd.","9603.T","563992842","7.63423","Japan"
"7462","THG (The Hut Group)","THG.L","563804600","0.355297","United Kingdom"
"7463","FrontView REIT","FVR","563353344","18.64","United States"
"7464","Pepper Money Limited","PPM.AX","562978952","1.25278","Australia"
"7465","Titan Machinery","TITN","562906880","23.92","United States"
"7466","Forward Air","FWRD","561100160","16.61","United States"
"7467","Sekisui Jushi Corporation","4212.T","560790193","18.7013","Japan"
"7468","S Foods Inc.","2292.T","560558070","17.6981","Japan"
"7469","Bukalapak.com","BUKA.JK","560504335","0.00610347","Indonesia"
"7470","Krispy Kreme","DNUT","560404992","3.23","United States"
"7471","NioCorp Developments","NB","559782144","3.845","United States"
"7472","Alpen Co.,Ltd.","3028.T","559127876","14.9102","Japan"
"7473","BrainsWay","BWAY","558086784","13.88","Israel"
"7474","Tilray Brands","TLRY","557890560","4.055","Canada"
"7475","Fulgent Genetics","FLGT","557872512","20.275","United States"
"7476","Iwaki Co.","6237.T","557766198","25.1435","Japan"
"7477","Qatar General Insurance & Reinsurance Company","QGRI.QA","557734982","0.637363","Qatar"
"7478","Ethan Allen","ETD","556219264","22.07","United States"
"7479","REGENXBIO","RGNX","556161152","8.425","United States"
"7480","Kameda Seika","2220.T","555782058","8.78719","Japan"
"7481","Hollywood Bowl Group","BOWL.L","555644881","3.33514","United Kingdom"
"7482","Marshalls plc","MSLH.L","555468619","2.19649","United Kingdom"
"7483","Schoeller-Bleckmann Oilfield Equipment","SBO.VI","555387587","35.2415","Austria"
"7484","Jindal Worldwide","JINDWORLD.NS","554925637","0.553485","India"
"7485","AS Merko Ehitus","MRK1T.TL","554923379","31.3516","Estonia"
"7486","Arabian Mills for Food Products","2285.SR","554756794","10.8108","Saudi Arabia"
"7487","Kyoei Steel","5440.T","554563015","12.7606","Japan"
"7488","Italtile","ITE.JO","554496400","0.474286","South Africa"
"7489","Plus Alpha Consulting","4071.T","554236657","13.2101","Japan"
"7490","Pangaea Logistics Solutions","PANL","554235520","8.465","United States"
"7491","ARGO GRAPHICS","7595.T","553213397","8.05112","Japan"
"7492","init innovation in traffic systems","IXX.DE","552143815","50.5109","Germany"
"7493","Tatton Asset Management","TAM.L","551956503","9.09214","United Kingdom"
"7494","XMax Inc.","XMAX","551675264","8.55","United States"
"7495","Standard Lithium","SLI","551562560","2.235","Canada"
"7496","IFB Industries","IFBIND.NS","551376214","13.6079","India"
"7497","Tallink Grupp","T5N.F","551233904","0.712959","Estonia"
"7498","Delcath Systems","DCTH","551190400","15.885","United States"
"7499","SiteMinder","SDR.AX","550764596","1.94558","Australia"
"7500","Gulf Oil Lubricants","GULFOILLUB.NS","550173180","11.1022","India"
"7501","SD BioSensor","137310.KS","550104783","4.5988","South Korea"
"7502","Contineum Therapeutics","CTNM","550024704","14.6201","United States"
"7503","3D Systems","DDD","549946624","3.31","United States"
"7504","The Rank Group","RNK.L","548725893","1.17846","United Kingdom"
"7505","Vastned Belgium NV","VASTB.BR","548606574","32.8031","Belgium"
"7506","Kelly Services","KELYA","548070080","15.78","United States"
"7507","Boohoo Group","DEBS.L","548030734","0.348397","United Kingdom"
"7508","Ooredoo Oman","ORDS.OM","547807625","0.841558","Oman"
"7509","Qualitas Limited","QAL.AX","547493745","1.81635","Australia"
"7510","Western Copper and Gold","WRN","547344512","2.42","Canada"
"7511","Arvinas","ARVN","546817216","8.475","United States"
"7512","Nat Games (Nexon Games)","225570.KQ","546488727","8.68994","South Korea"
"7513","TRE Holdings Corporation","9247.T","546456394","11.6207","Japan"
"7514","Cineplex","CGX.TO","545717087","8.66179","Canada"
"7515","Nextensa","NEXTA.BR","545498687","53.977","Belgium"
"7516","Nichols plc","NICL.L","544342226","14.883","United Kingdom"
"7517","Ryobi Limited","5851.T","544320120","17.1119","Japan"
"7518","Addiko Bank","ZYE1.F","544214526","28.2164","Austria"
"7519","MSTC Limited","MSTCLTD.NS","544211001","7.73027","India"
"7520","Quess","QUESS.NS","544131258","3.64245","India"
"7521","RaySearch Laboratories AB","RAY-B.ST","543808721","18.2462","Sweden"
"7522","PZ Cussons plc","PZC.L","543682959","1.29211","United Kingdom"
"7523","Garofalo Health Care","GHC.MI","543368376","6.1542","Italy"
"7524","E7 Group PJSC","E7.AE","542973542","0.26","United Arab Emirates"
"7525","CJ ENM CO., Ltd.","035760.KQ","542629800","26.1295","South Korea"
"7526","Home Bancorp","HBCP","542412736","68.915","United States"
"7527","CSB Bank","CSBBANK.NS","542278627","3.19971","India"
"7528","BMC Minerals","BMC.AX","542220878","1.9743","Canada"
"7529","Equasens","EQS.PA","541976161","36.0543","France"
"7530","i3 Verticals","IIIV","541920896","15.58","United States"
"7531","Gujarat Alkalies and Chemicals","GUJALKALI.NS","541899037","7.37911","India"
"7532","Inghams Group","ING.AX","541682560","1.45739","Australia"
"7533","Heimar","HEIMAR.IC","541052369","0.278954","Iceland"
"7534","Bankwell Financial Group","BWFG","540778688","67.835","United States"
"7535","Bouvet","BOUV.OL","540734094","5.28251","Norway"
"7536","Verra Mobility","VRRM","540298880","3.555","United States"
"7537","SEALSQ","LAES","540226944","2.425","Switzerland"
"7538","Invictus Investment Company","INVICTUS.AE","539736998","0.48","United Arab Emirates"
"7539","SandRidge Energy","SD","539445568","14.55","United States"
"7540","eDreams ODIGEO","EDR.MC","538653058","5.37622","Spain"
"7541","Wickes Group","WIX.L","537922007","2.44622","United Kingdom"
"7542","York Water","YORW","537490560","33.12","United States"
"7543","MTY Food Group","MTY.TO","537366231","23.526","Canada"
"7544","ATHEX  (Athens Stock Exchange)","EXAE.AT","536717935","9.27775","Greece"
"7545","Unitika Ltd.","3103.T","534924583","9.27821","Japan"
"7546","Snt Dynamics","003570.KS","534831364","21.4636","South Korea"
"7547","Restore plc","RST.L","534625067","4.05899","United Kingdom"
"7548","AMTD Digital","HKD","534274912","1.7","Hong Kong"
"7549","Almawarid Manpower Company","1833.SR","533617350","26.6809","Saudi Arabia"
"7550","Laurent-Perrier","LPE.PA","533191469","92.8936","France"
"7551","Simona","SIM0.F","532977257","88.8295","Germany"
"7552","Chiron Real Estate","XRN","532868256","36.8","United States"
"7553","Porvair plc","PRV.L","532309213","11.5275","United Kingdom"
"7554","Sinko Industries","6458.T","532279904","7.92736","Japan"
"7555","Hokkaido Gas","9534.T","532241751","6.02531","Japan"
"7556","Teamshares","TMS","530723968","7.205","United States"
"7557","Alujain Corporation","2170.SR","529203557","7.64745","Saudi Arabia"
"7558","Euroseas","ESEA","529153568","75","Greece"
"7559","Sierra Bancorp","BSRR","529101024","40.815","United States"
"7560","Intrepid Potash","IPI","528847264","39.3","United States"
"7561","Vetropack","VETN.SW","528017072","26.6352","Switzerland"
"7562","VRL Logistics","VRLLOG.NS","527887064","3.01758","India"
"7563","Mastek","MASTEK.NS","527796433","17.0222","India"
"7564","Nueva Expresión Textil","NXT.MC","526624781","1.22387","Spain"
"7565","Puravankara","PURVA.NS","526375952","2.21959","India"
"7566","Nexxen","NEXN","526231232","9.24","Israel"
"7567","Tamdeen Real Estate Company","TAM.KW","525116183","1307.89","Kuwait"
"7568","Oman Cement Company","OCOI.OM","525099301","1.58701","Oman"
"7569","Deutsche Pfandbriefbank","PBB.DE","524972129","3.90386","Germany"
"7570","Aurelia Metals","AMI.AX","524952135","0.305119","Australia"
"7571","Sligro Food","SLIGR.AS","524500563","11.8904","Netherlands"
"7572","Flushing Financial Corp","FFIC","524179680","15.47","United States"
"7573","Boiron","BOI.PA","524174618","30.1904","France"
"7574","Vadilal Industries","VADILALIND.NS","523664335","72.8543","India"
"7575","Cenomi Retail (Fawaz Abdulaziz Al Hokair &amp; Company)","4240.SR","523485326","4.56131","Saudi Arabia"
"7576","Nyab AB","NYAB.ST","523282640","0.735217","Sweden"
"7577","Strike Company","6196.T","523101090","9.08031","Japan"
"7578","Happiest Minds Technologies","HAPPSTMNDS.NS","522708330","3.47865","India"
"7579","Oula Fuel Marketing Company","OULAFUEL.KW","522534161","1174.17","Kuwait"
"7580","MOIL","MOIL.NS","521662465","2.56364","India"
"7581","Perfect Presentation for Commercial Services CompanyPerfect Presentation for Commercial Services","7204.SR","521634942","1.73878","Saudi Arabia"
"7582","Ellaktor","ELLAKTOR.AT","521176197","1.50023","Greece"
"7583","Quad","QUAD","521045696","10.125","United States"
"7584","NIPPON PARKING DEVELOPMENT","2353.T","520952224","1.68057","Japan"
"7585","AlTi Global","ALTI","520851008","3.34","United States"
"7586","Concrete Pumping Holdings","BBCP","520564032","10.33","United States"
"7587","Bank7","BSVN","520397536","54.63","United States"
"7588","Martinrea International","MRE.TO","520312888","7.43572","Canada"
"7589","Columbus McKinnon","CMCO","520133696","18.02","United States"
"7590","Brandywine Realty Trust","BDN","519874816","3.01","United States"
"7591","PostNL","PNL.AS","519779300","1.00615","Netherlands"
"7592","CARE's Ratings","CARERATING.NS","519770091","17.2755","India"
"7593","Ur-Energy","URG","519212128","1.305","United States"
"7594","Evolus","EOLS","519156480","7.86","United States"
"7595","RENOVA, Inc.","9519.T","518750102","5.7387","Japan"
"7596","Kid ASA","KID.OL","518623914","12.7598","Norway"
"7597","Valhi","VHI","518277792","18.3","United States"
"7598","Daiwa Industries","6459.T","517903416","10.5459","Japan"
"7599","Industrial Logistics Properties Trust","ILPT","517614304","7.755","United States"
"7600","Tidewater Renewables","LCFS.TO","517256276","14.1574","Canada"
"7601","Wabash National","WNC","516954688","12.69","United States"
"7602","IBEX","IBEX","516819872","38.6","United States"
"7603","Veradigm","MDRX","516615808","4.74","United States"
"7604","Ovid Therapeutics","OVID","516562816","2.645","United States"
"7605","Oil States International","OIS","516361664","8.56","United States"
"7606","Carriage Services","CSV","516333408","32.51","United States"
"7607","Kappa Create","7421.T","515965381","10.4547","Japan"
"7608","MapmyIndia","MAPMYINDIA.NS","515905291","9.69018","India"
"7609","Methode Electronics","MEI","515427456","14.46","United States"
"7610","ASP Isotopes","ASPI","515119488","3.36","United States"
"7611","PDS Multinational","PDSL.NS","514746339","3.64455","India"
"7612","Climb Global Solutions","CLMB","513914048","27.54","United States"
"7613","The Pack Corporation","3950.T","513462194","9.47114","Japan"
"7614","Aurelius Group","AR4.DE","513292829","19.24","Germany"
"7615","Abacus Group","ABG.AX","513264519","0.574341","Australia"
"7616","Orange County Bancorp","OBT","513256800","38.28","United States"
"7617","The Oncology Institute","TOI","512912480","5.13","United States"
"7618","Heidelberger Druckmaschinen","HDD.DE","511769165","1.68159","Germany"
"7619","Aeris Resources","AIS.AX","511768935","0.341015","Australia"
"7620","Eslead Corporation","8877.T","511567114","33.1555","Japan"
"7621","One Liberty Properties","OLP","511266080","23.345","United States"
"7622","Interloop","ILP.PK","510692138","0.364335","Pakistan"
"7623","Smartoptics Group","SMOP.OL","510542805","5.2072","Norway"
"7624","ARKO Corp.","ARKO","510445056","4.55","United States"
"7625","Rieter Holding","RIEN.SW","509836724","3.7498","Switzerland"
"7626","Ion Beam Applications","IBAB.BR","509181622","17.5337","Belgium"
"7627","Société Fermière du Casino Municipal de Cannes","FCMC.PA","508947901","3228.05","France"
"7628","Argosy Property","ARG.NZ","508921178","0.582309","New Zealand"
"7629","Amper, S.A.","AMP.MC","508842672","5.1556","Spain"
"7630","Jacquet Metals","JCQ.PA","508786675","25.0813","France"
"7631","ChoiceOne Financial Services","COFS","507515584","33.935","United States"
"7632","Belships ASA","BELCO.OL","506976420","2.00572","Norway"
"7633","Osaka Steel","5449.T","506700815","16.936","Japan"
"7634","Premium Water Holdings","2588.T","506076379","23.3522","Japan"
"7635","Gray Media","GTN","505653312","4.91","United States"
"7636","TOKAI Corp.","9729.T","505560747","16.3693","Japan"
"7637","Air Astana","7YH.F","505338909","5.71296","Kazakhstan"
"7638","Sygnity","SGN.WA","504953713","22.1893","Poland"
"7639","IVU Traffic Technologies","IVU.DE","504908069","29.2615","Germany"
"7640","Calfrac Well Services","CFW.TO","504512819","4.99802","Canada"
"7641","Teikoku Sen-i Co., Ltd.","3302.T","504101951","19.6718","Japan"
"7642","NAGAWA Co., Ltd.","9663.T","503769082","32.5041","Japan"
"7643","American Integrity Insurance Group","AII","503747008","25.71","United States"
"7644","eGuarantee","8771.T","503369725","11.3146","Japan"
"7645","TAT Technologies","TATT","503027904","38.7","Israel"
"7646","BEWi ASA","BEWI.OL","502826356","2.12592","Norway"
"7647","Electrosteel Castings","ELECTCAST.NS","502234546","0.812435","India"
"7648","Tactile Medical","TCMD","502201184","22.17","United States"
"7649","Gaotu Techedu","GOTU","501844192","2.135","China"
"7650","Kura Sushi USA","KRUS","501788224","41.3","United States"
"7651","Autolus Therapeutics","AUTL","501716384","1.885","United Kingdom"
"7652","Texmaco Rail &amp; Engineering","TEXRAIL.NS","501703104","1.2331","India"
"7653","Jaguar Mining","JAG.TO","501094731","5.87237","Canada"
"7654","Abu Dhabi Ship Building","ADSB.AE","500991200","2.36","United Arab Emirates"
"7655","Yamae Group Holdings","7130.T","500445943","18.0238","Japan"
"7656","AMC Networks","AMCX","500362176","12.13","United States"
"7657","Shofu Inc.","7979.T","500275239","14.0569","Japan"
"7658","Bénéteau","BEN.PA","500182532","6.30516","France"
"7659","Faysal Bank","FABL.PK","500147526","0.329544","Pakistan"
"7660","Forward Industries","FWDI","499943392","6.77","United States"
"7661","ARS Pharmaceuticals","SPRY","499722912","5.025","United States"
"7662","Citi Trends, Inc.","CTRN","499532896","59.9","United States"
"7663","MasterCraft Boat","MCFT","499381088","20.435","United States"
"7664","Priority Technology Holdings","PRTH","499176416","6.055","United States"
"7665","Artiva Biotherapeutics","ARTV","499168128","10.21","United States"
"7666","Phoenix Mecano","PMN.SW","498002054","542.524","Switzerland"
"7667","Cerus Corporation","CERS","497766496","2.47","United States"
"7668","Zura Bio","ZURA","497353216","5.19","United States"
"7669","West Bancorporation","WTBA","497181344","29.1709","United States"
"7670","Gravity Co.","GRVY","496915840","71.51","South Korea"
"7671","Coor Service Management Holding AB","COOR.ST","496468622","5.225","Sweden"
"7672","NetDragon Websoft","0777.HK","495762780","0.942335","China"
"7673","Birla Carbon (Thailand)","BCT.BK","495755014","1.65252","Thailand"
"7674","Deutsche Rohstoff","DR0.DE","495579020","103.46","Germany"
"7675","Grenevia","GEA.WA","495293297","0.861864","Poland"
"7676","Shamal Az-Zour Al-Oula Power and Water Company","AZNOULA.KW","495107625","450.098","Kuwait"
"7677","Quadient","QDT.PA","494386935","14.5843","France"
"7678","Bourrelier Group","ALBOU.PA","494375305","79.6563","France"
"7679","The Elmet Group","ELMT","494357632","16.23","United States"
"7680","Dutch Lady Milk Industries","3026.KL","494001986","7.71878","Malaysia"
"7681","Mayville Engineering Company","MEC","493686432","19.36","United States"
"7682","West Coast Paper Mills","WSTCSTPAPR.NS","493465660","7.47122","India"
"7683","Kaufman &amp; Broad","KOF.PA","493455583","25.1393","France"
"7684","Entera Bio","ENTX","493454176","2.85","Israel"
"7685","Ponce Financial Group","PDLB","492707552","20.37","United States"
"7686","Hektaş","HEKTS.IS","492685204","0.0584443","Turkey"
"7687","Al-Yamamah Steel Industries Company","1304.SR","492105985","9.68713","Saudi Arabia"
"7688","Malibu Boats","MBUU","492029984","25.005","United States"
"7689","Novavest Real Estate AG","NREN.SW","491873267","48.3608","Switzerland"
"7690","Eshraq Investments","ESHRAQ.AE","491304474","0.18","United Arab Emirates"
"7691","Mitsubishi Research Institute","3636.T","491200107","31.1688","Japan"
"7692","Foseco India","FOSECOIND.NS","491115240","64.8367","India"
"7693","PolyNovo","PNV.AX","491014124","0.710747","Australia"
"7694","Eagle Point Credit Company","ECC","490144608","3.685","United States"
"7695","NVE Corporation","NVEC","490005024","101.3","United States"
"7696","Esprinet","PRT.MI","490004399","9.91059","Italy"
"7697","Capricor Therapeutics","CAPR","489820992","8.425","United States"
"7698","Caledonia Mining","CMCL","489757568","25.33","Jersey"
"7699","Vital KSK Holdings","3151.T","489484375","10.2333","Japan"
"7700","Idaho Strategic Resources","IDR","489266048","30.915","United States"
"7701","First Foundation","FFWM","489265120","5.9","United States"
"7702","Voltamp Energy","VOES.OM","488311700","0.488312","Oman"
"7703","Cabaletta Bio","CABA","488290880","2.88","United States"
"7704","Surya Roshni","SURYAROSNI.NS","488097602","2.24273","India"
"7705","Kintetsu Department Store","8244.T","487571100","12.0897","Japan"
"7706","Farmers &amp; Merchants Bancorp","FMAO","487225600","35.375","United States"
"7707","Electra Real Estate","ELCRE.TA","486897469","7.08298","Israel"
"7708","Sappi","SAP.JO","486659600","0.801637","South Africa"
"7709","Hansen Technologies","HSN.AX","486445721","2.37634","Australia"
"7710","Hangzhou Electronic Soul Network Technology","603258.SS","485428003","1.99958","China"
"7711","Universal Logistics Holdings","ULH","485035776","18.395","United States"
"7712","Medistim","MEDI.OL","483880336","26.4664","Norway"
"7713","Altshuler Shaham Finance","ALTF.TA","483811578","2.4358","Israel"
"7714","Samty Residential Investment Corporation","3459.T","483244178","566.705","Japan"
"7715","Natural Gas Services Group","NGS","483040768","37.45","United States"
"7716","Mitsubishi Kakoki Kaisha","6331.T","483018032","21.2026","Japan"
"7717","Bank of Jerusalem","JBNK.TA","482717718","6.84534","Israel"
"7718","Eikon Therapeutics","EIKN","482610432","8.91","United States"
"7719","Opus Genetics","IRD","482544096","5.8001","United States"
"7720","Greenlight Re","GLRE","481786240","14.76","Cayman Islands"
"7721","goeasy","GSY.TO","481530331","30.0314","Canada"
"7722","Wing On Company International","0289.HK","481338880","1.67045","Hong Kong"
"7723","Armah Sports","9590.SR","481228626","14.6452","Saudi Arabia"
"7724","Cogent Communications","CCOI","480915776","9.39","United States"
"7725","Malteries Franco-Belges","MALT.PA","480894840","969.577","France"
"7726","Metall Zug AG","METN.SW","480853180","1076.46","Switzerland"
"7727","Subros","SUBROS.NS","480528147","7.36602","India"
"7728","Plastika Kritis","PLAKR.AT","480057980","17.5337","Greece"
"7729","PayPoint","PAY.L","479546402","8.13151","United Kingdom"
"7730","Tokmanni","TOKMAN.HE","479538890","8.25012","Finland"
"7731","HEG","HEG.NS","479111053","2.48273","India"
"7732","Miahona Company","2084.SR","479070026","2.97697","Saudi Arabia"
"7733","Titan International","TWI","478258816","7.41","United States"
"7734","Dawood Hercules Corporation","DAWH.PK","478160545","0.993504","Pakistan"
"7735","GPI S.p.A.","GPI.MI","477673771","16.5351","Italy"
"7736","Nippon Chemi-Con Corporation","6997.T","477094055","17.418","Japan"
"7737","NeuroPace","NPCE","476077664","13.87","United States"
"7738","Electra Consumer Products","ECP.TA","476042310","20.7935","Israel"
"7739","Combined Group Contracting Company","CGC.KW","475897188","2785.39","Kuwait"
"7740","Eiken Chemical","4549.T","475848011","14.4347","Japan"
"7741","Sunlight REIT","0435.HK","475045217","0.270332","Hong Kong"
"7742","Evolent Health","EVH","474849184","4.2","United States"
"7743","Wirtualna Polska (WP Holding)","WPL.WA","474322490","15.9301","Poland"
"7744","Oxford Industries","OXM","474062368","31.65","United States"
"7745","PTC India","PTC.NS","473353031","1.59912","India"
"7746","Sea1 Offshore","SEA1.OL","473277351","3.08236","Norway"
"7747","Shoe Carnival","SCVL","473247296","17.43","United States"
"7748","Aston Martin","AML.L","473199136","0.466243","United Kingdom"
"7749","OBOOK Holdings Inc. (OwlTing)","OWLS","472574880","5.3499","Taiwan"
"7750","Hexagon Composites","HEX.OL","472217788","1.41815","Norway"
"7751","The Tinplate Company Of India","TINPLATE.NS","472008948","4.50597","India"
"7752","Bally's Corporation","BALY","471890016","9.35","United States"
"7753","Tullow Oil","TLW.L","471458988","0.311189","United Kingdom"
"7754","Ataa Educational Company","4292.SR","471358908","11.1996","Saudi Arabia"
"7755","SThree","STEM.L","471297710","3.89663","United Kingdom"
"7756","ATN International","ATNI","470880608","30.57","United States"
"7757","Johnson Outdoors","JOUT","470851584","44.93","United States"
"7758","Wajax Corporation","WJX.TO","470690695","21.6112","Canada"
"7759","GB Group (GBG)","GBG.L","470684164","2.05656","United Kingdom"
"7760","Shui On Land","0272.HK","469815351","0.0586569","China"
"7761","Acinque","AC5.MI","469800552","2.39201","Italy"
"7762","Bumble","BMBL","469609408","3.065","United States"
"7763","Kvika banki","KVIKA.IC","469050536","0.102117","Iceland"
"7764","Farmland Partners","FPI","468885888","10.675","United States"
"7765","Summit Midstream","SMC","468505184","33.99","United States"
"7766","Commercial Bancgroup","CBK","468172384","34.17","United States"
"7767","Relmada Therapeutics","RLMD","467213952","4.38","United States"
"7768","Vogenx","VOGX","467192512","31.45","United States"
"7769","RPG Life Sciences","RPGLIFE.NS","467157070","28.2458","India"
"7770","Huya","HUYA","467008672","2.045","China"
"7771","Fauji Cement Company","FCCL.PK","466880210","0.190342","Pakistan"
"7772","One REIT, Inc.","3290.T","466796357","479.419","Japan"
"7773","Immobiliare Grande Distribuzione SIIQ","IGD.MI","466377793","4.22666","Italy"
"7774","Calavo Growers","CVGW","466334752","26.09","United States"
"7775","Strata Critical Medical","SRTA","466255456","5.2704","United States"
"7776","National Cement Company P.S.C.","NCC.AE","465974022","1.2987","United Arab Emirates"
"7777","Citizens &amp; Northern Corp","CZNC","465230496","25.94","United States"
"7778","NRC Health","NRC","464842656","21.015","United States"
"7779","Dingdong Maicai","DDL","464646368","2.125","China"
"7780","El Pollo Loco","LOCO","464406624","15.26","United States"
"7781","Medley, Inc.","4480.T","464182606","15.3597","Japan"
"7782","The Gym Group","GYM.L","464037854","2.67893","United Kingdom"
"7783","MPS Limited","MPSLTD.NS","463477872","27.3027","India"
"7784","Groupe SAMSE","SAMS.PA","463456251","137.599","France"
"7785","Zamil Industrial Investment Company","2240.SR","463320454","7.72201","Saudi Arabia"
"7786","Luxfer","LXFR","462936800","17.305","United Kingdom"
"7787","Aduro Clean Technologies","ADUR","462891136","13.06","Canada"
"7788","Avacta Group","AVCT.L","462779328","0.987688","United Kingdom"
"7789","Pareto Bank","PARB.OL","462603473","6.02486","Norway"
"7790","Fiducial Real Estate","ORIA.PA","462505838","191.593","France"
"7791","Patrimoine et Commerce SA","PAT.PA","462392545","28.4487","France"
"7792","Qatar National Cement Company","QNCD.QA","462317877","0.707418","Qatar"
"7793","Lubawa","LBW.WA","462211469","3.07587","Poland"
"7794","Puma Biotechnology","PBYI","461999552","8.95","United States"
"7795","Global Dominion Access","DOM.MC","461610269","3.0771","Spain"
"7796","Kaiser (China) Culture","002425.SZ","461446182","0.482349","China"
"7797","Komax Holding","KOMN.SW","461098499","89.9707","Switzerland"
"7798","Flat Capital AB","FLAT-B.ST","461091901","0.925734","Sweden"
"7799","Nederman Holding","NMAN.ST","460993088","13.1554","Sweden"
"7800","Select Harvests Limited","SHV.AX","460889279","3.2881","Australia"
"7801","Union Properties","UPP.AE","460642100","0.161181","United Arab Emirates"
"7802","MBM Resources","5983.KL","460263507","1.17748","Malaysia"
"7803","Automated Systems Company KPSC","ASC.KW","460207847","4602.09","Kuwait"
"7804","KKR Real Estate Finance Trust","KREF","460069504","7.155","United States"
"7805","Senseonics Holdings","SENS","460004256","8.7","United States"
"7806","Gree","3632.T","459950827","2.67719","Japan"
"7807","Wall Financial Corporation","WFC.TO","459770192","14.4171","Canada"
"7808","HelloFresh","HFG.DE","459514328","3.17","Germany"
"7809","Soft-World International","5478.TWO","459440926","3.06646","Taiwan"
"7810","EVS Broadcast Equipment","EVS.BR","458857971","34.1319","Belgium"
"7811","Kamada","KMDA","458219808","7.94","Israel"
"7812","National Petroleum Services Company","NAPESCO.KW","458182798","5071.75","Kuwait"
"7813","Frontera Energy","FEC.TO","457824551","6.46929","Canada"
"7814","Hampiðjan","HAMP.IC","457749792","0.730594","Iceland"
"7815","Chorus Aviation","CHR.TO","456926368","20.2445","Canada"
"7816","Jadwa Investment - Jadwa Reit Saudi Fund","4342.SR","456900549","2.44974","Saudi Arabia"
"7817","M1 Kliniken AG","M12.DE","456767798","24.6168","Germany"
"7818","The Westaim Corporation","WED.V","456511687","13.7319","Canada"
"7819","Prothena","PRTA","456385728","8.89","Ireland"
"7820","Sight Sciences","SGHT","456128544","8.28","United States"
"7821","Stabilus","STM.DE","456026469","18.4626","Luxembourg"
"7822","Colony Bankcorp","CBAN","455625664","21.47","United States"
"7823","ATOM Corporation","7412.T","455418090","2.35801","Japan"
"7824","Lifedrink Company","2585.T","455283886","8.77416","Japan"
"7825","AMERISAFE","AMSF","454040768","24.495","United States"
"7826","Villeroy &amp; Boch","VIB3.DE","453890510","16.9531","Germany"
"7827","EMX Royalty","EMX","453291424","4.16","Canada"
"7828","Kyverna Therapeutics","KYTX","452384800","7.315","United States"
"7829","29Metals","29M.AX","452313582","0.258454","Australia"
"7830","Alight","ALIT","452080320","12.28","United States"
"7831","Ginkgo Bioworks","DNA","451516576","6.705","United States"
"7832","Meier Tobler Group","MTG.SW","451178228","41.794","Switzerland"
"7833","Revenio","REG1V.HE","450620988","15.49","Finland"
"7834","RBB Bancorp","RBB","450302976","26.62","United States"
"7835","Group Five Pipe Saudi Company","9523.SR","449580606","16.0565","Saudi Arabia"
"7836","Eightco Holdings","ORBS","449117376","1.045","United States"
"7837","Consolidated Water","CWCO","449000736","28.04","Cayman Islands"
"7838","Nuix Limited","NXL.AX","448880124","1.30663","Australia"
"7839","Plasson Industries","PLSN.TA","448752048","46.9998","Israel"
"7840","Bank of Marin Bancorp","BMRC","448742592","27.71","United States"
"7841","kneat.com","FOBK.F","448545670","4.64468","Ireland"
"7842","AdvanSix","ASIX","447949664","16.59","United States"
"7843","Panoro Energy ASA","PEN.OL","447707537","3.36747","United Kingdom"
"7844","Locaweb","LWSA3.SA","447539101","0.791515","Brazil"
"7845","Acacia Research","ACTG","447435520","4.585","United States"
"7846","Gulf Medical Projects Company","GMPC.AE","447181475","0.64","United Arab Emirates"
"7847","John Mattson Fastighetsföretagen","JOMA.ST","446791106","6.03044","Sweden"
"7848","Raisio plc","RAIVV.HE","446463961","2.82164","Finland"
"7849","Algoma Steel","ASTL","446419712","4.225","Canada"
"7850","Gooch &amp; Housego","GHH.L","446241723","16.3036","United Kingdom"
"7851","VIP Industries","VIPIND.NS","446203848","3.14109","India"
"7852","Charming Medical","MCTA","445550176","29.355","Hong Kong"
"7853","Spire Global","SPIR","445520416","11.39","United States"
"7854","Leonteq","LEON.SW","445342297","25.1623","Switzerland"
"7855","Medmix","MEDX.SW","444853799","10.6664","Switzerland"
"7856","Servcorp Limited","SRV.AX","444511224","4.39371","Australia"
"7857","HOMAG Group","HG1.F","444481202","28.3326","Germany"
"7858","Nouveau Monde Graphite","NMG","444361728","1.35","Canada"
"7859","Groupe Guillin","ALGIL.PA","444297495","24.0362","France"
"7860","Virgin Galactic","SPCE","444176000","2.93","United States"
"7861","Kalyani Steels","KSL.NS","443708392","10.1397","India"
"7862","JM Holdings Co.,Ltd.","3539.T","443460504","8.70251","Japan"
"7863","Chofu Seisakusho","5946.T","443182384","13.0342","Japan"
"7864","Sunteck Realty","SUNTECK.NS","442647093","3.01444","India"
"7865","Redwood Trust","RWT","442155744","3.52","United States"
"7866","AIC Mines Limited","A1M.AX","441958070","0.552803","Australia"
"7867","Multiconsult","MULTI.OL","441870982","16.0304","Norway"
"7868","Materialise NV","MTLS","441207360","7.635","Belgium"
"7869","Commercial Facilities Company S.A.K.P.","FACIL.KW","441056693","870.841","Kuwait"
"7870","Pioneer Bancorp","PBFS","440796832","18.23","United States"
"7871","Xerox","XRX","440678368","3.3559","United States"
"7872","sterling &amp; wilson solar","SWSOLAR.NS","440536200","1.88633","India"
"7873","Luceco plc","LUCE.L","440116998","2.99012","United Kingdom"
"7874","Caleres","CAL","439593376","12.74","United States"
"7875","Canopy Growth","CGC","439418016","0.924","Canada"
"7876","Lindex Group","LINDEX.HE","439282019","2.6765","Finland"
"7877","Gladstone Capital Corporation","GLAD","439209248","19.44","United States"
"7878","Advantage Solutions","ADV","439143072","33.03","United States"
"7879","Guardian Metal Resources","GMTL","438943776","11.04","United Kingdom"
"7880","CompX International","CIX","438568160","35.55","United States"
"7881","American Coastal Insurance Corporation","ACIC","438424736","9.275","United States"
"7882","Tejon Ranch","TRC","438422944","16.225","United States"
"7883","adesso SE","ADN1.DE","438202409","68.3929","Germany"
"7884","Foster Electric Company","6794.T","437592396","19.4764","Japan"
"7885","BSR Real Estate Investment Trust","HOM-UN.TO","437359921","11.2546","Canada"
"7886","Real Brokerage Inc.","REAX","436869024","20.045","Canada"
"7887","Phnom Penh Autonomous Port","PPAP.KH","436847550","3.82","Cambodia"
"7888","Ismail Industries","ISIL.PK","436423590","6.57691","Pakistan"
"7889","Millat Tractors","MTL.PK","436259338","1.09329","Pakistan"
"7890","CPH Group AG","CPHN.SW","435622657","72.6639","Switzerland"
"7891","Soltec Power Holdings","SOL.MC","434718006","0.95216","Spain"
"7892","Djurslands Bank A/S","DJUR.CO","434098111","164.62","Denmark"
"7893","Atea Pharmaceuticals","AVIR","433907392","5.41","United States"
"7894","Boss Energy","BOE.AX","433685212","1.04458","Australia"
"7895","Vitru","VTRU3.SA","433426997","2.90288","Brazil"
"7896","Marimekko","MEKKO.HE","433328020","10.6828","Finland"
"7897","Plumas Bancorp","PLBC","433198752","62.25","United States"
"7898","Global Indemnity","GBLI","431898112","29.5","Cayman Islands"
"7899","Axactor ASA","ACR.OL","431666038","0.535782","Norway"
"7900","S4 Capital","SFOR.L","431535101","0.648086","United Kingdom"
"7901","Cooper Standard","CPS","431258688","24.27","United States"
"7902","Van de Velde","VAN.BR","431137439","34.719","Belgium"
"7903","EVgo","EVGO","430855072","1.3699","United States"
"7904","Havertys","HVT","430773920","27.625","United States"
"7905","Network18","NETWORK18.NS","430658898","0.278836","India"
"7906","Semperit","SEM.VI","430006775","20.9011","Austria"
"7907","JCI Hitachi India","JCHAC.NS","429941645","15.7544","India"
"7908","Linc AB","LINC.ST","429593983","7.42446","Sweden"
"7909","Tera Light","TRLT.TA","429552006","5.4426","Israel"
"7910","FRP Holdings","FRPH","429464032","22.3699","United States"
"7911","Rimini Street","RMNI","429437600","4.6","United States"
"7912","Maruzen","5982.T","429360588","26.9999","Japan"
"7913","Glarner Kantonalbank","GLKBN.SW","429171085","31.7905","Switzerland"
"7914","Unimot","UNT.WA","428992957","52.3301","Poland"
"7915","TKM Grupp AS","TKM1T.TL","428952432","10.5318","Estonia"
"7916","eQ Oyj","EQV1V.HE","428880904","10.3576","Finland"
"7917","Cross Country Healthcare","CCRN","428060928","13.25","United States"
"7918","McBride","MCB.L","427710081","2.51928","United Kingdom"
"7919","Deep Fission, Inc.","FISN","427068032","7.25","United States"
"7920","International Money Express","IMXI","427041376","14.135","United States"
"7921","USCB Financial Holdings","USCB","427037376","23.115","United States"
"7922","IGG Inc","0799.HK","427019273","0.387645","Singapore"
"7923","Alantra Partners","ALNT.MC","426653166","11.2634","Spain"
"7924","Tide Water Oil","TIDEWATER.NS","426582649","25.0972","India"
"7925","Weyco Group","WEYS","426499136","44.655","United States"
"7926","Symphony Limited","SYMPHONY.NS","425979752","6.20316","India"
"7927","Carvolix","CVX.PA","424921963","6.82768","France"
"7928","Independent Petroleum Group K.S.C.P.","IPG.KW","424904390","2351.6","Kuwait"
"7929","ECARX Holdings","ECX","424430176","1.08","China"
"7930","eMudhra","EMUDHRA.NS","424257922","5.17113","India"
"7931","Skycity Entertainment Group","SKC.NZ","423930798","0.384324","New Zealand"
"7932","Enento Group","ENENTO.HE","423912878","17.9052","Finland"
"7933","Brunel International","BRNL.AS","423726645","8.41849","Netherlands"
"7934","Mears Group plc","MER.L","423637798","5.3714","United Kingdom"
"7935","Attica Holdings","ATTICA.AT","423532646","1.74176","Greece"
"7936","eREX Co.,Ltd.","9517.T","422694673","5.4065","Japan"
"7937","Investar Holding","ISTR","422541376","30.67","United States"
"7938","Emeco Holdings","EHL.AX","422395960","0.814847","Australia"
"7939","Topy Industries","7231.T","422391500","19.5416","Japan"
"7940","Ibstock plc","IBST.L","422219858","1.06887","United Kingdom"
"7941","Nichireki Group","5011.T","422051988","14.832","Japan"
"7942","Plaza Retail REIT","PLZ-UN.TO","421849169","3.77916","Canada"
"7943","YouGov plc","YOU.L","421338136","3.59627","United Kingdom"
"7944","Arbonia","ARBN.SW","421245458","6.06351","Switzerland"
"7945","iHeartMedia","IHRT","421026528","2.72","United States"
"7946","Arcturus Therapeutics","ARCT","420945664","14.81","United States"
"7947","Computer Engineering &amp; Consulting","9692.T","420584947","13.7182","Japan"
"7948","Ascencio","ASCE.BR","420270184","60.8453","Belgium"
"7949","PensionBee Group","PBEE.L","420149318","1.7589","United Kingdom"
"7950","DFS Furniture","DFS.L","419738266","1.81302","United Kingdom"
"7951","Vital Farms","VITL","419440960","9.77","United States"
"7952","ShaMaran Petroleum","SNM.OL","419387467","0.145242","Bermuda"
"7953","Formycon AG","FYB.DE","419267023","23.7237","Germany"
"7954","Fujiya Co., Ltd.","2211.T","419074604","16.2586","Japan"
"7955","Saudi Fisheries Company","6050.SR","419035624","18.2532","Saudi Arabia"
"7956","PlayWay","PLW.WA","419029024","62.8606","Poland"
"7957","Magnera","MAGN","419012032","11.77","United States"
"7958","Benitec Biopharma","BNTC","418435808","12.18","United States"
"7959","TFF Group","TFF.PA","417891327","19.2754","France"
"7960","Boston Omaha","BOC","417855456","13.87","United States"
"7961","Home Invest Belgium","HOMI.BR","417693835","20.994","Belgium"
"7962","Star Group","SGU","417361952","12.7201","United States"
"7963","Community Healthcare Trust","CHCT","417199936","14.56","United States"
"7964","Austriacard Holdings","ACAG.VI","416919065","11.6117","Austria"
"7965","Hydratec Industries","HYDRA.AS","416579260","320.483","Netherlands"
"7966","Nexen Tire Corporation","002350.KS","416391340","4.33004","South Korea"
"7967","MARR S.p.A.","MARR.MI","415851791","6.6419","Italy"
"7968","The Okinawa Electric Power Company","9511.T","414653926","7.63423","Japan"
"7969","Borussia Dortmund","BVB.F","414619873","3.75639","Germany"
"7970","C4 Therapeutics","CCCC","414594688","3.37","United States"
"7971","Shenzhen Zqgame","300052.SZ","414506631","1.58294","China"
"7972","Bed Bath &amp; Beyond","BBBY","414399584","4.35","United States"
"7973","Murapol S.A.","MUR.WA","414299978","10.1544","Poland"
"7974","ClearPoint Neuro","CLPT","414094880","13.575","United States"
"7975","Lifestyle Communities Limited","LIC.AX","413404026","3.39579","Australia"
"7976","Selectirente","SELER.PA","413144016","99.2801","France"
"7977","SFC Energy AG","F3C.DE","413131234","23.7459","Germany"
"7978","Mahindra Logistics","MAHLOG.NS","412737933","4.15742","India"
"7979","Genie Energy","GNE","412691712","15.68","United States"
"7980","Essentra plc","ESNT.L","412664279","1.45582","United Kingdom"
"7981","Community Health Systems","CYH","412452384","2.925","United States"
"7982","Pro Real Estate Investment Trust","PRV-UN.TO","412327198","4.69511","Canada"
"7983","SRA Holdings","3817.T","412130222","30.5825","Japan"
"7984","Oatly","OTLY","411987232","12.91","Sweden"
"7985","Nel ASA","NEL.OL","411317568","0.223781","Norway"
"7986","Riso Kagaku Corporation","6413.T","411267260","6.5855","Japan"
"7987","Whitefield Industrials Limited","WHF.AX","411030480","3.38861","Australia"
"7988","Gladstone Land","LAND","410875840","9.525","United States"
"7989","CI&amp;T","CINT","410843680","3.21","Brazil"
"7990","Editas Medicine","EDIT","410826592","2.675","United States"
"7991","Melcor Developments","MRD.TO","410664089","13.7031","Canada"
"7992","Yü Group","YU.L","410400423","23.6774","United Kingdom"
"7993","Uzin Utz","UZU.DE","410012014","81.2819","Germany"
"7994","Aspen Aerogels","ASPN","409964608","4.94","United States"
"7995","Larimar Therapeutics","LRMR","409818176","3.945","United States"
"7996","Sohu.com","SOHU","409490752","13.62","China"
"7997","Aarti Drugs","AARTIDRUGS.NS","409348894","4.48503","India"
"7998","Heisco (Heavy Engineering Industries and Shipbuilding Company)","SHIP.KW","409328892","2064.58","Kuwait"
"7999","Marston's","MARS.L","408805878","0.64335","United Kingdom"
"8000","Parke Bancorp","PKBK","408593472","34.74","United States"
"8001","Mepco (Middle East Company for Manufacturing and Producing Paper)","1202.SR","408467572","4.71309","Saudi Arabia"
"8002","KYORIN Pharmaceutical","4569.T","408248548","7.10661","Japan"
"8003","KG Mobility (SsangYong Motor)","003620.KS","407928654","2.01571","South Korea"
"8004","Pacific Biosciences","PACB","407188256","1.31","United States"
"8005","Allergy Therapeutics","AGY.L","406974938","0.0642674","United Kingdom"
"8006","JCR Pharmaceuticals","4552.T","406937377","3.33509","Japan"
"8007","Turn Therapeutics","TTRX","406927232","13.4","United States"
"8008","Clearfield","CLFD","406907360","29.955","United States"
"8009","MVB Financial","MVBF","406665280","31.41","United States"
"8010","Filatex India","FILATEX.NS","406271107","0.914905","India"
"8011","TT Electronics","TTG.L","406047150","2.27574","United Kingdom"
"8012","Sjóvá-Almennar tryggingar","SJOVA.IC","406041098","0.349523","Iceland"
"8013","Vinh Hoan Corporation","VHC.VN","405638234","1.93665","Vietnam"
"8014","Bajaj Electricals","BAJAJELEC.NS","405082092","3.50952","India"
"8015","The Metals Royalty Company","TMCR","404484160","6","Canada"
"8016","Franchise Brands plc","FRAN.L","403718436","2.10729","United Kingdom"
"8017","PowerFleet","AIOT","403348896","3.005","United States"
"8018","RattanIndia Power","RTNPOWER.NS","403010855","0.0750471","India"
"8019","Avidia Bancorp","AVBC","402863392","21.81","United States"
"8020","Hamilton Beach Brands","HBB","402530624","29.945","United States"
"8021","Nathan's Famous","NATH","402524736","98.2328","United States"
"8022","Optimum Communications","OPTU","402410272","1.055","United States"
"8023","trivago","TRVG","402190240","5.7001","Germany"
"8024","EQT Holdings Limited","EQT.AX","402021684","15.0047","Australia"
"8025","Fonciere Inea","INEA.PA","402016249","37.1575","France"
"8026","Bijou Brigitte","BIJ.DE","401982176","53.6461","Germany"
"8027","NexPoint Real Estate Finance","NREF","401945728","17.45","United States"
"8028","Shinpoong Pharm","019170.KS","401700415","7.48052","South Korea"
"8029","Perma-Fix Environmental Services","PESI","401557280","18.925","United States"
"8030","Viking Line Abp","VIK1V.HE","401300523","23.2234","Finland"
"8031","Monro","MNRO","401117888","12.83","United States"
"8032","Vox Royalty","VOXR","400987776","5.77","Canada"
"8033","First Bancorp","FNLC","400974368","35.54","United States"
"8034","Capita plc","CPI.L","400612302","3.36896","United Kingdom"
"8035","Ranger Energy Services","RNGR","400525632","17.115","United States"
"8036","First Carolina Financial Services","FCBM","400477504","12.89","United States"
"8037","908 Devices","MASS","400316928","9.685","United States"
"8038","Medicare Group","MCGS.QA","400202890","1.42198","Qatar"
"8039","Eik fasteignafélag","EIK.IC","400052164","0.117891","Iceland"
"8040","Ring Energy","REI","399928288","1.535","United States"
"8041","Primis Financial","FRST","399761056","16.12","United States"
"8042","FRP Advisory Group","FRP.L","399504619","1.61683","United Kingdom"
"8043","Seanergy Maritime","SHIP","399344896","18.43","Greece"
"8044","BridgeBio Oncology Therapeutics","BBOT","399139584","4.9784","United States"
"8045","Lumi Rental Company","4262.SR","398934870","7.25336","Saudi Arabia"
"8046","Cedar Woods Properties Limited","CWP.AX","398897130","4.66652","Australia"
"8047","Daikokutenbussan","2791.T","398362481","29.7032","Japan"
"8048","Hamborner REIT","HABA.DE","398121479","4.89433","Germany"
"8049","IPD Group Limited","IPG.AX","397885002","3.82655","Australia"
"8050","Energiekontor","EKT.DE","397663068","28.6809","Germany"
"8051","Turners Automotive Group","TRA.NZ","397536510","4.36732","New Zealand"
"8052","MCI Capital Alternatywna Spólka Inwestycyjna","MCI.WA","397419233","7.57551","Poland"
"8053","SofWave Medical","SOFW.TA","397385974","10.9248","Israel"
"8054","Orascom Development","ODHN.SW","397040564","6.66163","Switzerland"
"8055","Shoulder Innovations","SI","397017472","19.07","United States"
"8056","Everspin Technologies","MRAM","396661664","16.29","United States"
"8057","Meteoric Resources","MEI.AX","396480439","0.136406","Australia"
"8058","PureTech Health","PRTC.L","396082425","1.61548","United States"
"8059","Invalda INVL, AB","IVL1L.VS","395865799","31.8161","Lithuania"
"8060","L.B. Foster","FSTR","395543072","37.6","United States"
"8061","Toscana Aeroporti","TYA.MI","395493481","21.2494","Italy"
"8062","Aeroporto G. Marconi Bologna","ADB.MI","395150666","10.9382","Italy"
"8063","Citizens Financial Services","CZFS","395033376","82.13","United States"
"8064","Wemade","112040.KQ","394954656","11.6836","South Korea"
"8065","en Japan","4849.T","394503166","10.4417","Japan"
"8066","doValue S.p.A.","DOV.MI","394351038","2.0785","Italy"
"8067","Galectin Therapeutics","GALT","394211200","3.9089","United States"
"8068","Bafang Yunji","2753.TW","394175639","5.63291","Taiwan"
"8069","Vasta Platform","VSTA","393989824","4.9","Brazil"
"8070","K-Bro Linen","KBL.TO","393890508","30.6156","Canada"
"8071","Deceuninck","DECB.BR","393851679","2.82745","Belgium"
"8072","F-Secure","FSECURE.HE","393571474","2.25267","Finland"
"8073","Barnes &amp; Noble Education","BNED","393447552","11.35","United States"
"8074","Rane (Madras) Limited","RML.NS","393411193","14.2349","India"
"8075","Rezolute","RZLT","393354176","4.085","United States"
"8076","Serve Robotics","SERV","393218528","4.535","United States"
"8077","Atrium Mortgage Investment","AI.TO","392962784","8.12809","Canada"
"8078","Kuwait Reinsurance Company","KUWAITRE.KW","392732127","1157.86","Kuwait"
"8079","Kuwait National Cinema Company","KCIN.KW","392638063","4240.05","Kuwait"
"8080","Talgo S.A.","TLGO.MC","392308790","2.92615","Spain"
"8081","Prenetics","PRE","392301344","23.38","Hong Kong"
"8082","Digital Arts Inc.","2326.T","392192587","29.2146","Japan"
"8083","PCB Bancorp","PCB","391563488","27.88","United States"
"8084","Akastor ASA","AKAST.OL","391539856","1.43521","Norway"
"8085","Camping World","CWH","391265344","6.13","United States"
"8086","Ernst Russ","ERAG.DE","391190350","11.6117","Germany"
"8087","FW Thorpe Plc","TFW.L","391178082","3.49073","United Kingdom"
"8088","Regal Partners Limited","RPL.AX","391109245","1.68713","Australia"
"8089","Rotshtein Realestate","ROTS.TA","390798355","22.3447","Israel"
"8090","Sandhar","SANDHAR.NS","390657690","6.47477","India"
"8091","Central Asia Metals","CAML.L","390568259","2.29198","United Kingdom"
"8092","Bushiroad","7803.T","390517011","2.89215","Japan"
"8093","KNOT Offshore Partners","KNOP","390449184","11.3","United Kingdom"
"8094","Mitsuba Corporation","7280.T","390288197","8.48755","Japan"
"8095","Walaa Cooperative Insurance Company","8060.SR","390266317","3.05951","Saudi Arabia"
"8096","Gevo","GEVO","389398464","1.575","United States"
"8097","Acco Brands","ACCO","389076416","4.215","United States"
"8098","Stitch Fix","SFIX","388936352","2.915","United States"
"8099","Mo-BRUK S.A.","MBR.WA","388798080","110.678","Poland"
"8100","Universal Store Holdings","UNI.AX","388313398","5.06138","Australia"
"8101","Genesco","GCO","388077632","34.94","United States"
"8102","ElringKlinger","ZIL2.DE","387723151","6.11937","Germany"
"8103","PharmaSGP","PSG.DE","387716280","33.6779","Germany"
"8104","Orient Electric","ORIENTELEC.NS","387649055","1.81662","India"
"8105","BioAge Labs","BIOA","387369888","8.44","United States"
"8106","The Property Franchise Group","TPFG.L","387290672","6.07496","United Kingdom"
"8107","Genki Global Dining Concepts","9828.T","387081119","21.9191","Japan"
"8108","Polyplex","POLYPLEX.NS","386869297","11.8715","India"
"8109","Mirrabooka Investments Limited","MIR.AX","386778115","1.72302","Australia"
"8110","Doha Insurance Group","DOHI.QA","386675822","0.773352","Qatar"
"8111","NACL Industries","NACLIND.NS","386450008","1.64978","India"
"8112","Bapcor Limited","BAP.AX","386389906","0.574341","Australia"
"8113","LNA Santé","LNA.PA","386158785","37.5058","France"
"8114","SHL Finance Company","1183.SR","386100378","3.861","Saudi Arabia"
"8115","Waterstone Financial","WSBF","385607264","21.45","United States"
"8116","BrasilAgro","LND","385511808","3.87","Brazil"
"8117","Radiant Logistics","RLGT","384956288","8.22","United States"
"8118","Evommune","EVMN","384696416","10.6","United States"
"8119","Palram Industries","PLRM.TA","384634178","14.9515","Israel"
"8120","Gran Tierra Energy","GTE","384580608","10.87","Canada"
"8121","Auna SA","AUNA","384352320","5.19","Luxembourg"
"8122","Fennec Pharmaceuticals","FENC","383634720","10.94","United States"
"8123","Schweizerische Nationalbank","SNBN.SW","382958343","3829.58","Switzerland"
"8124","SAPTCO (Saudi Public Transport Company)","4040.SR","382771935","3.06218","Saudi Arabia"
"8125","Alok Industries","ALOKINDS.NS","382501231","0.0770358","India"
"8126","Kaveri Seed","KSCL.NS","382432550","7.49267","India"
"8127","Perion Network","PERI","382423424","9.259","Israel"
"8128","Tohokushinsha Film","2329.T","382282214","3.22436","Japan"
"8129","Baader Bank","BWB.DE","381901841","7.82629","Germany"
"8130","Al Soor Fuel Marketing Company K.S.C.P.","SOOR.KW","381525083","906.719","Kuwait"
"8131","Ice Fish Farm","IFISH.OL","381456455","3.12002","Iceland"
"8132","City Cement Company","3003.SR","381360646","2.724","Saudi Arabia"
"8133","Café de Coral","0341.HK","380070019","0.679654","Hong Kong"
"8134","Ashtead Technology","AT.L","379997002","4.72196","United Kingdom"
"8135","Amplitude Energy","AEL.AX","379991146","1.26714","Australia"
"8136","IVF Hartmann","VBSN.SW","379985133","159.566","Switzerland"
"8137","Gorilla Technology","GRRR","379906592","13.81","Taiwan"
"8138","Harbour Centre Development","0051.HK","379580003","0.535563","Hong Kong"
"8139","Greenply","GREENPLY.NS","379451739","3.03799","India"
"8140","Energy Recovery","ERII","379263424","7.43","United States"
"8141","AutoCanada Inc.","ACQ.TO","379162268","16.4942","Canada"
"8142","Orion Group Holdings","ORN","379035872","9.36","United States"
"8143","Egetis Therapeutics AB","EGTX.ST","378805678","0.814728","Sweden"
"8144","Lifeway Foods","LWAY","377895264","25.015","United States"
"8145","Ölgerðin Egill Skallagrímsson","OLGERD.IC","376879239","0.131611","Iceland"
"8146","Marie Brizard Wine &amp; Spirits","MBWS.PA","376683039","3.36739","France"
"8147","Nexity","NXI.PA","376530099","6.76382","France"
"8148","BOE Varitronix","0710.HK","376405489","0.488382","Hong Kong"
"8149","Cerence","CRNC","375863456","8.31","United States"
"8150","NIOX Group","NIOX.L","375824316","0.892978","United Kingdom"
"8151","Montauk Renewables","MNTK","375766368","2.6399","United States"
"8152","LendingTree","TREE","375207264","26.725","United States"
"8153","Dhofar International Development &amp; Investment Holding","DIDI.OM","374941144","0.755844","Oman"
"8154","Daiichi Kensetsu","1799.T","374860220","21.17","Japan"
"8155","Enanta Pharmaceuticals","ENTA","374407040","12.855","United States"
"8156","D2L Inc.","DTOL.TO","374160663","7.1256","Canada"
"8157","Aimco","AIV","374114432","2.425","United States"
"8158","Secure Trust Bank PLC","STB.L","374059228","20.1867","United Kingdom"
"8159","Tanzanian Gold Corporation","TRX","373287616","1.1399","Canada"
"8160","Diana Shipping","DSX","373241152","3","Greece"
"8161","Unipres Corporation","5949.T","373227573","8.33122","Japan"
"8162","Vaibhav Global","VAIBHAVGBL.NS","373144439","2.22504","India"
"8163","Pasona Group","2168.T","372748147","9.97922","Japan"
"8164","AS Tallinna Sadam","TSM1T.TL","372573165","1.41663","Estonia"
"8165","Simulations Plus","SLP","372541504","18.42","United States"
"8166","Habib Metropolitan Bank","HMB.PK","372345505","0.355349","Pakistan"
"8167","Bakkt Holdings","BKKT","371823008","8.25","United States"
"8168","Artesian Resources","ARTNA","370846912","35.91","United States"
"8169","Ercros","ECR.MC","370543847","4.05249","Spain"
"8170","Allot","ALLT","370299968","7.4986","Israel"
"8171","Nice One Beauty Digital Marketing Company","4193.SR","370288910","3.20596","Saudi Arabia"
"8172","Universal Entertainment Corporation","6425.T","369992026","4.77465","Japan"
"8173","Knr Constructions","KNRCON.NS","369896792","1.31526","India"
"8174","Duni AB","DUNI.ST","369810872","7.86848","Sweden"
"8175","General Oceans ASA","GENO.OL","369800091","1.94517","Norway"
"8176","Northeast Community Bancorp","NECB","369756352","26.86","United States"
"8177","Richtech Robotics","RR","369189696","1.6401","United States"
"8178","Gaumont SA","GAM.PA","368947451","118.439","France"
"8179","Prelude Therapeutics","PRLD","368692096","4.62","United States"
"8180","Gulf Warehousing Company","GWCS.QA","368684614","0.629121","Qatar"
"8181","Hypothekarbank Lenzburg","HBLN.SW","368617398","5130.66","Switzerland"
"8182","Datalogic S.p.A.","DAL.MI","368549272","6.60706","Italy"
"8183","Chubu Steel Plate","5461.T","368097241","13.9071","Japan"
"8184","BVZ Holding","BVZN.SW","368060478","1865.69","Switzerland"
"8185","Vista Group International","VGL.NZ","367857774","1.5373","New Zealand"
"8186","Arabian Pipes Company","2200.SR","367461049","1.46984","Saudi Arabia"
"8187","Cigniti Technologies","CIGNITITEC.NS","367419162","13.3379","India"
"8188","Al Suwadi Power","SUWP.OM","367408984","0.514286","Oman"
"8189","LPKF Laser &amp; Electronics","LPK.DE","366936193","14.9791","Germany"
"8190","GigCapital9","GIX","366929984","10.04","United States"
"8191","BHG Group AB","BHG.ST","366653871","2.04353","Sweden"
"8192","All for One Group","A1OS.DE","366565510","78.9596","Germany"
"8193","Waterdrop Inc.","WDH","366488000","1.02","China"
"8194","Thob Al Aseel Company","4012.SR","366395945","0.91599","Saudi Arabia"
"8195","Alpha Teknova","TKNO","366153856","6.82","United States"
"8196","Vst Tillers Tractors","VSTTILLERS.NS","366152600","42.3163","India"
"8197","Globe Trade Centre","GTC.WA","365608388","0.636665","Poland"
"8198","Australian Clinical Labs","ACL.AX","365565990","1.95994","Australia"
"8199","Lucky Core Industries (LCI)","LCI.PK","365429592","0.791324","Pakistan"
"8200","Theeb Rent A Car Company","4261.SR","365386021","5.53854","Saudi Arabia"
"8201","Forterra plc","FORT.L","365237082","1.84819","United Kingdom"
"8202","National Finance","NFCI.OM","365065478","0.561039","Oman"
"8203","Ashiana Housing","ASHIANA.NS","364841872","3.62937","India"
"8204","loanDepot","LDI","364510720","0.8203","United States"
"8205","Oportun Financial","OPRT","364219040","7.92","United States"
"8206","Al Taiseer Group TALCO Industrial Company","4143.SR","364052715","9.10132","Saudi Arabia"
"8207","Ribbon Communications","RBBN","363905568","2.035","United States"
"8208","Oman Education and Training Investments (OETI)","OETI.OM","363636373","5.19481","Oman"
"8209","North American Construction Group","NOA","362799264","13.48","Canada"
"8210","Avingtrans","AVG.L","362265295","9.80923","United Kingdom"
"8211","Lesaka Technologies","LSAK","362177664","4.22","South Africa"
"8212","Liva Group","LIVA.OM","362158502","0.909091","Oman"
"8213","Middle East Specialized Cables Company","2370.SR","362135527","9.05339","Saudi Arabia"
"8214","Rasiyat Holding Company","RASIYAT.KW","362035220","2413.57","Kuwait"
"8215","Palisade Bio","PALI","361611424","2.075","United States"
"8216","Stillfront Group","SF.ST","361610564","0.702174","Sweden"
"8217","Timberland Bancorp","TSBK","361296416","46.465","United States"
"8218","Rocket Pharmaceuticals","RCKT","361147456","3.2899","United States"
"8219","Southern States Bancshares","SSBK","361068608","36.37","United States"
"8220","gremz, Inc.","3150.T","361057528","15.6137","Japan"
"8221","Movano","MOVE","360958016","11.44","United States"
"8222","Compass Therapeutics","CMPX","360175840","2","United States"
"8223","Kistos Holdings","KIST.L","359865338","4.32959","United Kingdom"
"8224","Kits Eyecare","KITS.TO","359793423","10.5802","Canada"
"8225","Clean Energy Fuels","CLNE","359325376","1.63","United States"
"8226","Alandalus Property Company","4320.SR","359117720","3.84769","Saudi Arabia"
"8227","Value Line","VALU","358778144","38.24","United States"
"8228","Twin Disc","TWIN","358529664","24.66","United States"
"8229","GWA Group Limited","GWA.AX","357952292","1.40714","Australia"
"8230","Nissha Co., Ltd.","7915.T","357950396","7.54955","Japan"
"8231","Kyokuyo","1301.T","357899889","30.1266","Japan"
"8232","Irani Papel e Embalagem S.A.","RANI3.SA","357085823","1.5575","Brazil"
"8233","Orchestra BioMed","OBIO","357024000","5.94","United States"
"8234","Dine Brands Global","DIN","356988032","28.2","United States"
"8235","Orthofix Medical","OFIX","356923200","8.83","United States"
"8236","Norcros","NXR.L","356479620","3.99134","United Kingdom"
"8237","Sionna Therapeutics","SION","356321888","7.8919","United States"
"8238","Hokkaido Coca-Cola Bottling","2573.T","356309397","26.1857","Japan"
"8239","Judges Scientific plc","JDG.L","355970028","53.4434","United Kingdom"
"8240","Capricorn Energy","CNE.L","355824813","5.18198","United Kingdom"
"8241","Gogo Inflight Internet","GOGO","355708128","2.625","United States"
"8242","Parag Milk Foods","PARAGMILK.NS","355532154","2.81034","India"
"8243","Sanford Limited","SAN.NZ","355468652","3.79666","New Zealand"
"8244","Heidelbergcement India","HEIDELBERG.NS","355341951","1.56793","India"
"8245","Hargreaves Services","HSP.L","354778178","11.5546","United Kingdom"
"8246","Eimskipafélag Íslands","EIM.IC","354465741","2.19178","Iceland"
"8247","J.Jill","JILL","354407680","23.845","United States"
"8248","COLOPL","3668.T","354250125","2.75536","Japan"
"8249","Gérard Perrier Industrie S.A.","PERR.PA","354233136","93.8226","France"
"8250","Vitruvio Real Estate","YVIT.MC","353948473","20.9011","Spain"
"8251","StealthGas","GASS","353333408","9.39","Greece"
"8252","Jupiter Mines Limited","JMS.AX","352834107","0.179482","Australia"
"8253","Islamic Arab Insurance","SALAMA.AE","352736207","0.430178","United Arab Emirates"
"8254","EyePoint Pharmaceuticals","EYPT","352552640","4.205","United States"
"8255","CION Investment Corporation","CION","352045344","7.155","United States"
"8256","Arqit Quantum","ARQQ","352017728","20.2281","United Kingdom"
"8257","NewtekOne","NEWT","351816032","12.18","United States"
"8258","Sumou Real Estate Company","4323.SR","351750775","7.03502","Saudi Arabia"
"8259","WithSecure Oyj","WITH.HE","351735546","2.00023","Finland"
"8260","National Fertilizers","NFL.NS","351682154","0.716872","India"
"8261","fuboTV","FUBO","351577792","11.64","United States"
"8262","MS INTERNATIONAL plc","MSI.L","351478706","21.3774","United Kingdom"
"8263","Village Farms International","VFF","351304096","2.8728","Canada"
"8264","Envela Corporation","ELA","351285824","13.53","United States"
"8265","PCC Rokita","PCR.WA","351017911","17.327","Poland"
"8266","Inmobiliaria del Sur","ISUR.MC","350639304","19.2174","Spain"
"8267","izertis","IZER.MC","350423122","9.86995","Spain"
"8268","Kuwait Investment Company","KINV.KW","350281300","636.008","Kuwait"
"8269","Neighborhood Intelligence","NXH","350169984","3.61","United States"
"8270","EHang Holdings","EH","350026304","4.615","China"
"8271","JTEKT India","JTEKTINDIA.NS","350012521","1.26178","India"
"8272","Public Policy Holding Company","PPHC","349756352","11.575","United States"
"8273","M-tron Industries","MPTI","349717440","80.46","United States"
"8274","Lifezone Metals","LZM","349318080","3.885","United Kingdom"
"8275","Build-A-Bear Workshop","BBW","349042400","27.84","United States"
"8276","Anup Engineering","ANUP.NS","348946721","17.4199","India"
"8277","Al Batinah Power","BATP.OM","348837927","0.516883","Oman"
"8278","Alpine Income Property Trust","PINE","348624480","18.5","United States"
"8279","Century Therapeutics","IPSC","348569984","1.925","United States"
"8280","Future plc","FUTR.L","348417296","3.95075","United Kingdom"
"8281","Avidbank Holdings","AVBH","348395968","31.72","United States"
"8282","ON24","ONTF","348249024","8.1","United States"
"8283","Vertu Motors","VTU.L","348128166","1.14328","United Kingdom"
"8284","Avex Inc.","7860.T","348076309","8.15534","Japan"
"8285","Civeo","CVEO","347886976","33.655","United States"
"8286","Presidio Production Company","FTW","347187840","10.52","United States"
"8287","Lexeo Therapeutics","LXEO","347055680","4.23","United States"
"8288","Penguin International Limited","BTM.SI","346589951","1.5634","Singapore"
"8289","Advanced Technology Company K.S.C.P.","ATC.KW","346285631","1777.56","Kuwait"
"8290","Stride Property Group","SPG.NZ","345918181","0.617248","New Zealand"
"8291","Tamkeen Human Resources Company","1835.SR","345900676","13.0529","Saudi Arabia"
"8292","Wonderla Holidays","WONDERLA.NS","345824689","5.45269","India"
"8293","Lux Industries","LUXIND.NS","345789684","11.4988","India"
"8294","Mirbud S.A.","MRB.WA","345730069","3.14035","Poland"
"8295","Suja Life, Inc.","SUJA","345693856","8.95","United States"
"8296","ThredUp","TDUP","345407520","2.63","United States"
"8297","I'LL inc.","3854.T","345393587","13.8159","Japan"
"8298","Tsubakimoto Kogyo","8052.T","344865389","18.7664","Japan"
"8299","Pico Far East Holdings","0752.HK","344470238","0.269694","Hong Kong"
"8300","Transcontinental Realty Investors","TCI","344378112","39.25","United States"
"8301","Ranpak","PACK","344319520","4.015","United States"
"8302","Nippon Air conditioning Services","4658.T","344301918","9.93362","Japan"
"8303","Ocugen","OCGN","344197056","1.015","United States"
"8304","DiaMedica Therapeutics","DMAC","344045952","6.38","United States"
"8305","PT Aspirasi Hidup Indonesia Tbk","ACES.JK","343755494","0.0200787","Indonesia"
"8306","Bystronic AG","BYS.SW","343590422","166.44","Switzerland"
"8307","Equita Group","EQUI.MI","343336564","6.66512","Italy"
"8308","Innovative Aerosystems","IA","343037632","19.165","United States"
"8309","Agora, Inc.","API","342849344","4.055","China"
"8310","X4 Pharmaceuticals","XFOR","342552000","3.455","United States"
"8311","Capital Limited","CAPD.L","342018356","1.51536","United Kingdom"
"8312","Fope S.p.A.","FPE.MI","341601310","62.7032","Italy"
"8313","Mobia Medical, Inc.","MOBI","341400192","10.255","United States"
"8314","American Battery Technology Company","ABAT","340572224","2.4966","United States"
"8315","TWFG, Inc.","TWFG","340556000","26.44","United States"
"8316","Chalice Mining","CHN.AX","340331317","0.872281","Australia"
"8317","STRATEC","SBS.F","340174427","27.9842","Germany"
"8318","Kuwait Insurance Company","KINS.KW","340135103","1428.57","Kuwait"
"8319","Vista Gold","VGZ","340113216","2.33","United States"
"8320","Verano Holdings","VRNOF","340106912","0.94","United States"
"8321","Ladun Investment Company","9535.SR","339502040","0.679004","Saudi Arabia"
"8322","Blend Labs","BLND","339396576","1.435","United States"
"8323","Instone Real Estate Group","INS.DE","339054984","7.82629","Germany"
"8324","China Motor Bus Company","0026.HK","339045423","7.49788","Hong Kong"
"8325","NL Industries","NL","338868224","6.93","United States"
"8326","Mehadrin","MEDN.TA","338690529","98.3893","Israel"
"8327","Argo Global Listed Infrastructure","ALI.AX","338128718","1.79482","Australia"
"8328","Bredband2 i Skandinavien AB","BRE2.ST","337924291","0.353073","Sweden"
"8329","The Cross-Harbour Holdings","0032.HK","337890517","0.906631","Hong Kong"
"8330","CapsoVision","CV","337816640","6.75","United States"
"8331","Younited Financial","YOUNI.PA","337626317","7.43149","Luxembourg"
"8332","Arkan Al-Kuwait Real Estate Company","ARKAN.KW","337198586","1082.84","Kuwait"
"8333","Gurit Holding","GURN.SW","337139204","72.1729","Switzerland"
"8334","Fastighets AB Trianon","TRIAN-B.ST","336984791","1.82772","Sweden"
"8335","Timbercreek Financial","TF.TO","336611117","4.06765","Canada"
"8336","LSL Property Services plc","LSL.L","336449551","3.45014","United Kingdom"
"8337","Fenix Outdoor","FOI-B.ST","336141336","30.4103","Switzerland"
"8338","Mikron Holding","MIKN.SW","335919943","20.1299","Switzerland"
"8339","COLTENE Holding AG","CLTN.SW","335912795","56.2163","Switzerland"
"8340","PrimeEnergy Resources","PNRG","335716960","212.13","United States"
"8341","Parrot S.A.","PARRO.PA","335558319","10.8453","France"
"8342","GuangZhou Wahlap Technology","301011.SZ","335375207","2.17132","China"
"8343","On the Beach Group","OTB.L","335152470","2.35421","United Kingdom"
"8344","Canada Packers","CPKR.TO","334923106","11.2509","Canada"
"8345","Nordic Paper","NPAPER.ST","334821133","5.00414","Sweden"
"8346","AB Akola Group","AKO1L.VS","334752448","2.02624","Lithuania"
"8347","Zentalis Pharmaceuticals","ZNTL","334665216","3.535","United States"
"8348","Ashoka Buildcon","ASHOKA.NS","334552522","1.19175","India"
"8349","Palms Sports","PALMS.AE","334476847","2.23","United Arab Emirates"
"8350","Bourse Direct","BSD.PA","334391575","6.47933","France"
"8351","Brødrene A &amp; O Johansen","AOJ-B.CO","334330170","15.4836","Denmark"
"8352","7Road","0797.HK","334105891","0.143454","China"
"8353","Mitsubishi Paper Mills","3864.T","333585841","7.61469","Japan"
"8354","SNDL Inc.","SNDL","333493760","1.355","Canada"
"8355","Abdulmohsen Al-Hokair Group for Tourism and Development Company","1820.SR","333466425","0.537878","Saudi Arabia"
"8356","Gulf Pharmaceutical Industries","JULPHAR.AE","333399083","0.29","United Arab Emirates"
"8357","ADF Group","DRX.TO","333279544","11.6722","Canada"
"8358","FVCBankcorp","FVCB","333181920","18.475","United States"
"8359","Wing Tai Properties","0369.HK","333024303","0.242278","Hong Kong"
"8360","Selvaag Bolig","SBO.OL","332648524","3.55036","Norway"
"8361","Kendrion","KENDR.AS","332631835","21.9461","Netherlands"
"8362","Saudi Cable Company","2110.SR","332623612","49.8469","Saudi Arabia"
"8363","Viemed Healthcare","VMD","332129344","8.72","United States"
"8364","Australian Ethical Investment Limited","AEF.AX","331789874","2.91478","Australia"
"8365","Wilmington plc","WIL.L","331174638","3.69368","United Kingdom"
"8366","Paysafe","PSFE","331051296","6.3401","United States"
"8367","Eagle Football Group","EFG.PA","330879155","2.02044","France"
"8368","Orell Füssli AG","OFN.SW","330792543","168.772","Switzerland"
"8369","Flexsteel Industries","FLXS","330760256","81.155","United States"
"8370","Coronado Global Resources","CRN.AX","330364520","0.175892","Australia"
"8371","Caltagirone Editore","CED.MI","329844543","3.08871","Italy"
"8372","CoastalSouth Bancshares","COSO","329344992","27.55","United States"
"8373","Seaport Entertainment Group","SEG","329205088","25.7","United States"
"8374","BayCom (United Business Bank)","BCML","328968512","30.125","United States"
"8375","Clearwater Paper","CLW","328683808","20.38","United States"
"8376","Inhibikase Therapeutics","IKT","328607072","2.355","United States"
"8377","V-ZUG Holding","VZUG.SW","328562410","51.2452","Switzerland"
"8378","Bell Financial Group","BFG.AX","328135616","1.02305","Australia"
"8379","SmartCraft ASA","SMCRT.OL","328123531","1.99594","Norway"
"8380","Peach Property Group AG","PEAN.SW","327764364","5.89167","Switzerland"
"8381","John Marshall Bancorp","JMSB","327542624","23.21","United States"
"8382","The RMR Group","RMR","327427936","19.17","United States"
"8383","Rocky Brands","RCKY","327209216","43.675","United States"
"8384","Orion S.A.","OEC","327054176","5.8","United States"
"8385","SuRo Capital","SSSS","326920416","12.54","United States"
"8386","Holley","HLLY","326726016","2.695","United States"
"8387","OPAL Fuels","OPAL","326670304","1.87","United States"
"8388","Campine","CAMB.BR","325708323","217.139","Belgium"
"8389","MT Højgaard Holding","MTHH.CO","325581723","42.2422","Denmark"
"8390","Horizon Technology Finance","HRZN","325449632","4.855","United States"
"8391","Integrated Holding Company K.S.C.P.","INTEGRATED.KW","324914203","1223.09","Kuwait"
"8392","Nano Dimension","NNDM","324713152","1.5401","United States"
"8393","Abbott Laboratories (Pakistan)","ABOT.PK","324327449","3.31283","Pakistan"
"8394","Lime Technologies AB","LIME.ST","324030663","24.3179","Sweden"
"8395","Grieg Seafood","GSF.OL","323873103","2.88548","Norway"
"8396","Chaince Digital Holdings","CD","323411168","2.94","United States"
"8397","Fiverr","FVRR","323017280","8.985","Israel"
"8398","Q32 Bio","QTTB","322998720","10.85","United States"
"8399","OVB Holding","O4B.DE","322689986","22.6428","Germany"
"8400","Electrovaya","ELVA","322521408","6.5146","Canada"
"8401","MGP Ingredients","MGPI","322174784","15.045","United States"
"8402","Beyout Investment Group","BEYOUT.KW","321917804","1073.06","Kuwait"
"8403","India Nippon Electricals","INDNIPPON.NS","321752694","14.2234","India"
"8404","Tanmiah Food Company","2281.SR","321661556","16.0831","Saudi Arabia"
"8405","Nilkamal","NILKAMAL.NS","321385644","21.4654","India"
"8406","Sanara MedTech","SMTI","321259648","34.965","United States"
"8407","CMON","1792.HK","321019461","0.177752","Singapore"
"8408","First Community Corporation","FCCO","321000832","34.15","United States"
"8409","United Bankers Oyj","UNITED.HE","320692335","28.883","Finland"
"8410","Maui Land &amp; Pineapple Company","MLP","320526752","16.14","United States"
"8411","Sino AG","XTP.DE","320279842","137.018","Germany"
"8412","Coelacanth Energy","CEI.V","319999273","0.50485","Canada"
"8413","Myriad Genetics","MYGN","319948064","3.345","United States"
"8414","Concurrent Technologies","CNC.L","319563608","3.51779","United Kingdom"
"8415","The National Company for Glass Industries","2150.SR","319407250","9.70843","Saudi Arabia"
"8416","Capital A (Air Asia)","5099.KL","319312154","0.0712881","Malaysia"
"8417","MM Forgings","MMFL.NS","319232651","6.61189","India"
"8418","Kewal Kiran Clothing","KKCL.NS","319220261","5.18003","India"
"8419","Northern Region Cement Company","3004.SR","319211816","1.7734","Saudi Arabia"
"8420","B.P. Marsh &amp; Partners","BPM.L","319099194","9.10567","United Kingdom"
"8421","Byggmax Group","BMAX.ST","319028594","5.44185","Sweden"
"8422","Xunlei","XNET","319020960","5.005","China"
"8423","City of London Investment Group Plc","CLIG.L","318641492","6.4538","United Kingdom"
"8424","Shoper","SHO.WA","318188985","11.3095","Poland"
"8425","Air Asia Company Limited (AACL)","2630.TW","318133659","1.51899","Taiwan"
"8426","United Projects Company For Aviation Services","UPAC.KW","317809284","841.487","Kuwait"
"8427","Friedman Industries","FRD","317470976","44.015","United States"
"8428","Qatar Islamic Insurance Group","QISI.QA","316483507","2.10989","Qatar"
"8429","Emergent BioSolutions","EBS","316366720","6.1702","United States"
"8430","Perspective Therapeutics","CATX","316188704","2.7699","United States"
"8431","Repay Holdings","RPAY","315700128","3.58","United States"
"8432","Supermax Corporation Berhad","7106.KL","315645684","0.103245","Malaysia"
"8433","Cairo Communication","CAI.MI","315322554","2.62425","Italy"
"8434","World Holdings","2429.T","314795718","17.8349","Japan"
"8435","Batic Investments and Logistics Company","4110.SR","314738377","0.524564","Saudi Arabia"
"8436","What's Cooking Group","WHATS.BR","314679842","169.531","Belgium"
"8437","Mount Gibson Iron","MGX.AX","314576950","0.266494","Australia"
"8438","Science Group","SAG.L","314521194","7.79326","United Kingdom"
"8439","Emirates Insurance Company","EIC.AE","314482539","2.1","United Arab Emirates"
"8440","Mediclin","MED.DE","314386893","6.61867","Germany"
"8441","Omni Bridgeway","OBL.AX","313992208","1.08407","Australia"
"8442","Generalfinance","GF.MI","313969354","24.849","Italy"
"8443","Naqi Water Company","2282.SR","313406979","15.6704","Saudi Arabia"
"8444","Fiera Capital","FSZ.TO","313236496","2.95698","Canada"
"8445","Novabase","NBA.LS","313223864","8.31398","Portugal"
"8446","Alliance Entertainment","AENT","313163584","6.1456","United States"
"8447","Abeona Therapeutics","ABEO","313082496","5.475","United States"
"8448","Dadelo","DAD.WA","312964825","26.8098","Poland"
"8449","Animalcare Group","ANCR.L","312953471","4.53254","United Kingdom"
"8450","Palmer Square Capital BDC","PSBD","312642432","10.2","United States"
"8451","Compagnie d'Entreprises CFE","CFEB.BR","312450840","12.6568","Belgium"
"8452","Árima Real Estate","ARM.MC","312392726","12.7729","Spain"
"8453","Parken Sport (F.C. Copenhagen)","PARKEN.CO","312293185","31.9922","Denmark"
"8454","Cellectis","CLLS","312228800","3.1","France"
"8455","Oceania Healthcare","OCA.NZ","312077656","0.430909","New Zealand"
"8456","Upstream Bio","UPB","311921088","5.695","United States"
"8457","AirJoule Technologies Corporation","AIRJ","311726400","4.25","United States"
"8458","Medios AG","ILM1.DE","311565527","12.2155","Germany"
"8459","Andrews Sykes Group","ASY.L","311491130","7.44148","United Kingdom"
"8460","Nayifat Finance Company","4081.SR","311098924","2.66809","Saudi Arabia"
"8461","Corby Spirit and Wine","CSW-A.TO","311062121","10.9264","Canada"
"8462","Victorian Plumbing Group","VIC.L","311044360","0.947098","United Kingdom"
"8463","NI Holdings","NODK","310968000","15.24","United States"
"8464","Kyodo Printing","7914.T","310877785","11.2364","Japan"
"8465","Infotel SA","INF.PA","310647998","45.2856","France"
"8466","Agenus","AGEN","310640832","6.9","United States"
"8467","Confidence Petroleum","CONFIPET.NS","310263208","0.93385","India"
"8468","Lalique Group","LLQ.SW","310240545","40.5543","Switzerland"
"8469","Vanda Pharmaceuticals","VNDA","310215936","5.1307","United States"
"8470","Al-Jouf Agricultural Development","6070.SR","309945407","10.3315","Saudi Arabia"
"8471","Imagicaaworld Entertainment","IMAGICAA.NS","309945397","0.547729","India"
"8472","ZipRecruiter","ZIP","309581504","3.765","United States"
"8473","Sidetrade","ALBFR.PA","309362536","216.674","France"
"8474","STEICO SE","ST5.DE","309077445","21.9461","Germany"
"8475","Helical","HLCL.L","309003218","2.67893","United Kingdom"
"8476","SAB Biotherapeutics","SABS","308898720","3.395","United States"
"8477","Bonduelle","BON.PA","308751481","9.67255","France"
"8478","Prince Pipes And Fittings","PRINCEPIPE.NS","308632568","2.79098","India"
"8479","Zengame Technology","2660.HK","308161106","0.297747","China"
"8480","Aramis Group","ARAMI.PA","308087143","3.7738","France"
"8481","Cadiz Inc.","CDZI","307801152","3.635","United States"
"8482","OneConnect Financial Technology","OCFT","307704928","7.89","China"
"8483","Jindal Poly Films","JINDALPOLY.NS","307659800","7.02638","India"
"8484","Transcontinental","TCL-A.TO","307265440","3.67098","Canada"
"8485","United Heavy Machinery","OMZZP.ME","307076811","112.61","Russia"
"8486","Funko","FNKO","306856800","5.48","United States"
"8487","Newegg","NEGG","306809792","14.6281","United States"
"8488","Alto Ingredients","ALTO","306783264","3.955","United States"
"8489","Afentra","AET.L","306739513","1.11487","United Kingdom"
"8490","Card Factory plc","CARD.L","306439083","0.920038","United Kingdom"
"8491","NN, Inc.","NNBR","306373472","3.71","United States"
"8492","Lands' End","LE","306372864","10.37","United States"
"8493","C&amp;F Financial Corporation","CFFI","306016640","94.11","United States"
"8494","InflaRx","IFRX","305789056","2.075","Germany"
"8495","Chain Bridge Bancorp","CBNA","305124480","46.5","United States"
"8496","Relais Group Oyj","RELAIS.HE","305014426","16.3144","Finland"
"8497","Beacon Lighting Group","BLX.AX","304604048","1.32816","Australia"
"8498","Dialight plc","DIA.L","304569826","7.57678","United Kingdom"
"8499","AVITA Medical","RCEL","304320192","9.84","United States"
"8500","Firm Capital Mortgage Investment Corporation","FC.TO","304189212","8.27954","Canada"
"8501","Telos","TLS","304178752","4.07","United States"
"8502","Regional Management Corp.","RM","303620864","32.91","United States"
"8503","Matrix Service Company","MTRX","303289376","10.72","United States"
"8504","NACCO Industries","NC","303057120","40.19","United States"
"8505","Rafhan Maize Products Company","RMPL.PK","303046472","32.81","Pakistan"
"8506","Beetaloo Energy Australia","BTL.AX","302986428","0.201019","Australia"
"8507","National Industries Company","NICBM.KW","302372807","867.58","Kuwait"
"8508","IDP Education","IEL.AX","301735719","1.08407","Australia"
"8509","Merlin, Inc.","MRLN","301687328","2.985","United States"
"8510","First Western Financial","MYFW","301644832","30.89","United States"
"8511","Designer Brands","DBI","300854208","5.925","United States"
"8512","Stalprodukt","STP.WA","300754465","59.0997","Poland"
"8513","XANO Industri","XANO-B.ST","300711244","5.07011","Sweden"
"8514","Anora Group","ANORA.HE","300037872","4.44148","Finland"
"8515","Syntec Optics","OPTX","299682304","7.44","United States"
"8516","ClearView Wealth Limited","CVW.AX","299224193","0.466652","Australia"
"8517","Com2uS","078340.KQ","299049249","26.1295","South Korea"
"8518","Zotefoams","ZTF.L","298843986","6.06143","United Kingdom"
"8519","BAUER AG","B5A0.HM","298843632","6.9438","Germany"
"8520","Aiphone Co.,Ltd.","6718.T","297978102","18.2062","Japan"
"8521","Jumbo Interactive Limited","JIN.AX","297907826","4.70242","Australia"
"8522","Gloo Holdings","GLOO","297410624","3.3024","United States"
"8523","Xebio Holdings","8281.T","297319969","7.18478","Japan"
"8524","eVISO S.p.A.","EVISO.MI","297219033","13.3535","Italy"
"8525","Soluna Holdings","SLNH","297177568","1.215","United States"
"8526","Princeton Bancorp","BPRN","297157760","43.615","United States"
"8527","E. W. Scripps Company","SSP","297004128","3.205","United States"
"8528","Forafric Global PLC","AFRI","296871616","11.01","Gibraltar"
"8529","NervGen Pharma","NGEN.V","296699810","3.74562","Canada"
"8530","KinderCare Learning Companies","KLC","296292576","2.5","United States"
"8531","Mortgage Advice Bureau (Holdings)","MAB1.L","296215319","5.14139","United Kingdom"
"8532","TriSalus Life Sciences","TLSI","296173824","4.81","United States"
"8533","Portillo's","PTLO","295876224","4.08","United States"
"8534","Mangalam Cement","MANGLMCEM.NS","295867938","10.7599","India"
"8535","Halwani Bros","6001.SR","295623552","8.36107","Saudi Arabia"
"8536","Al Jazeera Steel Products","ATMI.OM","295213367","2.36364","Oman"
"8537","Gabler Group AG","XK4.F","295053422","48.7692","Germany"
"8538","Santhera Pharmaceuticals","SANN.SW","294988963","19.3443","Switzerland"
"8539","Brinova Fastigheter","BRIN-B.ST","294834421","1.28043","Sweden"
"8540","Metro Mining","MMI.AX","294497847","0.954842","Australia"
"8541","Bank Mayapada Internasional","MAYA.JK","294054421","0.0112372","Indonesia"
"8542","GBank Financial Holdings","GBFH","293958240","20.25","United States"
"8543","Amarin Corporation","AMRN","293924224","13.915","Ireland"
"8544","JDC Group AG","JDC.DE","293613218","21.4817","Germany"
"8545","Remedy Entertainment","REMEDY.HE","293523464","21.5978","Finland"
"8546","Alico","ALCO","293515360","39.565","United States"
"8547","Toho Co., Ltd.","8142.T","293050037","9.19104","Japan"
"8548","Red Sea International Company","4230.SR","293035876","6.0711","Saudi Arabia"
"8549","Tele Columbus","TC1.HM","292900055","0.499303","Germany"
"8550","Funkwerk AG","FEW.F","292632373","36.3083","Germany"
"8551","Pizza Pizza","PZA.TO","292622721","8.65631","Canada"
"8552","James Fisher and Sons","FSJ.L","292348865","5.79083","United Kingdom"
"8553","Treace Medical Concepts","TMCI","292005120","4.49","United States"
"8554","Hawthorn Bancshares","HWBK","291673504","39.88","United States"
"8555","Clinuvel Pharmaceuticals","CUV.AX","291076404","5.77213","Australia"
"8556","Automatic Bank Services","SHVA.TA","291035074","7.2447","Israel"
"8557","Burgenland Holding","BHD.VI","290873209","96.9577","Austria"
"8558","Lyell Immunopharma","LYEL","290447168","11.8525","United States"
"8559","Hikal","HIKAL.NS","290313000","2.35451","India"
"8560","Fulcrum Therapeutics","FULC","290311072","3.805","United States"
"8561","Millennium &amp; Copthorne Hotels New Zealand","MCK.NZ","290215803","1.83427","New Zealand"
"8562","Commerce.com","CMRC","290122464","3.5014","United States"
"8563","Palladyne AI","PDYN","289617056","5.87","United States"
"8564","Accent Group","AX1.AX","289176827","0.481011","Australia"
"8565","Ajinomoto (Malaysia)","2658.KL","289047138","4.75418","Malaysia"
"8566","CAB Payments","CABP.L","288519862","1.13652","United Kingdom"
"8567","Bpost","13B.F","287971639","1.43985","Belgium"
"8568","James Latham plc","LTHM.L","287766210","14.2741","United Kingdom"
"8569","Giordano","0709.HK","287524957","0.177883","Hong Kong"
"8570","NexPoint Diversified Real Estate Trust","NXDT","287303616","5.41","United States"
"8571","Alfen","ALFEN.AS","287135224","13.2025","Netherlands"
"8572","High Liner Foods","HLF.TO","287006788","10.2485","Canada"
"8573","Text (LiveChat)","TXT.WA","286931966","11.143","Poland"
"8574","Xperi","XPER","286534464","5.875","United States"
"8575","Onity Group","ONIT","286434720","34.285","United States"
"8576","Ames National Corp.","ATLO","286353952","32.33","United States"
"8577","RCM Technologies","RCMT","286279136","40.26","United States"
"8578","United Foodbrands Limited","UFBL.NS","286135393","7.31474","India"
"8579","Al-Deera Holding Company","ALDEERA.KW","286088450","1744.94","Kuwait"
"8580","Coop Pank AS","CPA1T.TL","285760751","2.75778","Estonia"
"8581","Sinad Holding Company","4080.SR","285388818","2.25802","Saudi Arabia"
"8582","Sogefi S.p.A.","SGF.MI","285313060","2.39201","Italy"
"8583","Brooge Energy","BROG","284928800","2.6","United Arab Emirates"
"8584","Jeju Air","089590.KS","284815175","3.53495","South Korea"
"8585","Fossil Group","FOSL","284749728","4.815","United States"
"8586","GoPro","GPRO","284730496","1.3798","United States"
"8587","Transgene SA","TNG.PA","284652883","1.02299","France"
"8588","Newron Pharmaceuticals","NWRN.SW","284612206","13.9191","Italy"
"8589","Dave & Buster's","PLAY","284571552","8.18","United States"
"8590","Race Oncology","RAC.AX","284341494","1.45021","Australia"
"8591","Strike Energy","STX.AX","284251345","0.0789719","Australia"
"8592","Los Andes Copper","LA.V","283914544","9.33973","Canada"
"8593","Sasken Technologies","SASKEN.NS","283604182","18.6686","India"
"8594","Gakken Holdings","9470.T","283602681","6.81349","Japan"
"8595","Alamar Foods Company","6014.SR","283552118","11.1197","Saudi Arabia"
"8596","Intracom Holdings","INTRK.AT","283287904","3.41384","Greece"
"8597","Secuoya, Grupo de Comunicación, S.A.","SEC.MC","283120027","35.2996","Spain"
"8598","Azkoyen S.A.","AZK.MC","282628174","11.5885","Spain"
"8599","Qingci Games","6633.HK","282095833","0.408048","China"
"8600","Immuneering","IMRX","282080672","4.36","United States"
"8601","Eisen- und Hüttenwerke","EIS.F","282025089","16.0242","Germany"
"8602","Strattec Security","STRT","282016960","70.9","United States"
"8603","Prosperity Real Estate Investment Trust","0808.HK","281917402","0.175971","Hong Kong"
"8604","Embecta","EMBC","281881504","4.975","United States"
"8605","Jack in the Box","JACK","281744352","14.69","United States"
"8606","Franklin Financial Services Corporation","FRAF","281718816","62.61","United States"
"8607","Incap Oyj","ICP1V.HE","281625442","9.61449","Finland"
"8608","United Carton Industries Company","1323.SR","281613627","7.04034","Saudi Arabia"
"8609","Sutro Biopharma","STRO","281548288","16.98","United States"
"8610","Neon Equity AG","D77.DE","281355233","6.38644","Germany"
"8611","Taiga Building Products","TBL.TO","281042702","2.60358","Canada"
"8612","Pihlajalinna Oyj","PIHLIS.HE","280983900","12.4942","Finland"
"8613","SKY Network Television Limited","SKT.NZ","280593089","2.03808","New Zealand"
"8614","Alembic Limited","ALEMBICLTD.NS","280406610","1.092","India"
"8615","Velan","VLN.TO","280221740","12.9819","Canada"
"8616","EnviTec Biogas","ETG.DE","280204950","18.869","Germany"
"8617","Biodesix","BDSX","280184928","26.555","United States"
"8618","Infinity Natural Resources","INR","280096448","15.025","United States"
"8619","Neobo Fastigheter","NEOBO.ST","280076965","2.00842","Sweden"
"8620","Marine Products Corporation","MPX","280037408","8.18","United States"
"8621","TechTarget","TTGT","279927360","3.87","United States"
"8622","Kingsway Corporation","KWY","279907424","9.675","Canada"
"8623","Keiyo Gas","9539.T","279612710","8.69599","Japan"
"8624","GPA","PCAR3.SA","279576019","0.567613","Brazil"
"8625","QNB Corp.","QNBC","279418624","45","United States"
"8626","Chicago Atlantic Real Estate Finance","REFI","279270496","10.9","United States"
"8627","First United Corporation","FUNC","279063872","43.24","United States"
"8628","Gateway Distriparks","GATEWAY.NS","279003535","0.558405","India"
"8629","Groupe Pizzorno Environnement","GPE.PA","278941076","72.1667","France"
"8630","Anika Therapeutics","ANIK","278499520","20.81","United States"
"8631","Jakks Pacific","JAKK","277999360","24.29","United States"
"8632","Australian Finance Group","AFG.AX","277942918","1.02664","Australia"
"8633","Econocom Group","ECONB.BR","277818234","1.70692","Belgium"
"8634","Saratoga Investment","SAR","277556608","17.26","United States"
"8635","Fate Therapeutics","FATE","277384480","2.315","United States"
"8636","Kingstone Companies","KINS","277145568","19.145","United States"
"8637","Runway Growth Finance","RWAY","276928064","6.6077","United States"
"8638","IFL (Ibrahim Fibres)","IBFL.PK","276798150","0.891439","Pakistan"
"8639","Edisun Power Europe","ESUN.SW","276500618","87.3931","Switzerland"
"8640","John Wood Group","WG.L","276090680","0.399424","United Kingdom"
"8641","First Takaful Insurance Company","FTI.KW","276036526","1656.88","Kuwait"
"8642","Sanam Real Estate Company","SANAM.KW","275901079","1193.74","Kuwait"
"8643","Propel Funeral Partners","PFP.AX","275372672","1.99584","Australia"
"8644","The Pearl REIF","PRFD.OM","274979751","0.464935","Oman"
"8645","GE Power India","GEPIL.NS","274557971","4.07664","India"
"8646","Western New England Bancorp","WNEB","274427968","13.69","United States"
"8647","TrueBlue","TBI","274151328","9.005","United States"
"8648","PAMT Corp","PAMT","274134144","13.09","United States"
"8649","Boyaa Interactive","0434.HK","273952833","0.378719","China"
"8650","USANA","USNA","273822240","14.82","United States"
"8651","So-Young International","SY","273670848","2.72","China"
"8652","Middlefield Banc","MBCN","273627936","33.67","United States"
"8653","Netcall","NET.L","273517702","1.6033","United Kingdom"
"8654","Coveo Solutions","CVO.TO","273472442","2.94256","Canada"
"8655","ALX Oncology","ALXO","273097056","1.975","United States"
"8656","Far East Consortium International","0035.HK","273051308","0.0892604","Hong Kong"
"8657","SHUAA Capital","SHUAA.AE","272964751","0.0746005","United Arab Emirates"
"8658","BEST S.A.","BST.WA","272369685","9.56341","Poland"
"8659","Escalade Sports","ESCA","272294304","19.7801","United States"
"8660","Standard BioTools","LAB","272174912","0.6933","United States"
"8661","Ellomay Capital","ELLO","271943136","19.73","Israel"
"8662","Cresco Labs","CRLBF","271814528","0.73","United States"
"8663","National Bankshares","NKSH","271706944","42.65","United States"
"8664","Ready Capital","RC","271438016","1.64","United States"
"8665","TOP Financial Group Limited","TOP","271309856","2.06","Hong Kong"
"8666","Bicycle Therapeutics","BCYC","271299360","3.8761","United Kingdom"
"8667","NCC Group plc","NCC.L","271137358","1.7156","United Kingdom"
"8668","A'ayan Real Estate Company K.S.C.P.","AAYANRE.KW","271129990","652.316","Kuwait"
"8669","LCNB Corp.","LCNB","271129888","19.02","United States"
"8670","Knowit","KNOW.ST","270851780","9.94402","Sweden"
"8671","CAMP4 Therapeutics","CAMP","270780064","4.315","United States"
"8672","American Realty Investors","ARL","270708256","16.76","United States"
"8673","Oman Flour Mills","OFMI.OM","270613643","1.55844","Oman"
"8674","Orient Cement","ORIENTCEM.NS","270061230","1.31442","India"
"8675","The Hackett Group","HCKT","269924928","10.85","United States"
"8676","Westwing Group","WEW.DE","269051174","14.2824","Germany"
"8677","Linedata Services","LIN.PA","268621392","55.1556","France"
"8678","AC Immune","ACIU","268452704","2.7","Switzerland"
"8679","Federal-Mogul Goetze","FMGOETZE.NS","268436378","4.8252","India"
"8680","Akebia Therapeutics","AKBA","268349680","0.9684","United States"
"8681","Emperor Watch &amp; Jewellery","0887.HK","268348166","0.0369793","Hong Kong"
"8682","Akatsuki Inc","3932.T","268047358","22.2774","Japan"
"8683","Pure Cycle (water)","PCYO","267721776","11.11","United States"
"8684","Acrow Limited","ACF.AX","267612448","0.635365","Australia"
"8685","CM.com","CMCOM.AS","267321234","8.04691","Netherlands"
"8686","Vanquis Banking Group","VANQ.L","267232869","1.06751","United Kingdom"
"8687","Gencor Industries","GENC","266843456","18.205","United States"
"8688","Qatar Industrial Manufacturing Company","QIMD.QA","266712520","0.561264","Qatar"
"8689","STINAG Stuttgart Invest","STG.F","266363856","16.9982","Germany"
"8690","ProQR Therapeutics","PRQR","266009392","1.885","Netherlands"
"8691","IVE Group","IGL.AX","266000731","1.73738","Australia"
"8692","Ainsworth Game Technology","AGI.AX","265972658","0.789719","Australia"
"8693","Amtech Systems","ASYS","265685424","15.175","United States"
"8694","Automotive Axles","AUTOAXLES.NS","265416510","17.5633","India"
"8695","Oryzon Genomics","ORY.MC","265324541","3.23734","Spain"
"8696","BRC Group Holdings","RILY","265318384","6.6","United States"
"8697","BRT Apartments","BRT","264609328","14.08","United States"
"8698","Foghorn Therapeutics","FHTX","264264640","4.45","United States"
"8699","AFT Pharmaceuticals","AFT.NZ","263799118","2.51558","New Zealand"
"8700","Damaan Islamic Insurance Company (Beema)","BEMA.QA","263736274","1.31868","Qatar"
"8701","Delta Plus Group","ALDLT.PA","263654053","36.8091","France"
"8702","Aspo Oyj","ASPO.HE","263460686","8.40687","Finland"
"8703","Skel fjárfestingafélag","SKEL.IC","263430770","0.141137","Iceland"
"8704","Kaldalón","KALD.IC","263399739","0.205895","Iceland"
"8705","Al Kout Industrial Projects Company","ALKOUT.KW","263276709","2609.26","Kuwait"
"8706","CS Disco","LAW","262951072","4.1","United States"
"8707","Laboratorio Reig Jofre","RJF.MC","262582714","3.19953","Spain"
"8708","CPI Card Group","PMTS","262438032","22.76","United States"
"8709","Nam Tai Property","NTPIF","262332256","4.3","China"
"8710","Aviat Networks","AVNW","262303536","20.49","United States"
"8711","8x8","EGHT","262150448","1.815","United States"
"8712","Keystone Law Group","KEYS.L","262114168","8.33446","United Kingdom"
"8713","Delegat","DGL.NZ","262056326","2.59128","New Zealand"
"8714","Duos Technologies Group","DUOT","261851184","8.32","United States"
"8715","Martifer SGPS","MAR.LS","261667707","2.67597","Portugal"
"8716","Herfy Food Services Company","6002.SR","261613402","4.04473","Saudi Arabia"
"8717","Neowiz Games","095660.KQ","261425250","13.3559","South Korea"
"8718","TROOPS, Inc.","TROO","261422768","2.14","Hong Kong"
"8719","Compagnie Du Mont-Blanc","MLCMB.PA","261416636","290.293","France"
"8720","Slam Corp","SLMWF","261266432","11.14","United States"
"8721","National General Insurance Company","NGI.AE","260926429","1.58186","United Arab Emirates"
"8722","SEACOR Marine","SMHI","260746448","9.61","United States"
"8723","Arabian Shield Cooperative Insurance Company","8070.SR","260348109","3.26188","Saudi Arabia"
"8724","B&amp;G Foods","BGS","260082160","3.2","United States"
"8725","Omega Flex","OFLX","259827840","25.74","United States"
"8726","Imperial Petroleum","IMPP","259526368","5.74","Greece"
"8727","Richardson Electronics","RELL","259454928","17.455","United States"
"8728","Streamwide","ALSTW.PA","259314991","95.9127","France"
"8729","Virginia National Bankshares","VABK","259085968","47.7553","United States"
"8730","Banque Cantonale du Jura","BCJ.SW","259004311","86.5339","Switzerland"
"8731","AerSale","ASLE","258917696","5.425","United States"
"8732","Saudi Advanced Industries Company","2120.SR","258905600","4.38823","Saudi Arabia"
"8733","COG Financial Services","COG.AX","258763273","1.2133","Australia"
"8734","Kitex Garments","KITEX.NS","258656738","1.29652","India"
"8735","Eleco","ELCO.L","258650474","3.09836","United Kingdom"
"8736","Pyxis Oncology","PYXS","258564944","3.1","United States"
"8737","Tristel","TSTL.L","258547062","5.37816","United Kingdom"
"8738","Canaan","CAN","258513360","0.346","China"
"8739","Corporate Travel Management","CTD.AX","258425836","1.7661","Australia"
"8740","AB Dynamics","ABDP.L","258292200","11.284","United Kingdom"
"8741","Brockhaus Technologies","BKHT.DE","257188266","24.6168","Germany"
"8742","Bank Ochrony Srodowiska","BOS.WA","257076373","2.76694","Poland"
"8743","LX Hausys","108670.KS","256668082","25.7189","South Korea"
"8744","Hindustan Oil Exploration Company","HINDOILEXP.NS","256375364","1.93866","India"
"8745","Raoom trading Company","4144.SR","256290760","20.5033","Saudi Arabia"
"8746","Ayyan Investment Company","2140.SR","256179818","2.5456","Saudi Arabia"
"8747","Fintel Plc","FNTL.L","255866374","2.45569","United Kingdom"
"8748","Chinese Estates Holdings","0127.HK","255412368","0.133891","Hong Kong"
"8749","Richmond Mutual Bancorporation","RMBI","255399472","15.925","United States"
"8750","Gentrack Group","GTK.NZ","255395098","2.27101","New Zealand"
"8751","TSS, Inc.","TSSI","255382592","9.05","United States"
"8752","Perma-Pipe International","PPIH","255279824","31.15","United States"
"8753","Apollo Pipes","APOLLOPIPE.NS","255085321","5.80804","India"
"8754","Neostellar Capital Corp.","NSLR","255069504","9.635","United States"
"8755","Cartesian Therapeutics","RNAC","255052624","8.43","United States"
"8756","CLS Holdings plc","CLI.L","254754492","0.634556","United Kingdom"
"8757","ZE PAK SA","ZEP.WA","254218782","5.00199","Poland"
"8758","Siyaram Silk Mills","SIYSIL.NS","254132339","5.60132","India"
"8759","Andrew Peller","ADW-A.TO","254107935","5.76972","Canada"
"8760","MacroGenics","MGNX","253845248","3.985","United States"
"8761","Indoco Remedies","INDOCO.NS","253752621","2.75298","India"
"8762","Al Imtiaz Investment Group Company","ALIMTIAZ.KW","253687798","245.923","Kuwait"
"8763","APB Apranga","APG1L.VS","253603407","4.58662","Lithuania"
"8764","A2Z Cust2Mate Solutions","AZ","253592464","5.76","Canada"
"8765","Najran Cement Company","3002.SR","253578169","1.53908","Saudi Arabia"
"8766","Rane Holdings","RANEHOLDIN.NS","253485656","17.7538","India"
"8767","AS Tallinna Vesi","TVE1T.TL","253135168","12.6568","Estonia"
"8768","Uxin Limited","UXIN","252955280","1.1499","China"
"8769","Lineage Cell Therapeutics","LCTX","252907456","1","United States"
"8770","WildBrain","WILD.TO","252897794","1.18279","Canada"
"8771","Prim, S.A.","PRM.MC","252459831","14.863","Spain"
"8772","Entrada Therapeutics","TRDA","252309616","6.48","United States"
"8773","Myer Holdings","MYR.AX","252299022","0.145775","Australia"
"8774","Lightbridge Corporation","LTBR","252296336","7.16","United States"
"8775","U.S. Gold Corp","USAU","252189248","15.26","United States"
"8776","Etteplan","ETTE.HE","252146909","9.98607","Finland"
"8777","Kore Potash plc","KP2.L","252109026","0.0487079","United Kingdom"
"8778","Archer Limited","ARCH.OL","251550696","2.52829","Norway"
"8779","Information Services Group","III","251507952","5.195","United States"
"8780","Outdoor Holding Company","POWW","251271904","2.165","United States"
"8781","OpGen","OPGN","251197920","24.75","United States"
"8782","Ecoener","ENER.MC","251143194","4.41245","Spain"
"8783","Global Water Resources","GWRS","250519552","8.7","United States"
"8784","Wayi International Digital Entertainment","3086.TWO","250272289","0.917721","Taiwan"
"8785","Cy4gate","CY4.MI","249954155","10.8105","Italy"
"8786","Anavex Life Sciences","AVXL","249817984","2.695","United States"
"8787","Tredegar","TG","249525600","7.165","United States"
"8788","Prodware","ALPRO.PA","249520944","32.0917","France"
"8789","Banco de Brasília","BSLI3.SA","249479884","0.513142","Brazil"
"8790","ChargePoint","CHPT","249305248","9.285","United States"
"8791","Better Home & Finance Holding Company","BETR","248881408","13.1","United States"
"8792","Jassim Transport &amp; Stevedoring Company","JTC.KW","248630133","1369.86","Kuwait"
"8793","AB Amber Grid","AMG1L.VS","248559023","1.3934","Lithuania"
"8794","National Cleaning Company","CLEANING.KW","248222827","1007.83","Kuwait"
"8795","Stelrad Group","SRAD.L","248122989","1.94832","United Kingdom"
"8796","Absa Bank","ABSP.JO","247926000","55.3035","South Africa"
"8797","Yatsen Holding","YSG","247633472","2.64","China"
"8798","First Internet Bancorp","INBK","247553152","28.345","United States"
"8799","Instabank ASA","INSTA.OL","247541926","0.532555","Norway"
"8800","FuRyu","6238.T","247409034","9.34086","Japan"
"8801","Immersion Corporation","IMMR","247279648","7.45","United States"
"8802","Silver Mines Limited","SVL.AX","246968898","0.111279","Australia"
"8803","Vp plc","VP.L","246469107","6.23732","United Kingdom"
"8804","Lantronix","LTRX","246370528","5.275","United States"
"8805","Integrated Wind Solutions","IWS.OL","245882039","6.15397","Norway"
"8806","RxSight","RXST","245816144","5.91","United States"
"8807","Aeluma","ALMU","245474560","13.41","United States"
"8808","Webzen","069080.KQ","245427842","8.44358","South Korea"
"8809","Dustin Group","DUST.ST","245306262","0.180707","Sweden"
"8810","HMH Holding","HMH","244465280","20.3","United States"
"8811","Genfit","GNFT","244433360","4.85","France"
"8812","Wawel","WWL.WA","244312873","189.119","Poland"
"8813","Hindustan Sanitaryware &amp; Industries","HSIL.NS","244173718","3.77","India"
"8814","Ares Commercial Real Estate","ACRE","243828400","4.3948","United States"
"8815","Silicom","SILC","243813648","42.42","Israel"
"8816","Al Dhafra Insurance","DHAFRA.AE","243676661","2.44","United Arab Emirates"
"8817","Asure Software","ASUR","243163936","8.42","United States"
"8818","EaseMyTrip","EASEMYTRIP.NS","243149559","0.0610216","India"
"8819","Treatt plc","TET.L","242795520","4.11273","United Kingdom"
"8820","Third Harmonic Bio","THRD","242787568","5.38","United States"
"8821","AIAI Holdings Corporation","AIAI","242726576","3.435","United States"
"8822","Solar A/S","SOLAR-B.CO","242707816","30.5324","Denmark"
"8823","Exascale Labs Holdings","XLAB","242688000","3.84","United States"
"8824","Somany Ceramics","SOMANYCERA.NS","242625490","5.91585","India"
"8825","Sovereign Metals","SVM.AX","242529998","0.369732","Australia"
"8826","GDI Property Group","GDI.AX","242220589","0.448704","Australia"
"8827","Niagen Bioscience","NAGE","242125552","3.06","United States"
"8828","Rajesh Exports","RAJESHEXPO.NS","241980908","0.819552","India"
"8829","Zhihu","ZH","241907120","2.845","China"
"8830","Reliance Infrastructure","RELINFRA.NS","241560319","0.591797","India"
"8831","Munshaat Real Estate Projects Company","MUNSHAAT.KW","241552508","750.163","Kuwait"
"8832","029 Group","Z29.DE","241523463","48.3047","Germany"
"8833","Liontrust Asset Management PLC","LIO.L","241507830","3.9034","United Kingdom"
"8834","InfuSystem","INFU","240997888","12.1","United States"
"8835","Nu Skin","NUS","240949312","4.95","United States"
"8836","Manazel","MANAZEL.AE","240701408","0.09","United Arab Emirates"
"8837","Frontier Developments","FDEV.L","240499360","7.10323","United Kingdom"
"8838","Embention","ALUAV.PA","240367773","41.5699","Spain"
"8839","Salam International Investment","SIIS.QA","240249048","0.210165","Qatar"
"8840","Nature's Sunshine Products","NATR","240178848","13.65","United States"
"8841","Amlak International Finance Company","1182.SR","239376508","2.34856","Saudi Arabia"
"8842","TerrAscend","TSND.TO","239208288","0.641881","Canada"
"8843","Qoria Limited","QOR.AX","239024705","0.169663","Australia"
"8844","Silver Bow Mining","SBMT","238737920","8.085","United States"
"8845","Microvast","MVST","238334464","0.6198","United States"
"8846","Omaxe","OMAXE.NS","238323833","1.29768","India"
"8847","Limoneira","LMNR","238254592","13.14","United States"
"8848","Zumiez","ZUMZ","238235680","14.12","United States"
"8849","Al Khaleej Training and Education Company","4290.SR","238157364","3.66396","Saudi Arabia"
"8850","Atrys Health","ATRY.MC","237985813","3.13516","Spain"
"8851","Conduent","CNDT","237946816","1.53","United States"
"8852","Cosmo First","COSMOFIRST.NS","237709776","9.15742","India"
"8853","Verve Group SE","VER.ST","237638403","1.1875","Sweden"
"8854","Lubelski Wegiel Bogdanka","LWB.WA","237568470","6.98452","Poland"
"8855","Enter Air","ENT.WA","237528617","13.5392","Poland"
"8856","Teixeira Duarte","TDSA.LS","237505813","0.56549","Portugal"
"8857","Invivyd","IVVD","237487120","0.8057","United States"
"8858","Aurora Cannabis","ACB","237412720","3.75","Canada"
"8859","Eurobio Scientific","ALERS.PA","237327067","23.5718","France"
"8860","LiveWire Group","LVWR","237251392","1.155","United States"
"8861","Whitehawk Therapeutics","WHWK","237157472","4.16","United States"
"8862","Sharjah Cement and Industrial Development","SCIDC.AE","236816376","0.39","United Arab Emirates"
"8863","MBIA","MBI","236716288","4.64","United States"
"8864","Neuronetics","STIM","236592384","3.105","United States"
"8865","Indorama Synthetics","INDORAMA.NS","236406614","0.90538","India"
"8866","Immobel","IMMO.BR","236333384","23.1073","Belgium"
"8867","Vátryggingafélag Íslands","SKAGI.IC","236255413","0.120289","Iceland"
"8868","Alector","ALEC","236154384","2.115","United States"
"8869","Koskisen Oyj","KOSKI.HE","236132306","9.80028","Finland"
"8870","Toro Corp.","TORO","236040208","6.83","Cyprus"
"8871","FutureFuel","FF","235984672","5.38","United States"
"8872","Repco Home Finance","REPCOHOME.NS","235472731","3.76387","India"
"8873","Compugen","CGEN","235389488","2.485","Israel"
"8874","Warpaint London PLC","W7L.L","234848963","2.94277","United Kingdom"
"8875","Celtic","CCP.L","234797874","2.46922","United Kingdom"
"8876","Meridian Corporation","MRBK","234763664","19.68","United States"
"8877","Synthomer","SYNT.L","234680586","1.43147","United Kingdom"
"8878","MCH Group","MCHN.SW","234679544","7.58552","Switzerland"
"8879","Accsys Technologies","AXS.L","234621790","0.95251","United Kingdom"
"8880","TAKKT AG","TTK.DE","234228507","3.65769","Germany"
"8881","BrainChip","BRN.AX","234135770","0.0969201","Australia"
"8882","Stellus Capital Investment Corporation","SCM","234119312","8.2205","United States"
"8883","BTB Real Estate Investment Trust","BTB-UN.TO","234049169","2.62522","Canada"
"8884","Squirrel Media","SQRL.MC","233818214","2.43846","Spain"
"8885","Peoples Bancorp of North Carolina","PEBK","233499840","43.88","United States"
"8886","Latécoère S.A.","LAT.PA","233406732","0.0183465","France"
"8887","KAMCO Investment Company","KAMCO.KW","233357857","681.67","Kuwait"
"8888","Síminn hf.","SIMINN.IC","233320697","0.102117","Iceland"
"8889","Volati AB","VOLO.ST","233081760","2.52473","Sweden"
"8890","Icelandair","ICEAIR.IC","232826967","0.0056621","Iceland"
"8891","Kolibri Global Energy","KGEI","232794320","6.49","United States"
"8892","Huuuge","HUG.WA","232547304","5.65477","United States"
"8893","Roche Bobois","RBO.PA","232509566","23.1654","France"
"8894","PennantPark Investment","PNNT","232506336","3.5608","United States"
"8895","Nova Minerals","NVA","232140768","6.08","Australia"
"8896","American Resources Corp","AREC","232116960","2.1699","United States"
"8897","GreenX Metals","GRX.AX","232023458","0.743054","Australia"
"8898","Acadian Timber","ADN.TO","231615965","12.3328","Canada"
"8899","BTG Consulting plc","BTG.L","231439801","1.43418","United Kingdom"
"8900","Torrid Holding","CURV","231289296","2.32","United States"
"8901","Daikoku Denki","6430.T","231089655","15.8091","Japan"
"8902","Acme United","ACU","231064512","60.27","United States"
"8903","Prakash Industries","PRAKASH.NS","230815750","1.28888","India"
"8904","A'Saffa Foods","SPFI.OM","230649356","1.92208","Oman"
"8905","Orrön Energy","ORRON.ST","230573231","0.806467","Sweden"
"8906","Chicago Atlantic BDC","LIEN","230487968","10.1","United States"
"8907","Protara Therapeutics","TARA","230176928","3.895","United States"
"8908","Resimac Group Limited","RMC.AX","230008255","0.581521","Australia"
"8909","National CineMedia","NCMI","230002224","2.445","United States"
"8910","Celon Pharma","CLN.WA","229965982","5.90997","Poland"
"8911","AudioCodes","AUDC","229934608","9.52","Israel"
"8912","CF Bankshares","CFBK","229791840","35.395","United States"
"8913","One Stop Systems","OSS","229745184","9.21","United States"
"8914","Geojit Financial Services","GEOJITFSL.NS","229631537","0.822692","India"
"8915","Adagene","ADAG","229630240","3.42","China"
"8916","OP Bancorp (Open Bank)","OPBK","229514288","15.37","United States"
"8917","Capital B","ALCPB.PA","229132064","5.99164","France"
"8918","Orogen Royalties","OGN.V","229104453","3.8585","Canada"
"8919","Powersoft","PWS.MI","228989417","17.824","Italy"
"8920","Salalah Port Services Company","SPSI.OM","228883969","1.27273","Oman"
"8921","SCHMID Group","SHMD","228877392","3.47","Germany"
"8922","Sporting Clube de Portugal","SCP.LS","228681697","1.13214","Portugal"
"8923","Ioneer","IONR","228563792","2.85","Australia"
"8924","M&amp;C Saatchi","SAA.L","228452665","1.92126","United Kingdom"
"8925","Chargeurs","CRI.PA","228382450","9.45193","France"
"8926","Jin Air","272450.KS","228144084","4.42709","South Korea"
"8927","AIRO Group Holdings","AIRO","227991488","7.225","United States"
"8928","Bonei Hatichon Civil Engineering &amp; Infrastructures","BOTI.TA","227687831","13.9415","Israel"
"8929","Security National Financial Corporation","SNFCA","227626016","8.74","United States"
"8930","Hudson Technologies","HDSN","227488608","5.405","United States"
"8931","Mitsubishi Steel Mfg.","5632.T","227428737","15.0405","Japan"
"8932","AstroNova, Inc.","ALOT","227316416","28.99","United States"
"8933","Bodal Chemicals","BODALCHEM.NS","227263518","1.80448","India"
"8934","Community Bancorp","CMTV","227256608","40.575","United States"
"8935","FNM S.p.A.","FNM.MI","227248200","0.522527","Italy"
"8936","Iberpapel Gestión","IBG.MC","226488906","20.785","Spain"
"8937","Adgar Investments and Development","ADGR.TA","226356290","1.1981","Israel"
"8938","Nelco","NELCO.NS","226237482","9.9147","India"
"8939","Silvaco Group","SVCO","226187456","6.675","United States"
"8940","Teract S.A.","TRACT.PA","226045906","3.23688","France"
"8941","Greenwich LifeSciences","GLSI","226042944","15.3999","United States"
"8942","Turtle Beach Corp","TBCH","225751904","12.605","United States"
"8943","Gofore Oyj","GOFORE.HE","225493606","13.8876","Finland"
"8944","FreightCar America","RAIL","225276096","6.87","United States"
"8945","Forrester Research","FORR","225231376","11.83","United States"
"8946","Eledon Pharmaceuticals","ELDN","225093392","2.77","United States"
"8947","Rare Earths Americas","REA","224880368","11.27","United States"
"8948","Al Ramz Corporation Investment and Development","ALRAMZ.AE","224583772","0.408397","United Arab Emirates"
"8949","Deoleo","OLE.MC","224549159","0.449098","Spain"
"8950","RGC Resources","RGCO","224437248","21.54","United States"
"8951","RideNow Group","RDNW","224313760","5.75","United States"
"8952","Kuwait Financial Centre "Markaz”","MARKAZ.KW","224298836","463.144","Kuwait"
"8953","Healius Limited","HLS.AX","224177542","0.308708","Australia"
"8954","cBrain","CBRAIN.CO","224149938","11.4613","Denmark"
"8955","centrotherm international","CTNK.F","224057785","10.5876","Germany"
"8956","AFC Energy","AFC.L","223969920","0.197071","United Kingdom"
"8957","DeFi Technologies","DEFI.NE","223918794","0.576972","Canada"
"8958","Josef Manner &amp; Comp","MAN.VI","223850448","118.439","Austria"
"8959","OraSure Technologies","OSUR","223803184","3.245","United States"
"8960","Howa Machinery","6203.T","223624398","18.5254","Japan"
"8961","GoldMining Inc.","GLDG","223412608","1.0401","Canada"
"8962","Spok Holdings","SPOK","223405696","10.68","United States"
"8963","Nobia AB","NOBI.ST","223321060","1.47477","Sweden"
"8964","StarragTornos Group","STGN.SW","223296529","40.8734","Switzerland"
"8965","QumulusAI, Inc.","QMLS","222833712","6.66","United States"
"8966","Fonix Mobile","FNX.L","222688946","2.2811","United Kingdom"
"8967","Utah Medical Products","UTMD","222462288","69.8728","United States"
"8968","Monash IVF Group","MVF.AX","222384747","0.570752","Australia"
"8969","Octave Specialty Group","OSG","222329088","4.935","United States"
"8970","SmartRent","SMRT","222269680","1.16","United States"
"8971","Feintool International","FTON.SW","222250228","15.0974","Switzerland"
"8972","Scientific and Medical Equipment House Company","4014.SR","222234052","7.4078","Saudi Arabia"
"8973","Netfonds AG","NF4.DE","221853234","95.216","Germany"
"8974","Gulf Hotels Group","GHG.BH","221798669","0.779841","Bahrain"
"8975","American Well","AMWL","221709152","13.035","United States"
"8976","Comstock Inc.","LODE","221519728","2.915","United States"
"8977","Smiths News","SNWS.L","221371187","0.914626","United Kingdom"
"8978","Al-Maha Petroleum","MHAS.OM","221337668","3.20779","Oman"
"8979","Smart Sand","SND","221323088","5.22","United States"
"8980","Hong Kong Ferry","0050.HK","221245242","0.620998","Hong Kong"
"8981","RCI Hospitality Holdings","RICK","221155392","28.93","United States"
"8982","HireQuest","HQI","221135456","15.92","United States"
"8983","technotrans","TTR1.DE","220977898","31.9902","Germany"
"8984","Ohio Valley Banc Corp","OVBC","220804656","46.87","United States"
"8985","Vuzix","VUZI","220743216","2.615","United States"
"8986","Gamania Digital","6180.TWO","220717672","1.30222","Taiwan"
"8987","Keros Therapeutics","KROS","220577472","11.125","United States"
"8988","High Tide","HITI","220554144","2.51","Canada"
"8989","Smart Parking Limited","SPZ.AX","220447425","0.524086","Australia"
"8990","Sol-Gel Technologies","SLGL","220176432","67.25","Israel"
"8991","Al Eid Food Company","ALEID.KW","220168570","704.731","Kuwait"
"8992","BitFuFu","FUFU","219982768","1.32","Singapore"
"8993","Real Matters","REAL.TO","219674013","2.95698","Canada"
"8994","NeoVolta","NEOV","219565792","3.7301","United States"
"8995","Computer Modelling Group","CMG.TO","219526108","2.81465","Canada"
"8996","KCP Limited","KCP.NS","219141678","1.69981","India"
"8997","Olimpo Real Estate","YORE.MC","219140852","1.11472","Spain"
"8998","Saudi Arabian Refineries Company","2030.SR","219078667","14.6052","Saudi Arabia"
"8999","Median Technologies SA","ALMDT.PA","219065905","4.47051","France"
"9000","Helios Underwriting","HUW.L","218661210","3.13895","United Kingdom"
"9001","Spandana Sphoorty Financial","SPANDANA.NS","218370109","2.46358","India"
"9002","Profound Medical","PROF","217780448","5.96","Canada"
"9003","SIGA Technologies","SIGA","217704624","3.03","United States"
"9004","TOYA S.A.","TOA.WA","217585792","2.93887","Poland"
"9005","Kogan.com Ltd","KGN.AX","217424667","2.27583","Australia"
"9006","Kafrit Industries","KAFR.TA","217394409","9.0105","Israel"
"9007","Kaltura","KLTR","217385472","1.425","United States"
"9008","Exco Technologies Limited","XTC.TO","217371319","5.79857","Canada"
"9009","Bang &amp; Olufsen A/S","BO.CO","217042336","1.52196","Denmark"
"9010","Protalix BioTherapeutics","PLX","216729648","2.6899","Israel"
"9011","Digital Bros","DIB.MI","216616913","15.0952","Italy"
"9012","AB KN Energies","KNE1L.VS","216435585","0.568974","Lithuania"
"9013","Grammer AG","GMM.DE","216382264","14.5146","Germany"
"9014","The Tourism Enterprise company (SHAMS)","4170.SR","216328567","3.74118","Saudi Arabia"
"9015","CARGO Therapeutics","CRGX","216188416","4.47","United States"
"9016","Stille AB","STIL.ST","215723993","24.0082","Sweden"
"9017","Burgan Company for Well Drilling","ABAR.KW","215463337","844.749","Kuwait"
"9018","Polaris Renewable Energy","PIF.TO","215350049","10.3062","Canada"
"9019","HMS Bergbau","HMU.DE","215222319","47.3758","Germany"
"9020","Gati","GATI.NS","215137993","1.65","India"
"9021","Modiv Industrial","MDV","215101808","18.05","United States"
"9022","Al Obeikan Glass Company","4145.SR","215065899","6.72081","Saudi Arabia"
"9023","enCore Energy","EU","214680480","1.105","Canada"
"9024","Focusrite","TUNE.L","214671125","3.65309","United Kingdom"
"9025","Eleving Group","OT8.F","214640489","1.84046","Luxembourg"
"9026","Eagle Nice","2368.HK","214524386","0.373619","Hong Kong"
"9027","Bgin Blockchain","BGIN","213804304","1.8898","Singapore"
"9028","Claros Mortgage Trust","CMTG","213742576","1.515","United States"
"9029","Digital Domain","0547.HK","213669363","0.0267781","Hong Kong"
"9030","Abdullah Saad Mohammed Abo Moati for Bookstores Company","4191.SR","213446957","10.6723","Saudi Arabia"
"9031","AN2 Therapeutics","ANTX","213398416","5.655","United States"
"9032","Oriola","OKDBV.HE","213327213","1.17525","Finland"
"9033","Al Hassan Ghazi Ibrahim Shaker","1214.SR","213289645","3.15005","Saudi Arabia"
"9034","Khaleeji Bank","KHALEEJI.BH","212894669","0.981432","Bahrain"
"9035","Al-Arabiya Real Estate Company","ARABREC.KW","212770643","551.207","Kuwait"
"9036","Züblin Immobilien","ZUBN.SW","212439719","64.0719","Switzerland"
"9037","Innate Pharma","IPHA","212241824","1.9001","France"
"9038","Core Molding Technologies","CMT","212240544","23.9846","United States"
"9039","AB Vilkyskiu pienine","VLP1L.VS","212178250","17.7659","Lithuania"
"9040","Ascom Holding","ASCN.SW","212136966","6.44401","Switzerland"
"9041","Red Hill Minerals Limited","RHI.AX","212113916","3.30246","Australia"
"9042","Sudatel Telecommunications Group","SUDATEL.AE","211352969","0.15","Sudan"
"9043","Pantheon Resources","PANR.L","210864268","0.144635","United Kingdom"
"9044","Deep Value Driller","DVD.OL","210762523","2.25394","Norway"
"9045","KlaraBo Sverige","KLARA-B.ST","210753064","1.40228","Sweden"
"9046","MTI Ltd.","9438.T","210556266","3.79106","Japan"
"9047","Cantabil Retail India","CANTABIL.NS","210285676","2.51423","India"
"9048","Vista Alegre Atlantis","VAF.LS","210243796","1.25406","Portugal"
"9049","Oman Oil Marketing Company (oomco)","OOMS.OM","210085719","3.42857","Oman"
"9050","GDEV Inc.","GDEV","210001136","11.57","Cyprus"
"9051","Riber S.A.","ALRIB.PA","209877684","9.98607","France"
"9052","BMMI Group","BMMI.BH","209738502","0.188329","Bahrain"
"9053","Genel Energy","GENL.L","209539521","0.760384","United Kingdom"
"9054","Mobico Group","MCG.L","209206316","0.343391","United Kingdom"
"9055","NRC Group ASA","NRC.OL","209089044","1.21143","Norway"
"9056","Draganfly","DPRO","208960448","5.625","Canada"
"9057","Electreon Wireless","ELWS.TA","208941099","13.9613","Israel"
"9058","Motorcar Parts of America","MPAA","208643968","11.02","United States"
"9059","TPG Mortgage Investment Trust","MITT","208315936","6.5501","United States"
"9060","Acumen Pharmaceuticals","ABOS","208273792","2.88","United States"
"9061","AlphaPolis","9467.T","208230199","7.16524","Japan"
"9062","Franklin Covey","FC","207807264","18.4","United States"
"9063","Stoneridge","SRI","207789136","7.285","United States"
"9064","Nkarta","NKTX","207711904","2.9","United States"
"9065","Ajial Real Estate Entertainment Company","AREEC.KW","207413578","991.52","Kuwait"
"9066","Honda Siel Power Products","HONDAPOWER.NS","207341606","20.4417","India"
"9067","Beeks Financial Cloud Group","BKS.L","207168984","3.01042","United Kingdom"
"9068","PepGen","PEPG","207161792","2.995","United States"
"9069","Prosafe SE","PRS.OL","206930565","0.586974","Norway"
"9070","India Glycols","INDIAGLYCO.NS","206889177","3.08667","India"
"9071","Arab Insurance Group","ARIG.BH","206799998","0.54","Bahrain"
"9072","Minerva Neurosciences","NERV","206746928","4.33","United States"
"9073","YAKUODO HOLDINGS","7679.T","206395712","10.6111","Japan"
"9074","Future Care Trading Company","9544.SR","206363995","0.412728","Saudi Arabia"
"9075","Coherus BioSciences","CHRS","206258784","1.335","United States"
"9076","Bergbahnen Engelberg-Trübsee-Titlis","TIBN.SW","206208339","61.3715","Switzerland"
"9077","Al Safat Investment Company","ALSAFAT.KW","206207955","649.054","Kuwait"
"9078","Allianz Saudi Fransi Cooperative Insurance","8040.SR","205924746","3.46159","Saudi Arabia"
"9079","Rakon Limited","RAK.NZ","205791164","0.895488","New Zealand"
"9080","BRCK Group","BRCK.L","205570586","0.635909","United Kingdom"
"9081","Amplify Energy","AMPY","205424992","4.9552","United States"
"9082","Journey Medical","DERM","205191360","7.27","United States"
"9083","Exacompta Clairefontaine","ALEXA.PA","204959226","181.143","France"
"9084","ÖKOWORLD","VVV3.DE","204924298","31.8161","Germany"
"9085","Fiducian Group Limited","FID.AX","204518344","6.46134","Australia"
"9086","Arwana Citramulia Tbk","ARNA.JK","204511348","0.0290913","Indonesia"
"9087","Xponential Fitness","XPOF","204010032","4.12","United States"
"9088","Eurocash","EUR.WA","203930578","1.46541","Poland"
"9089","Tonix Pharmaceuticals","TNXP","203496896","11.865","United States"
"9090","Angel Oak Mortgage REIT","AOMR","203428096","8.165","United States"
"9091","Sandnes Sparebank","SADG.OL","203079021","9.64521","Norway"
"9092","Praemium Limited","PPS.AX","202982280","0.416397","Australia"
"9093","Ontex Group","ONTEX.BR","202965580","2.53716","Belgium"
"9094","Sidus Space","SIDU","202956800","2.005","United States"
"9095","Winton Land","WIN.NZ","202947131","0.684214","New Zealand"
"9096","APM Terminals Bahrain","APMTB.BH","202917770","2.49337","Bahrain"
"9097","Al Khaleej Takaful Insurance Company","AKHI.QA","202820583","0.794505","Qatar"
"9098","Groupe Partouche","PARP.PA","202166527","21.0172","France"
"9099","Rhinebeck Bancorp","RBKB","201782144","12.905","United States"
"9100","ADM Hamburg","OEL.F","201720396","269.392","Germany"
"9101","EVI Industries","EVI","201677808","15.66","United States"
"9102","Autosports Group","ASG.AX","201486741","0.944073","Australia"
"9103","Solvar Limited","SVR.AX","201446859","1.07689","Australia"
"9104","Huhtamaki India","HUHTAMAKI.NS","201096706","2.66276","India"
"9105","SES AI","SES","201052112","0.5415","United States"
"9106","Reit Azorim - H.F Living","AZRT.TA","200720823","1.97406","Israel"
"9107","Frauenthal Holding","FKA.VI","200716216","25.778","Austria"
"9108","Crest Nicholson Holdings plc","CRST.L","200442620","0.780679","United Kingdom"
"9109","Aljazira Takaful Taawuni Company","8012.SR","200346155","3.03555","Saudi Arabia"
"9110","Groupe SFPI","SFPI.PA","199678519","2.16558","France"
"9111","Chubb Arabia Cooperative Insurance Company","8240.SR","199494071","4.98735","Saudi Arabia"
"9112","DHI Group","DHX","199145120","4.61","United States"
"9113","Pro-Dex","PDEX","199103216","62.155","United States"
"9114","Lifetime Brands","LCUT","199083312","8.66","United States"
"9115","Americanas","AMER3.SA","199006358","0.993813","Brazil"
"9116","Korro Bio","KRRO","198796224","13.5","United States"
"9117","Kongsberg Automotive ASA","KOA.OL","198590761","0.212807","Norway"
"9118","Quicklogic","QUIK","198381120","10.83","United States"
"9119","Eagle Eye Solutions Group","EYE.L","198341275","6.56203","United Kingdom"
"9120","Taylor Devices","TAYD","198338416","61.5","United States"
"9121","Midwich Group","MIDW.L","198289341","1.92126","United Kingdom"
"9122","Landmark Bancorp","LARK","198267360","32.5","United States"
"9123","Hester Biosciences","HESTERBIO.NS","198248896","23.3046","India"
"9124","China Yongda Automobiles Services","3669.HK","197974835","0.104562","China"
"9125","Homeland Interactive Technology","3798.HK","197868791","0.156843","China"
"9126","First Investment Company K.S.C.P.","ALOLA.KW","197824876","443.575","Kuwait"
"9127","Armata Pharmaceuticals","ARMP","197808144","5.32","United States"
"9128","LoveSac","LOVE","197745264","13.71","United States"
"9129","Bahrain Islamic Bank","BISB.BH","197570558","2.25464","Bahrain"
"9130","Camellia Plc","CAM.L","197510708","78.1356","United Kingdom"
"9131","Neumora Therapeutics","NMRA","197290688","1.05","United States"
"9132","Lindsay Australia","LAU.AX","197206313","0.538445","Australia"
"9133","Greenpanel Industries","GREENPANEL.NS","197148508","1.6077","India"
"9134","Precision BioSciences","DTIL","197075088","7.14","United States"
"9135","Gefran","GE.MI","197061148","13.876","Italy"
"9136","Fabasoft","FAA.DE","196879188","18.6948","Austria"
"9137","Perfect Corp.","PERF","196567936","1.93","Taiwan"
"9138","Allgeier","AEIN.DE","196557943","17.5917","Germany"
"9139","Expensify","EXFY","196507264","2.155","United States"
"9140","Ag Growth International","AFN.TO","196355474","10.3999","Canada"
"9141","Vecima Networks","VCM.TO","196228286","8.07039","Canada"
"9142","Superior Group of Companies","SGC","196218464","12.3058","United States"
"9143","Rhythm Co.,Ltd.","7769.T","196034568","24.6224","Japan"
"9144","Oramed Pharmaceuticals","ORMP","195923536","4.71","United States"
"9145","Zumtobel Group","ZAG.VI","195661984","4.62146","Austria"
"9146","MJ Gleeson plc","GLE.L","195348121","3.34867","United Kingdom"
"9147","Voyager Therapeutics","VYGR","195020800","3.165","United States"
"9148","Aumann AG","AAG.DE","194985644","15.0952","Germany"
"9149","Belpointe PREP, LLC","OZ","194486832","47.978","United States"
"9150","Tribal Group","TRB.L","194337075","0.906508","United Kingdom"
"9151","Kuwait Portland Cement","PCEM.KW","194166481","1937.38","Kuwait"
"9152","Alta Equipment Group","ALTG","194041216","5.94","United States"
"9153","1-800-Flowers.com, Inc.","FLWS","193256928","3.015","United States"
"9154","QLM Life &amp; Medical Insurance Company","QLMI.QA","192307687","0.549451","Qatar"
"9155","Nucleus Software Exports","NUCLEUS.NS","191901392","7.28962","India"
"9156","Bastide Le Confort Médical","BLC.PA","191816671","26.2425","France"
"9157","PEDEVCO","PED","191670832","14.42","United States"
"9158","Vente-Unique.com","ALVU.PA","191123294","19.7399","France"
"9159","Organogenesis","ORGO","191081696","1.485","United States"
"9160","Crexendo","CXDO","191079600","5.7461","United States"
"9161","Ceragon Networks","CRNT","190776256","2.09","Israel"
"9162","Knights Group","KGH.L","190754144","2.21891","United Kingdom"
"9163","Arise AB","ARISE.ST","190647366","4.67444","Sweden"
"9164","Allcargo Logistics","ALLCARGO.NS","190632035","0.127277","India"
"9165","Hanover Bancorp","HNVR","190531712","27.005","United States"
"9166","Mechel PAO","MTLR.ME","190371328","0.46","Russia"
"9167","Italian Wine Brands","IWB.MI","190266257","20.4366","Italy"
"9168","Polymetals Resources","POL.AX","190234591","0.617417","Australia"
"9169","Epsilon Energy","EPSN","190182144","6.28","United States"
"9170","Rico Auto Industries","RICOAUTO.NS","189985203","1.40433","India"
"9171","Al Buhaira National Insurance Company","ABNIC.AE","189904437","0.76","United Arab Emirates"
"9172","Hathway","HATHWAY.NS","189534938","0.107076","India"
"9173","ActiveOps Plc","AOM.L","189496463","2.65187","United Kingdom"
"9174","HKR International","0480.HK","189398129","0.127515","Hong Kong"
"9175","Platinum Group Metals","PLG","188630544","1.475","Canada"
"9176","Deezer","DEEZR.PA","188421055","1.52113","France"
"9177","Arnarlax (Icelandic Salmon)","ISLAX.OL","188206503","6.07865","Iceland"
"9178","PR TIMES Corporation","3922.T","188086710","13.9071","Japan"
"9179","Melbourne Enterprises","0158.HK","188084509","7.52338","Hong Kong"
"9180","Akwel SA","AKW.PA","188016262","7.08314","France"
"9181","Oriental Aromatics","OAL.NS","187430047","5.5694","India"
"9182","NoHo Partners","NOHO.HE","187425198","8.90618","Finland"
"9183","Tharimmune","THAR","187371472","4.74","United States"
"9184","Angi Inc.","ANGI","187369872","4.62","United States"
"9185","Hong Leong Capital","5274.KL","187214529","0.794002","Malaysia"
"9186","Global Financial Investments Holding SAOG","GFIC.OM","187012992","0.935065","Oman"
"9187","Nynomic AG","M7U.DE","186874246","28.4487","Germany"
"9188","Victory Supermarket Chain","VCTR.TA","186601997","13.1527","Israel"
"9189","Shell Oman Marketing Company","SOMS.OM","186298706","1.96104","Oman"
"9190","Appen","APX.AX","186032963","0.692799","Australia"
"9191","FinWise Bancorp","FINW","186027904","13.4","United States"
"9192","Hinduja Global Solutions","HGS.NS","185735420","3.99257","India"
"9193","Healwell AI","AIDX.TO","185674886","0.555335","Canada"
"9194","Hexaom","ALHEX.PA","185391088","27.0553","France"
"9195","Sparta AG","SPT6.F","185216020","29.4937","Germany"
"9196","XRF Scientific Limited","XRF.AX","185187314","1.28868","Australia"
"9197","United Security Bancshares","UBFO","185027760","10.51","United States"
"9198","Visiativ SA","ALVIV.PA","184832369","40.1999","France"
"9199","Catering International &amp; Services","ALCIS.PA","184673131","23.6879","France"
"9200","VIB Vermögen","VIH1.F","184617469","5.58523","Germany"
"9201","UmweltBank","UBK.DE","184576187","4.44728","Germany"
"9202","Gulf Union Alahlia Cooperative Insurance","8120.SR","184532932","4.02077","Saudi Arabia"
"9203","Wendt India","WENDT.NS","184477703","92.2388","India"
"9204","Marvelous","7844.T","184386852","3.29601","Japan"
"9205","PTC Financial Services","PFS.NS","184335454","0.287","India"
"9206","Syrah Resources Limited","SYR.AX","184319852","0.0793823","Australia"
"9207","SKYX Platforms","SKYX","184186144","1.36","United States"
"9208","OneWater Marine","ONEW","184155088","11.05","United States"
"9209","SB Financial Group","SBFG","184150624","29.45","United States"
"9210","Shutterstock","SSTK","183999472","4.98","United States"
"9211","Al Wathba National Insurance","AWNIC.AE","183744485","0.89","United Arab Emirates"
"9212","Basic Chemical Industries Company","1210.SR","183650633","6.6782","Saudi Arabia"
"9213","Lang &amp; Schwarz","LUS1.DE","183565375","19.4496","Germany"
"9214","Lafinca Global Assets","YLFG.MC","183441417","4.85369","Spain"
"9215","Valens Semiconductor","VLN","182993296","1.69","Israel"
"9216","Tiny Ltd.","TINY.V","182238623","6.19559","Canada"
"9217","Benchmark Holdings","BMK.L","182093816","0.295906","United Kingdom"
"9218","Jeld-Wen","JELD","181769296","2.095","United States"
"9219","Diaceutics PLC","DXRX.L","181411051","2.13774","United Kingdom"
"9220","Schaffer Corporation","SFC.AX","181317265","13.4827","Australia"
"9221","MainStreet Bancshares","MNSB","181160176","25.44","United States"
"9222","Société Marseillaise du Tunnel Prado-Carénage","ALTPC.PA","180981482","31.0033","France"
"9223","Emilia Development","EMDV.TA","180936102","6.45587","Israel"
"9224","Somec S.p.A.","SOM.MI","180923628","24.849","Italy"
"9225","GCT Semiconductor","GCTS","180720512","1.965","United States"
"9226","Privatization Holding Company - K.P.S.C.","KPPC.KW","180550382","453.359","Kuwait"
"9227","Private Equity Holding","PEHN.SW","180421652","75.1188","Switzerland"
"9228","Westwood Holdings Group","WHG","180079280","18.87","United States"
"9229","Citizens Inc","CIA","180036256","3.555","United States"
"9230","Domo, Inc.","DOMO","179913312","3.825","United States"
"9231","ECB Bancorp","ECBK","179603472","20.555","United States"
"9232","Brouwerij Handelsmaatschappij","COBH.BR","179400841","2392.01","Belgium"
"9233","Marti Technologies","MRT","179333584","2.07","Turkey"
"9234","Kawai Musical Instruments Manufacturing","7952.T","179311629","20.8443","Japan"
"9235","Verkkokauppa.com","VERK.HE","178842996","4.05829","Finland"
"9236","Medical Facilities Corporation","DR.TO","178433211","11.0057","Canada"
"9237","BV Financial","BVFL","178390912","21.06","United States"
"9238","James River Group","JRVR","178251472","3.855","Bermuda"
"9239","Ten Square Games","TEN.WA","178092994","27.9381","Poland"
"9240","Beyond Meat","BYND","177871568","10.345","United States"
"9241","Sport Lisboa e Benfica","SLBEN.LS","177333958","7.71017","Portugal"
"9242","Unisys","UIS","177185776","2.43","United States"
"9243","Duluth Holdings","DLTH","177103296","4.66","United States"
"9244","Roularta Media Group","ROU.BR","176969276","14.2824","Belgium"
"9245","Renaissance Services","RNSS.OM","176846965","0.748052","Oman"
"9246","Global Atomic","GLO.TO","176799320","0.360607","Canada"
"9247","Umm Al-Qura Cement Company","3005.SR","176474505","3.20863","Saudi Arabia"
"9248","Miyakoshi Holdings","6620.T","176456576","4.40988","Japan"
"9249","Specialities Group Holding Company","SPEC.KW","176372652","864.318","Kuwait"
"9250","I.g. Petrochemicals","IGPL.NS","176327429","5.72587","India"
"9251","WALLIX Group","ALLIX.PA","176313614","24.849","France"
"9252","Banan Real Estate Company","4324.SR","176274793","0.881374","Saudi Arabia"
"9253","Solidarity Bahrain","SOLID.BH","175862064","0.185676","Bahrain"
"9254","Micro Systemation","MSAB-B.ST","175831260","9.52065","Sweden"
"9255","flyExclusive","FLYX","175573552","1.155","United States"
"9256","KFIC Invest (K.S.C.P)","KFIC.KW","175485855","587.084","Kuwait"
"9257","Solocal Group","LOCAL.PA","175330149","4.88853","France"
"9258","Reach plc","RCH.L","174850293","0.554729","United Kingdom"
"9259","Vidhi Specialty Food","VIDHIING.NS","174838867","3.50063","India"
"9260","Accelya","ACCELYA.NS","174728182","11.7061","India"
"9261","Castings P.L.C.","CGS.L","174707092","4.0184","United Kingdom"
"9262","Atrium Therapeutics","RNA","174648624","10.21","United States"
"9263","NusaTrip","NUTR","174412512","9","Indonesia"
"9264","Tabuk Cement Company","3090.SR","174224459","1.93583","Saudi Arabia"
"9265","Digia Oyj","DIGIA.HE","174199894","6.52578","Finland"
"9266","Mayne Pharma Group","MYX.AX","174023279","2.12506","Australia"
"9267","X-Legend Entertainment","4994.TW","173941320","2.62025","Taiwan"
"9268","Westag AG","WUG3.F","173537005","38.3186","Germany"
"9269","Morabaha Marina Financing Company","4082.SR","173463582","2.48436","Saudi Arabia"
"9270","Hamat Group","HAMAT.TA","173313822","4.72969","Israel"
"9271","DeFi Development","DFDV","173053280","5.305","United States"
"9272","AirSculpt Technologies","AIRS","173028512","2.4","United States"
"9273","Banque nationale de Belgique","BNB.BR","172658524","431.646","Belgium"
"9274","Springfield Properties","SPR.L","172617383","1.44432","United Kingdom"
"9275","Al Anwar Investments SAOG","AAIC.OM","172524825","0.561039","Oman"
"9276","Archosaur Games","9990.HK","172477891","0.2155","China"
"9277","Datavault AI","DVLT","172429360","0.2018","United States"
"9278","Arbuthnot Banking Group","ARBB.L","172230317","10.5534","United Kingdom"
"9279","Steyr Motors AG","4X0.DE","172196494","32.7915","Germany"
"9280","Atland SAS","ATLD.PA","172167789","39.712","France"
"9281","Koenig &amp; Bauer","SKB.DE","171541519","10.3809","Germany"
"9282","Abu Dhabi National Takaful","TKFL.AE","171526588","1.63","United Arab Emirates"
"9283","Gesco SE","GSC1.DE","171481658","16.4886","Germany"
"9284","Bahrain Kuwait Insurance Company (GIG Bahrain)","BKIC.BH","171087531","1.03448","Bahrain"
"9285","Entech SA","ALESE.PA","170872908","11.6117","France"
"9286","Cadence Capital Limited","CDM.AX","170618596","0.570752","Australia"
"9287","Fitaihi Holding Group","4180.SR","170616413","0.620423","Saudi Arabia"
"9288","EuroGroup Laminations","EGLA.MI","170557683","1.04854","Italy"
"9289","Dominion Hosting","DHH.MI","170447455","30.5388","Italy"
"9290","Capacit'e Infraprojects","CAPACITE.NS","170005059","2.00942","India"
"9291","NET Power","NPWR","169882896","1.92","United States"
"9292","Finance House","FH.AE","169864892","0.56","United Arab Emirates"
"9293","Deutsche Konsum REIT-AG","DKG.DE","169765095","1.54436","Germany"
"9294","Atlantic Lithium Limited","A11.AX","169749054","0.211788","Australia"
"9295","Quercus TFI","QRS.WA","169680938","3.6212","Poland"
"9296","MediWound","MDWD","169641056","13.14","Israel"
"9297","Mengly J. Quach Education","MJQE.KH","169610172","0.52","Cambodia"
"9298","Waldencast","WALD","169303040","1.32","United States"
"9299","Injazzat Real Estate Development Company","INJAZZAT.KW","169103729","489.237","Kuwait"
"9300","Aimia","AIM.TO","169068592","1.91843","Canada"
"9301","Emirates Reem Investments Company","ERC.AE","168953102","0.528193","United Arab Emirates"
"9302","DUG Technology","DUG.AX","168852553","1.2456","Australia"
"9303","Gévelot SA","ALGEV.PA","168722327","226.428","France"
"9304","NSE SA","ALNSE.PA","168363776","51.0915","France"
"9305","Helloworld Travel","HLO.AX","168039792","1.02664","Australia"
"9306","TON Strategy Co.","TONX","167969568","3.05","United States"
"9307","Hawesko","HAW.DE","167943321","18.6948","Germany"
"9308","ALIA MENTIS","ALMS.MI","167923108","5.4575","Italy"
"9309","Seven Hills Realty Trust","SEVN","167885440","7.41","United States"
"9310","Naturhouse Health","NTH.MC","167763888","2.79842","Spain"
"9311","Amaero International Ltd","3DA.AX","167682666","0.175892","Australia"
"9312","T’way Air","091810.KS","167634946","2.03064","South Korea"
"9313","Eurocell","ECEL.L","167299120","1.69125","United Kingdom"
"9314","ReconAfrica","0XD.F","166972081","0.432536","Canada"
"9315","Tingo Group","TIO","166947568","0.69","United States"
"9316","Byggma ASA","BMA.OL","166758286","2.38843","Norway"
"9317","PLAID,Inc.","4165.T","166604167","4.09721","Japan"
"9318","Magnora ASA","MGN.OL","166488042","2.34001","Norway"
"9319","Nihon Falcom","3723.T","166403635","16.8644","Japan"
"9320","Nykode Therapeutics","NYKD.OL","166394660","0.424968","Norway"
"9321","Lee Enterprises","LEE","166298656","7.46","United States"
"9322","Analogue Holdings (ATAL)","1977.HK","166024420","0.118589","Hong Kong"
"9323","Pharos Energy","PHAR.L","165848675","0.400487","United Kingdom"
"9324","Leclanché","LECN.SW","165828052","0.103595","Switzerland"
"9325","GrafTech","EAF","165424320","6.34","United States"
"9326","Macfarlane Group","MACF.L","165127246","1.06616","United Kingdom"
"9327","RADCOM","RDCM","165124080","9.865","Israel"
"9328","Easy Lease Motorcycle Rental","EASYLEASE.AE","164992242","5.5","United Arab Emirates"
"9329","T&amp;G Global","TGG.NZ","164837132","1.34513","New Zealand"
"9330","Siljansvik AB","SIVI.ST","164713411","11.9783","Sweden"
"9331","Liva Insurance Company","8280.SR","164452133","4.1113","Saudi Arabia"
"9332","Cegedim SA","ALCGM.PA","164445467","11.9833","France"
"9333","Rokiskio Suris AB","RSU1L.VS","164177376","5.22527","Lithuania"
"9334","Intred","ITD.MI","164029991","10.5434","Italy"
"9335","Quantum-Si","QSI","164009712","0.7493","United States"
"9336","Freelance.com SA","ALFRE.PA","164005560","2.90293","France"
"9337","Easy Software","ESY.HM","163886656","21.7139","Germany"
"9338","Texwinca Holdings","0321.HK","163853786","0.118589","Hong Kong"
"9339","Frontier Energy Limited","FHE.AX","163742765","0.147175","Australia"
"9340","Ateme SA","ATEME.PA","163362959","13.934","France"
"9341","Astec Lifesciences","ASTEC.NS","163210272","7.32468","India"
"9342","Mahanagar Telephone Nigam","MTNL.NS","163137946","0.258949","India"
"9343","KORE Group","KORE","163005168","9.25","United States"
"9344","Shalby","SHALBY.NS","162932825","1.51539","India"
"9345","Wataniya Insurance Company","8300.SR","162854477","4.07136","Saudi Arabia"
"9346","Hyderabad Industries Limited","HIL.NS","162818595","21.5914","India"
"9347","Serviceware","SJJ.DE","162767083","15.5016","Germany"
"9348","Jacktel AS","JACK.OL","162569582","0.629383","Norway"
"9349","Dollar Industries","DOLLAR.NS","162389507","2.8632","India"
"9350","Atomera","ATOM","162336112","4.1599","United States"
"9351","Quipt Home Medical","QIPT","162297152","3.65","United States"
"9352","Ellington Credit Company","EARN","162109376","4.315","United States"
"9353","Daldrup &amp; Söhne","4DS.DE","161966061","27.0553","Germany"
"9354","EDAP TMS","EDAP","161922176","4.32","France"
"9355","CBo Territoria","CBOT.PA","161491561","4.60985","France"
"9356","Outlook Therapeutics","OTLK","161474336","0.6654","United States"
"9357","Bahrain National Holding","BNH.BH","161218168","1.14058","Bahrain"
"9358","Kudelski SA","KUD.SW","160960750","1.64476","Switzerland"
"9359","Varia US Properties","VARN.SW","160955339","15.8952","Switzerland"
"9360","Adairs Limited","ADH.AX","160931410","0.900998","Australia"
"9361","Molecular Partners","MOLN","160881984","4.2","Switzerland"
"9362","Bitcoin Group","ADE.DE","160473762","32.0948","Germany"
"9363","Emirates Investment Bank","EIBANK.AE","160363747","16.0364","United Arab Emirates"
"9364","Biesse","BSS.MI","160192132","6.02676","Italy"
"9365","L'azurde Company for Jewelry","4011.SR","159692446","2.77726","Saudi Arabia"
"9366","Jain Irrigation Systems","JISLDVREQS.NS","159385320","0.217291","India"
"9367","Codexis","CDXS","159330896","1.455","United States"
"9368","Kuwait Business Town Real Estate Company","KBT.KW","159315745","266.471","Kuwait"
"9369","Baozun","BZUN","159313712","2.74","China"
"9370","Grupo Casas Bahia S.A.","BHIA3.SA","159285403","0.157125","Brazil"
"9371","Niu Technologies","NIU","159225264","2.03","China"
"9372","Fasadgruppen Group","FG.ST","159183743","1.82359","Sweden"
"9373","Kelly Partners Group","KPG.AX","158945040","3.51066","Australia"
"9374","China Automotive Systems","CAAS","158848736","5.265","China"
"9375","Zahrat Al Waha For Trading Company","3007.SR","158767151","0.705632","Saudi Arabia"
"9376","CuriosityStream","CURI","158729216","2.675","United States"
"9377","Aptitude Software Group","APTD.L","158584640","2.96306","United Kingdom"
"9378","Installux S.A.","ALLUX.PA","158328588","566.651","France"
"9379","Masi Agricola","MASI.MI","158291802","4.92336","Italy"
"9380","Mega Uranium","MGA.TO","158229684","0.411092","Canada"
"9381","Sintana Energy","SEI.V","157634907","0.281274","Canada"
"9382","Texaf","TEXF.BR","157527417","42.9633","Belgium"
"9383","LGI Limited","LGI.AX","157436544","1.522","Australia"
"9384","Fountaine Pajot","ALFPC.PA","157362531","94.4032","France"
"9385","Byggmästare Anders J Ahlström","AJA-B.ST","157109789","5.47283","Sweden"
"9386","Humacyte","HUMA","156955936","0.565","United States"
"9387","Gobarto","GOB.WA","156830529","5.64134","Poland"
"9388","Douglas Elliman","DOUG","156786064","1.725","United States"
"9389","Sabaf S.p.A.","SAB.MI","156635267","12.7148","Italy"
"9390","Mercia Asset Management","MERC.L","156567776","0.372074","United Kingdom"
"9391","Nekkar ASA","NKR.OL","156450609","1.53311","Norway"
"9392","Nyxoah","NYXH","156324736","1.535","Belgium"
"9393","Spruce Biosciences","SPRB","156231344","54.36","United States"
"9394","Asian Granito India","ASIANTILES.NS","156212753","0.5269","India"
"9395","MAX Automation","MXHN.DE","156122587","3.78542","Germany"
"9396","Masterflex","MZX.DE","155800933","16.1983","Germany"
"9397","Grigeo AB","GRG1L.VS","155768932","1.17278","Lithuania"
"9398","Precia S.A.","ALPM.PA","155688532","28.797","France"
"9399","BCB Bancorp","BCBP","155675680","8.6","United States"
"9400","Hyosung Chemical Corporation","298000.KS","155563641","41.2847","South Korea"
"9401","GTL Infrastructure","GTLINFRA.NS","155525609","0.0121415","India"
"9402","Lifecore Biomedical","LFCR","155197536","4.1","United States"
"9403","Smartbroker Holding","SB1.DE","155107724","9.24292","Germany"
"9404","Emak S.p.A.","EM.MI","155047417","0.95216","Italy"
"9405","Corbus Pharmaceuticals","CRBP","155020464","8.015","United States"
"9406","Immunic","IMUX","154864704","11.35","United States"
"9407","OPTiM","3694.T","154423290","2.83353","Japan"
"9408","Quirin Privatbank","QB7.DE","154254004","3.55318","Germany"
"9409","National Building and Marketing Company","9510.SR","154014109","12.8345","Saudi Arabia"
"9410","Bassett Furniture","BSET","153857440","17.77","United States"
"9411","Saudi Company for Hardware (SACO)","4008.SR","153728304","5.19238","Saudi Arabia"
"9412","Trifast","TRI.L","153479111","1.13652","United Kingdom"
"9413","Umm Al Qaiwain General Investment","QIC.AE","153197923","0.42","United Arab Emirates"
"9414","OrganiGram Holdings","OGI","153061328","1.0618","Canada"
"9415","Alligator Energy","AGE.AX","152690589","0.0315888","Australia"
"9416","FDM Group","FDM.L","152678419","1.39629","United Kingdom"
"9417","Nusantara Pelabuhan Handal","PORT.JK","152486732","0.0541897","Indonesia"
"9418","Mazaya Real Estate Development Q.P.S.C.","MRDS.QA","152472523","0.152473","Qatar"
"9419","Qrf","QRF.BR","152439902","11.7278","Belgium"
"9420","National International Holding Company (Kuwait)","NIH.KW","152407056","596.869","Kuwait"
"9421","WhiteHorse Finance","WHF","152375568","7.095","United States"
"9422","Almawave","AIW.MI","152021175","5.07032","Italy"
"9423","Assertio Holdings","ASRT","151861232","23.5","United States"
"9424","Delta Corp","DELTACORP.NS","151766852","0.566778","India"
"9425","Duro Felguera","MDF.MC","151536112","0.303646","Spain"
"9426","Keyrus","ALKEY.PA","151418304","9.5216","France"
"9427","Endava","DAVA","151394384","2.865","United Kingdom"
"9428","Motorpoint Group","MOTR.L","151146306","1.84008","United Kingdom"
"9429","Lucid Diagnostics","LUCD","150868592","0.7901","United States"
"9430","Quartix Technologies","QTX.L","150787643","3.11189","United Kingdom"
"9431","Sokouk Holding Company K.S.C.P.","SOKOUK.KW","150462398","263.209","Kuwait"
"9432","Stratus Properties","STRS","150075184","18.8","United States"
"9433","BP Castrol K.K.","5015.T","149991780","6.53339","Japan"
"9434","Severfield","SFR.L","149818508","0.507374","United Kingdom"
"9435","Admicom Oyj","ADMCM.HE","149680794","30.5968","Finland"
"9436","LifeMD","LFMD","149181584","3.095","United States"
"9437","Björn Borg","BORG.ST","149112896","5.91685","Sweden"
"9438","Baazeem Trading Company","4051.SR","149091333","1.47251","Saudi Arabia"
"9439","The Eastern Company","EML","149054912","24.77","United States"
"9440","BICO Group","BICO.ST","149031953","2.11168","Sweden"
"9441","Cereno Scientific","CRNO-B.ST","149014929","0.477478","Sweden"
"9442","Lanvin Group","LANV","148861248","1.065","China"
"9443","Bisalloy Steel Group","BIS.AX","148792087","3.07991","Australia"
"9444","The Saudi Arabian Amiantit Company","2160.SR","148750039","3.34177","Saudi Arabia"
"9445","Al-Enma'a Real Estate Company","ERESCO.KW","148338248","423.177","Kuwait"
"9446","SITE Centers","SITC","148242832","2.825","United States"
"9447","Elme Communities","ELME","147948368","1.665","United States"
"9448","Inclusio","INCLU.BR","147929897","18.9851","Belgium"
"9449","NRx Pharmaceuticals","NRXP","147768464","3.413","United States"
"9450","EKF Diagnostics","EKF.L","147718905","0.345014","United Kingdom"
"9451","Seef Properties","SEEF.BH","147639256","1.35279","Bahrain"
"9452","Lake Shore Bancorp","LSBK","147572688","18.79","United States"
"9453","Streamex Corp.","STEX","147522752","0.6541","United States"
"9454","Empire Energy Group","EEG.AX","147437477","0.119432","Australia"
"9455","Navkar Corp","NAVKARCORP.NS","147431294","0.979485","India"
"9456","inTEST Corporation","INTT","147368272","11.49","United States"
"9457","Mammoth Energy Services","TUSK","147270400","3.06","United States"
"9458","Red Robin","RRGB","147260224","7.79","United States"
"9459","Tracsis","TRCS.L","147186355","4.93844","United Kingdom"
"9460","Banca Sistema S.p.A.","BST.MI","147170910","1.83","Italy"
"9461","Southern Petrochemical Industries Corp","SPIC.NS","147071211","0.722211","India"
"9462","Aemetis","AMTX","146951728","2.0362","United States"
"9463","Orion Properties","ONL","146890144","2.575","United States"
"9464","Humm Group","HUM.AX","146809070","0.29076","Australia"
"9465","UBM Development","UBS.VI","146795183","19.9721","Austria"
"9466","Al-Mazaya Holding Company","MAZAYA.KW","146210500","281.148","Kuwait"
"9467","SIG plc","SHI.L","146079939","0.125829","United Kingdom"
"9468","Foxtons Group","FOXT.L","146064851","0.493844","United Kingdom"
"9469","India Motor Parts and Accessories","IMPAL.NS","145412757","11.6517","India"
"9470","Oxford Square Capital","OXSQ","145405504","1.35","United States"
"9471","KORU Medical Systems","KRMD","145377936","3.165","United States"
"9472","Hurco Companies","HURC","145361040","22.445","United States"
"9473","SRP Groupe (Showroomprive.com)","SRP.PA","145194022","1.25406","France"
"9474","Shimmick","SHIM","145088736","3.51","United States"
"9475","ReposiTrak","TRAK","145025040","7.98","United States"
"9476","Bulten AB","BULTEN.ST","144988251","6.90815","Sweden"
"9477","Solid State Group","SOLI.L","144861939","2.5504","United Kingdom"
"9478","Tenaya Therapeutics","TNYA","144762896","0.6456","United States"
"9479","ALM Equity","ALM.ST","144645444","4.45054","Sweden"
"9480","Mpac Group","MPAC.L","144446114","4.80314","United Kingdom"
"9481","Avantium N.V.","AVTX.AS","144151309","5.71876","Netherlands"
"9482","Enad Global 7","EG7.ST","144009635","1.62533","Sweden"
"9483","Bank of Innovation","4393.T","143935226","36.217","Japan"
"9484","1stdibs.com","DIBS","143873456","4.28","United States"
"9485","Xaar","XAR.L","143055710","1.82655","United Kingdom"
"9486","The Kuwait Company for Process Plant Construction and Contracting","KCPC.KW","143053331","1073.06","Kuwait"
"9487","Al Ain Alahlia Insurance","ALAIN.AE","142938824","9.53","United Arab Emirates"
"9488","Oman Refreshment Company (Pepsi Oman)","ORCI.OM","142857146","2.85714","Oman"
"9489","Buligo Capital","BLGO.TA","142785074","2.54142","Israel"
"9490","Al Jouf Cement Company","3091.SR","142694971","1.31274","Saudi Arabia"
"9491","LENZ Therapeutics","LENZ","142648368","4.54","United States"
"9492","Tijara &amp; Real Estate Investment Company","TIJARA.KW","142400520","384.866","Kuwait"
"9493","Knaus Tabbert AG","KTA.DE","142187250","13.7018","Germany"
"9494","Genovis AB","GENO.ST","142102537","2.10652","Sweden"
"9495","Wheels Up","UP","141997248","3.915","United States"
"9496","La Française de l'Energie","FDE.PA","141625912","26.823","France"
"9497","Jagran Prakashan","JAGRAN.NS","141450218","0.649885","India"
"9498","Userjoy Technology","3546.TWO","141336529","2.3038","Taiwan"
"9499","Heliad AG","A7A.DE","141266683","15.6758","Germany"
"9500","JANOME Corporation","6445.T","141115392","8.5592","Japan"
"9501","Fenix Resources","FEX.AX","141090262","0.183071","Australia"
"9502","Global Cord Blood","CORBF","140610448","1.05","Hong Kong"
"9503","Clipper Realty","CLPR","140592112","3.31","United States"
"9504","Payton Industries","PAYT.TA","140511678","16.9945","Israel"
"9505","Nicolás Correa","NEA.MC","140502326","11.4724","Spain"
"9506","Synlait Milk","SML.NZ","140499170","0.232924","New Zealand"
"9507","Audinate Group","AD8.AX","140456786","1.66559","Australia"
"9508","DouYu","DOYU","140331696","4.65","China"
"9509","Affinity Bancshares","AFBI","140182352","23","United States"
"9510","NCS Multistage","NCSM","140018304","53.35","United States"
"9511","Naikai Zosen Corporation","7018.T","139979380","82.5956","Japan"
"9512","Warba Insurance and Reinsurance Company","WINSRE.KW","139737884","574.038","Kuwait"
"9513","Gulf Cement","GCEM.AE","139722159","0.34","United Arab Emirates"
"9514","Sloman Neptun","NEP.HM","139263822","69.6702","Germany"
"9515","eGain","EGAN","139235040","5.32","United States"
"9516","CVC Limited","CVC.AX","139002267","1.19176","Australia"
"9517","Altea Green Power S.p.A.","AGP.MI","138905448","7.61728","Italy"
"9518","Inogen","INGN","138795504","5.23","United States"
"9519","Carlo Gavazzi Holding","GAV.SW","138703201","195.161","Switzerland"
"9520","RGP (Resources Connection)","RGP","138635584","4.025","United States"
"9521","Scott Technology","SCT.NZ","138584369","1.64794","New Zealand"
"9522","Prime Office A/S","PRIMOF.CO","138363863","36.6513","Denmark"
"9523","MPH Health Care AG","93M1.DE","138205383","32.2805","Germany"
"9524","Proficient Auto Logistics","PAL","138160656","4.925","United States"
"9525","Skillz","SKLZ","137970800","8.84","United States"
"9526","Haffner Energy","ALHAF.PA","137952220","0.750116","France"
"9527","Unibep","UNI.WA","137825220","4.17459","Poland"
"9528","Team Internet Group","TIG.L","137406233","0.568259","United Kingdom"
"9529","Braemar Hotels &amp; Resorts","BHR","137305344","1.87","United States"
"9530","Piquadro","PQ.MI","137096595","2.89131","Italy"
"9531","Swvl Holdings","SWVL","136852640","7.22","United Arab Emirates"
"9532","Saudi Industrial Development Company","2130.SR","136839291","4.56131","Saudi Arabia"
"9533","Finbar Group Limited","FRI.AX","136755110","0.502549","Australia"
"9534","Equillium","EQ","136644416","2.155","United States"
"9535","Eidesvik Offshore","EIOF.OL","136625566","1.87201","Norway"
"9536","SpiceJet","SPICEJET.BO","136572649","0.0894913","India"
"9537","Igarashi Motors India","IGARASHI.NS","136488502","4.3364","India"
"9538","Saudi Printing and Packaging Company","4270.SR","136459057","2.09293","Saudi Arabia"
"9539","Sensorion","ALSEN.PA","136433223","0.264747","France"
"9540","Annehem Fastigheter","ANNE-B.ST","136367933","1.71929","Sweden"
"9541","RAK Co. for White Cement &amp; Construction Materials","RAKWCT.AE","136046193","0.27","United Arab Emirates"
"9542","Solana Company","HSDT","136032080","2.25","United States"
"9543","Medifast","MED","136013248","12.165","United States"
"9544","PLBY Group (Playboy)","PLBY","135981728","1.135","United States"
"9545","Owlet, Inc.","OWLT","135977216","4.6533","United States"
"9546","Heidelberg Pharma","HPHA.DE","135811421","2.90293","Germany"
"9547","AL KHALEEJ Investment","KICO.AE","135799278","1.29","United Arab Emirates"
"9548","Wafrah for Industry and Development Company","2100.SR","135682545","5.86074","Saudi Arabia"
"9549","Selvita","SLV.WA","135572784","7.38747","Poland"
"9550","accesso Technology Group","ACSO.L","135423984","4.18076","United Kingdom"
"9551","Schloss Wachenheim","SWA.DE","135188114","17.0692","Germany"
"9552","United Wire Factories Company","1301.SR","135109996","4.81161","Saudi Arabia"
"9553","Malath Cooperative Insurance Company","8020.SR","135002003","2.70004","Saudi Arabia"
"9554","Clarus","CLAR","134965760","3.525","United States"
"9555","First Guaranty Bancshares","FGBI","134959008","8.16","United States"
"9556","Carnarvon Energy","CVN.AX","134865470","0.0753823","Australia"
"9557","IG Port, Inc.","3791.T","134847714","6.70927","Japan"
"9558","Leifheit","LEI.DE","134693176","14.7469","Germany"
"9559","ADC Therapeutics","ADCT","134689408","1.055","Switzerland"
"9560","South Port NZ","SPN.NZ","134588878","5.13015","New Zealand"
"9561","Tillys","TLYS","134587024","4.4001","United States"
"9562","Pine Cliff Energy","PNE.TO","134559561","0.375032","Canada"
"9563","CI Games","CI7.F","134415192","0.614259","Poland"
"9564","Bahrain Duty Free Shop Complex","DUTYF.BH","133969595","0.320955","Bahrain"
"9565","OptimizeRx","OPRX","133823792","7.1047","United States"
"9566","Aquafil","ECNL.MI","133813752","1.55132","Italy"
"9567","Insight Molecular Diagnostics","IMDX","133809608","4.089","United States"
"9568","Azerion Group","AZRN.AS","133768736","1.09382","Netherlands"
"9569","OFX Group","OFX.AX","133679731","0.574341","Australia"
"9570","DMC Global","BOOM","133516160","6.5","United States"
"9571","Television Broadcasts (TVB)","0511.HK","133424642","0.285729","Hong Kong"
"9572","Surteco Group","SUR.DE","133235499","8.59266","Germany"
"9573","Hooker Furnishings","HOFT","133089048","12.39","United States"
"9574","ReadyTech Holdings","RDY.AX","133064956","1.07689","Australia"
"9575","Blossom Gold Inc.","BGAU.TO","132895644","1.0097","Canada"
"9576","Burning Rock Biotech","BNR","132672992","12.58","China"
"9577","FirstFarms A/S","FFARMS.CO","132592209","10.8401","Denmark"
"9578","LEWAG Holding","KGR.F","132373436","27.8681","Germany"
"9579","Dexelance","DEX.MI","132153473","2.22364","Italy"
"9580","Jay Bharat Maruti","JAYBARMARU.NS","132089021","1.22022","India"
"9581","Stereotaxis","STXS","131765864","1.315","United States"
"9582","Laiqon AG","LQAG.DE","131694746","5.39944","Germany"
"9583","Valsoia S.p.A.","VLS.MI","131608782","12.1923","Italy"
"9584","Smith-Midland Corporation","SMID","131474656","24.785","United States"
"9585","LexinFintech Holdings","LX","131336248","0.797","China"
"9586","Air Busan","298690.KS","131336205","1.12656","South Korea"
"9587","Bahrain Commercial Facilities Company","BCFC.BH","131069959","0.941645","Bahrain"
"9588","Kuke Music Holding","KUKE","131017104","1.39","China"
"9589","S.S. Lazio","SSL.MI","130962949","1.93335","Italy"
"9590","Inovio Pharmaceuticals","INO","130797864","1.265","United States"
"9591","KVH Industries","KVHI","130614920","7.2","United States"
"9592","SNGULAR","SNG.MC","130553873","2.32234","Spain"
"9593","Detection Technology","DETEC.HE","130355461","8.89457","Finland"
"9594","Polytec Holding","PYT.VI","130256938","5.92197","Austria"
"9595","BHM Capital Financial Services","BHMCAPITAL.AE","130251293","0.283155","United Arab Emirates"
"9596","Klil Industries","KLIL.TA","130171288","58.5847","Israel"
"9597","Inspired Entertainment","INSE","130042360","4.875","United States"
"9598","Lai Sun Development Company","0488.HK","129724763","0.0892604","Hong Kong"
"9599","lastminute.com","LMN.SW","129681056","12.2252","Netherlands"
"9600","Cavotec","CCC.ST","129455925","1.21332","Switzerland"
"9601","Bike24 Holding","BIKE.DE","129234653","2.92615","Germany"
"9602","Commercial Vehicle Group (CVG)","CVGI","129211928","3.18","United States"
"9603","Nautilus Biotechnology","NAUT","129164048","1.015","United States"
"9604","Health Catalyst","HCAT","129064704","1.715","United States"
"9605","Excel Industries","EXCELINDUS.NS","129048929","10.2659","India"
"9606","Arctic Fish Holding","AFISH.OL","128795587","2.86181","Iceland"
"9607","Laramide Resources","LAM.TO","128795556","0.439941","Canada"
"9608","UNITED","2497.T","128772029","3.43931","Japan"
"9609","Legacy Education","LGCY","128418184","10.15","United States"
"9610","Green Landscaping Group","GREEN.ST","128260068","2.27174","Sweden"
"9611","Energys Group","ENGS","128236432","2.88","United Kingdom"
"9612","Reworld Media","ALREW.PA","128191811","2.23874","France"
"9613","Banca Profilo","PRO.MI","128138703","1.93915","Italy"
"9614","VivoPower","VIVO","128134192","4.005","United Kingdom"
"9615","Buruj Cooperative Insurance Company","8270.SR","128062926","4.26876","Saudi Arabia"
"9616","Magyar Bancorp","MGYR","127493816","19.75","United States"
"9617","SDI Group","SDI.L","127338410","1.2177","United Kingdom"
"9618","Al-Baha Investment And Development Company","4130.SR","127297582","0.583145","Saudi Arabia"
"9619","Strickland Metals Limited","STK.AX","127069545","0.0481011","Australia"
"9620","vTv Therapeutics","VTVT","126980408","32.115","United States"
"9621","Curatis","CURN.SW","126850758","23.8735","Switzerland"
"9622","Captor Therapeutics","CTX.WA","126752325","20.0133","Poland"
"9623","Tihama for Advertising, Public Relations and Marketing","4070.SR","126414687","5.51724","Saudi Arabia"
"9624","OnKure Therapeutics","OKUR","126348480","3.12","United States"
"9625","Pkp Cargo","PKP.WA","126329111","2.82067","Poland"
"9626","GEOX","GEO.MI","125855173","0.343706","Italy"
"9627","Unifi","UFI","125846416","6.77","United States"
"9628","KHD Humboldt Wedag International","KWG.DE","125817226","2.53135","Germany"
"9629","Kalray","ALKAL.PA","125516251","6.80446","France"
"9630","Tiziana Life Sciences","TLSA","125490232","0.9861","United Kingdom"
"9631","Milestone Pharmaceuticals","MIST","125120472","1.005","Canada"
"9632","Vocento","VOC.MC","125003970","1.03809","Spain"
"9633","MotorK","MTRK.AS","124941815","2.55458","Italy"
"9634","Coast Investment &amp; Development Company","COAST.KW","124674532","268.102","Kuwait"
"9635","The Securities House","SECH.KW","124574114","318.33","Kuwait"
"9636","Al Mahhar Holding Company","MHAR.QA","124541210","0.601648","Qatar"
"9637","HT5 AG","HT5.SW","124427779","3.90969","Switzerland"
"9638","Sound Financial Bancorp","SFBC","124344640","48.42","United States"
"9639","Cable One","CABO","124088744","21.87","United States"
"9640","Devsisters","194480.KQ","123769962","11.288","South Korea"
"9641","Møns Bank","MNBA.CO","123620524","61.8103","Denmark"
"9642","Ambra","AMB.WA","123239342","4.88916","Poland"
"9643","Sangoma Technologies","SANG","123131528","3.7","Canada"
"9644","Fortinova Fastigheter AB","FNOVA-B.ST","122935058","2.43696","Sweden"
"9645","Al Omaniya Financial Services","AOFS.OM","122889744","0.38961","Oman"
"9646","Oconee Federal Financial","OFED","122804576","21.1","United States"
"9647","Sanok Rubber Company","SNK.WA","122655307","5.45329","Poland"
"9648","Nabaltec","NTG.DE","122619604","13.934","Germany"
"9649","Quanterix","QTRX","122252576","2.585","United States"
"9650","Real-Estate Trade Centers Company (Marakez)","MARAKEZ.KW","122235810","857.795","Kuwait"
"9651","Arabia Insurance Cooperative Company","8160.SR","122215415","2.30595","Saudi Arabia"
"9652","MEDIA DO Co., Ltd.","3678.T","122208168","8.05112","Japan"
"9653","Black Rifle Coffee Company (BRCC)","BRCC","122007976","8.565","United States"
"9654","Piscines Desjoyaux","ALPDX.PA","121938099","13.5857","France"
"9655","AB Zemaitijos pienas","ZMP1L.VS","121791875","2.9726","Lithuania"
"9656","AFYREN","ALAFY.PA","121707862","3.14097","France"
"9657","FCR Immobilien","FC9.DE","121489544","12.3084","Germany"
"9658","The Platform Group","TPG.F","121387090","5.89726","Germany"
"9659","Team Inc","TISI","121317536","26.47","United States"
"9660","Al Argan International Real Estate Company","ARGAN.KW","121315719","378.343","Kuwait"
"9661","enGene","ENGN","121299528","1.81","Canada"
"9662","MaxCyte","MXCT","121267288","1.175","United States"
"9663","Tucows","TCX","121214096","10.84","Canada"
"9664","Kulmbacher Brauerei","KUL.MU","120947519","35.9963","Germany"
"9665","Apyx Medical","APYX","120685328","2.865","United States"
"9666","Monte Carlo Fashions","MONTECARLO.NS","120531980","5.8138","India"
"9667","Apex Frozen Foods","APEX.NS","120531980","3.85702","India"
"9668","AGROB Immobilien","AGR.F","120348633","30.8871","Germany"
"9669","Fonar Corporation","FONR","120195888","19.09","United States"
"9670","Rafael Holdings","RFL","120119984","2.31","United States"
"9671","Akatsuki Corp.","8737.T","120070454","3.96694","Japan"
"9672","Novolog","NVLG.TA","120055061","0.234999","Israel"
"9673","VIGO Photonics","VGO.WA","119850927","137.004","Poland"
"9674","Franchi Umberto Marmi","FUM.MI","119812070","3.6693","Italy"
"9675","Response Plus Holding","RPM.AE","119796347","0.6","United Arab Emirates"
"9676","ALT5 Sigma","ALTS","119560224","0.855","United States"
"9677","a.k.a. Brands","AKA","119472808","10.87","United States"
"9678","Global Fashion Group","GFG.DE","118824277","0.522527","Luxembourg"
"9679","Union Bankshares","UNB","118206240","23.9","United States"
"9680","Dhofar Food & Investment SAOG","DFIN.OM","118092710","0.597403","Oman"
"9681","Rani Therapeutics","RANI","118022344","0.8399","United States"
"9682","Vaxart","VXRT","117945672","0.485","United States"
"9683","Conexeu Sciences","CNXU","117736656","4.4","United States"
"9684","Orion Energy Systems","OESX","117730544","28.79","United States"
"9685","Record Financial Group","REC.L","117570854","0.602084","United Kingdom"
"9686","Nama Chemicals Company","2210.SR","117365142","4.99001","Saudi Arabia"
"9687","Ryde Group","RYDE","117129080","0.6499","Singapore"
"9688","MRM","MRM.PA","116992105","36.549","France"
"9689","Arctic Paper","ARP.ST","116908086","1.68728","Poland"
"9690","Fujairah Building Industries","FBI.AE","116627360","0.86","United Arab Emirates"
"9691","Provident Financial Holdings","PROV","116575016","18.7","United States"
"9692","ArcticZymes Technologies ASA","AZT.OL","116485701","2.28084","Norway"
"9693","Serverworks","4434.T","116267915","15.6788","Japan"
"9694","NZME Limited","NZM.NZ","116154713","0.617248","New Zealand"
"9695","Livestock Transport and Trading Company","CATTL.KW","116002086","554.468","Kuwait"
"9696","Balaji Telefilms","BALAJITELE.NS","115637466","0.948608","India"
"9697","Methanol Chemicals Company","2001.SR","115510582","7.70071","Saudi Arabia"
"9698","DATA MODUL","DAM.DE","115464862","32.745","Germany"
"9699","SIEC (Saudi Industrial Export Company)","4140.SR","115433895","0.593796","Saudi Arabia"
"9700","Ash-Sharqiyah Development","6060.SR","115430699","3.84769","Saudi Arabia"
"9701","Indel B S.p.A.","INDB.MI","115237542","22.0622","Italy"
"9702","CALIDA Holding","CALN.SW","115114627","16.4721","Switzerland"
"9703","Sogeclair","ALSOG.PA","114954662","37.6219","France"
"9704","Amadeus Fire","AAD.DE","114925568","21.1565","Germany"
"9705","U.S. GoldMining","USGO","114812328","8.18","United States"
"9706","Kuwait and Middle East Financial Investment Company","KMEFIC.KW","114807565","521.853","Kuwait"
"9707","Bellevue Group","BBN.SW","114784713","8.61656","Switzerland"
"9708","Sadr Logistics Company","1832.SR","114631871","0.655039","Saudi Arabia"
"9709","Silver One Resources","SVE.V","114573794","0.324547","Canada"
"9710","Rupa Company","RUPA.NS","114462749","1.43898","India"
"9711","OMER S.p.A.","OMER.MI","114382038","3.99443","Italy"
"9712","Digimarc","DMRC","114174664","5.08","United States"
"9713","Bloober Team","6BO.SG","113728122","5.89875","Poland"
"9714","Caesarstone","CSTE","113412808","3.28","Israel"
"9715","Klingelnberg AG","KLIN.SW","113387583","12.8266","Switzerland"
"9716","Genelux","GNLX","113339568","2.505","United States"
"9717","Vivani Medical","VANI","113205216","1.255","United States"
"9718","National Metal Manufacturing and Casting","2220.SR","113114097","3.19531","Saudi Arabia"
"9719","Cake Box Holdings","CBOX.L","113110543","2.57069","United Kingdom"
"9720","Bioventix","BVXP.L","113107512","21.648","United Kingdom"
"9721","Biotalys","BTLS.BR","112925159","2.4849","Belgium"
"9722","Wynnstay Group","WYN.L","112901629","4.90461","United Kingdom"
"9723","Peninsula Energy","PEN.AX","112836563","0.19743","Australia"
"9724","Majestic Gold","MJS.V","112763845","0.0793336","Canada"
"9725","REC Silicon","RECSI.OL","112735706","0.024446","Norway"
"9726","Edel SE &amp; Co. KGaA","EDL.DE","112647658","5.29494","Germany"
"9727","The Pebble Group plc","PEBB.L","112442119","0.832093","United Kingdom"
"9728","The Joint Corp.","JYNT","112296640","7.94","United States"
"9729","Zain Bahrain","ZAINBH.BH","112254641","0.64191","Bahrain"
"9730","Fury Gold Mines","FURY","112216024","0.5902","Canada"
"9731","Merkur PrivatBank","MBK.DE","112002437","14.3985","Germany"
"9732","ADLPartner (Dékuple)","DKUPL.PA","111991829","28.1003","France"
"9733","Mayar Holding Company","9568.SR","111807180","0.931966","Saudi Arabia"
"9734","Siebert Financial","SIEB","111768760","2.73","United States"
"9735","AS Harju Elekter","HAE1T.TL","111754773","6.01486","Estonia"
"9736","Ateam","3662.T","111623966","6.00577","Japan"
"9737","Definitive Healthcare","DH","111548216","1.045","United States"
"9738","Carbios SAS","ALCRB.PA","111470779","6.60706","France"
"9739","Yellow Pages (Canada)","Y.TO","111462220","9.64264","Canada"
"9740","Nanexa AB","NANEXA.ST","111060751","0.581359","Sweden"
"9741","Tamil Nadu Newsprint and Papers Limited","TNPL.NS","111031074","1.60425","India"
"9742","Comet Ridge","COI.AX","110897288","0.0660493","Australia"
"9743","Dar Al-Thuraya Real Estate","THURAYA.KW","110854532","756.686","Kuwait"
"9744","Asiya Capital Investments Company","ASIYA.KW","110833827","138.617","Kuwait"
"9745","Lhyfe SA","LHYFE.PA","110607881","2.29912","France"
"9746","Clere AG","CAG0.HM","110323162","14.1663","Germany"
"9747","Gaming Realms","GMR.L","110314191","0.409958","United Kingdom"
"9748","Magnachip Semiconductor","MX","110260536","3.02","Luxembourg"
"9749","KULR Technology Group","KULR","110142536","2.3799","United States"
"9750","Dhampur Sugar Mills","DHAMPURSUG.NS","110109913","1.71227","India"
"9751","Seritage Growth Properties","SRG","109832992","1.95","United States"
"9752","Robert Walters","RWA.L","109468741","1.66419","United Kingdom"
"9753","Aardvark Therapeutics","AARD","109424232","5","United States"
"9754","Wielton","WLT.WA","109236475","1.37541","Poland"
"9755","Chapel Down Group","CDGP.L","109073785","0.635909","United Kingdom"
"9756","CDL Investments New Zealand Limited","CDI.NZ","109072526","0.372678","New Zealand"
"9757","Logistic Properties of the Americas","LPA","109040136","3.4399","United States"
"9758","Guerbet","GBT.PA","108529664","8.65072","France"
"9759","EROAD Limited","ERD.NZ","108430039","0.576486","New Zealand"
"9760","Jazan Development and Investment (JAZADCO)","6090.SR","108374391","2.16749","Saudi Arabia"
"9761","Cherry Hill Mortgage Investment","CHMI","108314616","2.89","United States"
"9762","Seer Inc","SEER","108252296","1.955","United States"
"9763","Méliuz","CASH3.SA","108233161","1.03899","Brazil"
"9764","Grange Resources","GRR.AX","108014957","0.0933305","Australia"
"9765","Pathfinder Bancorp","PBHC","107992664","17.2","United States"
"9766","Answear.com","ANR.WA","107543411","5.6682","Poland"
"9767","Jubilee Metals Group","JLP.L","107510835","0.0317954","United Kingdom"
"9768","Filling and Packing Materials Manufacturing Company","2180.SR","107421122","9.34097","Saudi Arabia"
"9769","Apex Critical Metals","KL9.F","106849274","1.10776","Canada"
"9770","iDreamSky","1119.HK","106706579","0.0522811","China"
"9771","Eurofins-Cerep","ALECR.PA","106596380","21133.3","France"
"9772","Dubai National Insurance & Reinsurance Company","DNIR.AE","106289314","0.920254","United Arab Emirates"
"9773","National Gypsum Company","2090.SR","106244182","3.35508","Saudi Arabia"
"9774","Wrap Technologies","WRAP","105946664","1.715","United States"
"9775","GreenTree Hospitality Group","GHG","105942192","1.05","China"
"9776","Riverview Bancorp","RVSB","105751888","5.3","United States"
"9777","Arab Sea Information Systems Company","7201.SR","105711621","1.05712","Saudi Arabia"
"9778","Getty Images","GETY","105610952","0.2546","United States"
"9779","AB Kauno Energija","KNR1L.VS","105365242","2.46168","Lithuania"
"9780","Al-Etihad Cooperative Insurance","8170.SR","105312207","2.10624","Saudi Arabia"
"9781","Bastei Lübbe","BST.DE","105264035","8.0353","Germany"
"9782","Fleury Michon","ALFLE.PA","105032748","25.4296","France"
"9783","NWF Group plc","NWF.L","105020163","2.11744","United Kingdom"
"9784","TCM Group A/S","TCM.CO","104857260","10.1257","Denmark"
"9785","IG Design Group","IGR.L","104825190","1.15681","United Kingdom"
"9786","HilleVax","HLVX","104762376","2.09","United States"
"9787","Encounter Resources","ENR.AX","104572056","0.186661","Australia"
"9788","Sitowise Group Oyj","SITOWS.HE","104473547","2.91454","Finland"
"9789","Arbe Robotics","ARBE","104471328","0.82","Israel"
"9790","Hong Kong Technology Venture Company (HKTV)","1137.HK","104457077","0.131978","Hong Kong"
"9791","Renascor Resources","RNU.AX","104196678","0.0409218","Australia"
"9792","Coya Therapeutics","COYA","104152848","4.44","United States"
"9793","SergeFerrari Group","SEFER.PA","104076312","9.11002","France"
"9794","INOVEST","INOVEST.BH","104023344","0.115","Bahrain"
"9795","Lokum Deweloper","LKD.WA","103961829","5.77566","Poland"
"9796","Suominen","SUY1V.HE","103431345","0.766373","Finland"
"9797","Turbogen Ltd","TRBG","103265736","4.415","Israel"
"9798","Foodco National Foodstuff","FNF.AE","102924358","0.37","United Arab Emirates"
"9799","Forsys Metals","FSY.TO","102904840","0.420491","Canada"
"9800","Ticketplus","TP","102789760","8.52","Chile"
"9801","Dhofar Insurance Company SAOG","DICS.OM","102751525","0.883117","Oman"
"9802","Unitech Group","UNITECH.NS","102741219","0.0392696","India"
"9803","Gateway Real Estate","GTY.F","102453835","0.364608","Germany"
"9804","maison pommery &amp; associes","POMRY.PA","102367379","11.5188","France"
"9805","Anaam International","4061.SR","102162164","3.24324","Saudi Arabia"
"9806","Fractyl Health","GUTS","102034272","0.641","United States"
"9807","United Foods Company","UFC.AE","101796942","3.36519","United Arab Emirates"
"9808","Atturra","ATA.AX","101740818","0.276402","Australia"
"9809","Polaryx Therapeutics","PLYX","101685824","2.04","United States"
"9810","Firefly AB","FIRE.ST","101632415","16.9348","Sweden"
"9811","AudioEye","AEYE","101500112","8.075","United States"
"9812","First Northwest Bancorp","FNWB","101203584","10.64","United States"
"9813","CTEK AB","CTEK.ST","101161360","1.44565","Sweden"
"9814","Kewaunee Scientific Corporation","KEQU","101084600","35.2394","United States"
"9815","coly","4175.T","101080193","18.3691","Japan"
"9816","GAM Holding AG","GAM.SW","100997329","0.0908299","Switzerland"
"9817","Mekdam Holding Group","MKDM.QA","100882028","0.558516","Qatar"
"9818","Talga Group","TLG.AX","100872184","0.19743","Australia"
"9819","Here Group Limited","HERE","100856272","1.8545","China"
"9820","Bertrandt","BDT.DE","100681099","9.96284","Germany"
"9821","Serko Limited","SKO.NZ","100629366","0.797764","New Zealand"
"9822","clearvise AG","ABO.DE","100625707","1.33535","Germany"
"9823","4basebio","4BB.L","100564744","6.49439","United Kingdom"
"9824","BAIOO Family Interactive","2100.HK","100170625","0.0350666","China"
"9825","Norcod AS","NCOD.OL","100151854","1.26414","Norway"
"9826","Bait Vegag Real Estate Development","BVGG.TA","100088583","1.81332","Israel"
"9827","Park Dental Partners","PARK","99860920","21","United States"
"9828","Cheetah Mobile","CMCM","99789184","3.215","China"
"9829","Takaful Emarat - Insurance","TAKAFUL-EM.AE","99716084","0.479185","United Arab Emirates"
"9830","Ras Alkhaima National Insurance","RAKNIC.AE","99714264","0.82","United Arab Emirates"
"9831","ReneSola","SOL","99563952","1.94","United States"
"9832","Braemar","BMS.L","99539832","3.11189","United Kingdom"
"9833","Stabilis Solutions","SLNG","99490200","5.35","United States"
"9834","Hyosung ITX","094280.KS","99219036","8.98856","South Korea"
"9835","Xlife Sciences","XLS.SW","99110120","17.184","Switzerland"
"9836","Nova Klúbburinn","NOVA.IC","98978176","0.0285596","Iceland"
"9837","Venu Holding Corporation","VENU","98930568","1.76","United States"
"9838","Veritone","VERI","98437888","0.9799","United States"
"9839","INNOVATE Corp.","VATE","98289640","7.205","United States"
"9840","Microbot Medical","MBOT","98168072","1.4616","United States"
"9841","Anixa Biosciences","ANIX","98033912","2.82","United States"
"9842","Marpai","MRAI","97928896","3.65","United States"
"9843","Investigator Resources","IVR.AX","97917014","0.0373322","Australia"
"9844","Al Gassim Investment Holding","6020.SR","97856475","3.26188","Saudi Arabia"
"9845","Grupa Kapitałowa Immobile","GKI.WA","97850829","1.30557","Poland"
"9846","Osoul Investment Company","OSOUL.KW","97726730","772.994","Kuwait"
"9847","ACRES Commercial Realty","ACR","97589120","13.685","United States"
"9848","Ascend Wellness (AWH)","AAWH","97542136","0.48","United States"
"9849","LACROIX Group SA","LACR.PA","97342548","20.7269","France"
"9850","Arq Inc.","ARQ","97162376","2.225","United States"
"9851","Devyser Diagnostics","DVYSR.ST","97143927","5.75163","Sweden"
"9852","CeoTronics","CEK.DE","97109153","12.1691","Germany"
"9853","National Consumer Holding Company","NCCI.KW","96868883","322.896","Kuwait"
"9854","Iceland Seafood International","ICESEA.IC","96679324","0.0315484","Iceland"
"9855","Crossject","ALCJ.PA","96578340","1.60242","France"
"9856","Atara Biotherapeutics","ATRA","96512576","9.615","United States"
"9857","Virco Manufacturing","VIRC","96474544","6.12","United States"
"9858","Softstar Entertainment","6111.TWO","96448120","1.09335","Taiwan"
"9859","SMN Power Company","SMNP.OM","96447331","0.483117","Oman"
"9860","Fevara","FVA.L","96355202","1.86037","United Kingdom"
"9861","Raysut Cement","RCCI.OM","96103898","0.480519","Oman"
"9862","Lemonsoft","LEMON.HE","96079678","5.39944","Finland"
"9863","Alijarah Holding","NLCS.QA","95969826","0.193956","Qatar"
"9864","Allied Tecnologia","ALLD3.SA","95933270","0.999705","Brazil"
"9865","Townsquare Media","TSQ","95898432","5.26","United States"
"9866","Metatek-Group","MTEK.TO","95857699","1.94728","United Kingdom"
"9867","Intercede Group plc","IGP.L","95855254","1.57624","United Kingdom"
"9868","MediaCo Holding","MDIA","95774232","1.1399","United States"
"9869","Lakeland Industries","LAKE","95638864","9.63","United States"
"9870","Speedy Hire","SDY.L","95563786","0.207279","United Kingdom"
"9871","Fluent","FLNT","95453400","3.02","United States"
"9872","ORIOR AG","ORON.SW","95415132","14.6064","Switzerland"
"9873","Zomedica Pharmaceuticals","ZOM","95349136","0.0973","United States"
"9874","Broadwind","BWEN","95339216","4.03","United States"
"9875","Miko Group","MIKO.BR","95183468","76.6373","Belgium"
"9876","LENSAR","LNSR","94969736","7.73","United States"
"9877","Orthex Oyj","ORTHEX.HE","94856863","5.34138","Finland"
"9878","Tile Shop Holdings","TTSH","94775744","2.38","United States"
"9879","Otovo ASA","OTOVO.OL","94665120","1.18883","Norway"
"9880","FriendTimes","6820.HK","94646451","0.0452678","China"
"9881","Sawaeed Holding","SAWAEED.AE","94614169","1.85","United Arab Emirates"
"9882","Euroapi","EAPI.PA","94549153","0.989317","France"
"9883","Oncolytics Biotech","ONCY","94536288","0.7414","Canada"
"9884","PGG Wrightson","PGW.NZ","94503452","1.25197","New Zealand"
"9885","Ultralife Corporation","ULBI","94480736","5.67","United States"
"9886","Takween Advanced Industries","1201.SR","94270038","1.23286","Saudi Arabia"
"9887","New Fortress Energy","NFE","94145184","0.3296","United States"
"9888","Dolphin Drilling","DDRIL.OL","94087855","0.231312","Norway"
"9889","Cullman Bancorp","CULL","93898888","17","United States"
"9890","Norse Atlantic ASA","NORSE.OL","93885950","0.0317381","Norway"
"9891","Atlas Lithium","ATLX","93760888","3.115","United States"
"9892","Innoviz Technologies","INVZ","93635440","0.3141","Israel"
"9893","HF Foods Group","HFFG","93412728","1.68","United States"
"9894","CyberStep","3810.T","93374442","1.13992","Japan"
"9895","Peter Warren Automotive Holdings Limited","PWR.AX","93368748","0.542035","Australia"
"9896","PCC Exol","PCX.WA","93324571","0.535927","Poland"
"9897","The NAGA Group","N4G.DE","93222617","0.40047","Germany"
"9898","Drecom","3793.T","93198743","3.26995","Japan"
"9899","Pioneer Credit","PNC.AX","93044745","0.4846","Australia"
"9900","Interlink Electronics","LINK","92945112","5.9","United States"
"9901","Aptera Motors","SEV","92843752","2.29","United States"
"9902","R. Stahl AG","RSL2.DE","92726431","14.3985","Germany"
"9903","Kuwait Emirates Holding Company","EMIRATES.KW","92565491","525.114","Kuwait"
"9904","Groupe Minoteries SA","GMI.SW","92351877","279.854","Switzerland"
"9905","Al Manar Financing and Leasing Company","ALMANAR.KW","92302575","378.343","Kuwait"
"9906","Nanoform Finland","NANOFS.ST","91916165","1.07185","Finland"
"9907","Ringmetall","HP3A.DE","91811187","3.15838","Germany"
"9908","Gascogne Groupe","ALBI.PA","91788605","2.43846","France"
"9909","Drilling Tools International","DTI","91733776","2.6","United States"
"9910","mwb fairtrade AG","MWB0.DE","91639919","12.3084","Germany"
"9911","Adicet Bio","ACET","91555368","9.78","United States"
"9912","Michelmersh Brick Holdings plc","MBH.L","91251871","0.994453","United Kingdom"
"9913","EcoSynthetix","ECO.TO","91152565","1.55061","Canada"
"9914","Vertical Aerospace","EVTL","91150912","0.5308","United Kingdom"
"9915","Unitronics","UNIT.TA","91119236","6.51198","Israel"
"9916","Bien Sparebank","BIEN.OL","91056042","16.0304","Norway"
"9917","GrowGeneration","GRWG","91032088","1.545","United States"
"9918","Banqup Group SA","BANQ.BR","90999640","2.45007","Belgium"
"9919","Kooth plc","KOO.L","90836252","2.50304","United Kingdom"
"9920","Vistin Pharma","VISTN.OL","90646971","2.04415","Norway"
"9921","CGRE AG","CGX.F","90571298","15.0952","Germany"
"9922","KLab","3656.T","90534458","1.13992","Japan"
"9923","AB Pieno Zvaigzdes","PZV1L.VS","90405102","2.00302","Lithuania"
"9924","Al Sagr Cooperative Insurance Company","8180.SR","90347488","3.01158","Saudi Arabia"
"9925","Al Anwar Ceramic Tiles","AACT.OM","90285717","0.41039","Oman"
"9926","SkinHealth Systems","SKIN","90096448","0.6923","United States"
"9927","ACTIA Group","ALATI.PA","90019464","4.48212","France"
"9928","Arabian International Healthcare Holding","9530.SR","90001330","4.50007","Saudi Arabia"
"9929","Golden Matrix Group","GMGI","89996768","0.6372","United States"
"9930","Smith Douglas Homes","SDHC","89967432","10.72","United States"
"9931","BioPorto","BIOPOR.CO","89960666","0.181704","Denmark"
"9932","Zevia","ZVIA","89809960","1.245","United States"
"9933","Momentus Inc.","MNTS","89674368","4.0829","United States"
"9934","Buzzfeed","BZFD","89584848","1.075","United States"
"9935","Viomi Technology","VIOT","89360304","1.355","China"
"9936","Rallybio","RLYB","89349152","16.825","United States"
"9937","Victoria PLC","VCP.L","89336276","0.771885","United Kingdom"
"9938","Himatsingka Seide","HIMATSEIDE.NS","89272553","0.709964","India"
"9939","MediciNova","MNOV","89090456","1.81","United States"
"9940","Delfingen Industry","ALDEL.PA","89063077","34.2545","France"
"9941","Vera Bradley","VRA","89011736","3.13","United States"
"9942","SelectQuote","SLQT","88957544","0.5038","United States"
"9943","Creepy Jar","CRJ.WA","88864306","127.064","Poland"
"9944","Kuwait Foundry Company K.S.C.P.","KFOUC.KW","88829092","1366.6","Kuwait"
"9945","electroCore","ECOR","88806472","9.85","United States"
"9946","Nilörngruppen","NIL-B.ST","88774397","7.78587","Sweden"
"9947","Apetit Oyj","APETIT.HE","88516696","14.1663","Finland"
"9948","Infant Bacterial Therapeutics AB","IBT-B.ST","88472089","6.56739","Sweden"
"9949","Yiren Digital","YRD","88363344","1.01","China"
"9950","BCP Investment Corporation","BCIC","88270672","7.128","United States"
"9951","Laox Holdings","8202.T","88129743","0.96405","Japan"
"9952","Cavatina Holding Spólka Akcyjna","CAV.WA","88111234","3.46539","Poland"
"9953","Martin Midstream Partners","MMLP","87948384","2.2479","United States"
"9954","Maytronics","MTRN.TA","87654321","0.798733","Israel"
"9955","SYLA Holdings","8887.T","87535276","2.33196","Japan"
"9956","PhenixFIN","PFX","87525288","45.32","United States"
"9957","Scully Royalty","SRL","87475384","5.745","China"
"9958","Topps Tiles","TPT.L","87423193","0.446489","United Kingdom"
"9959","Oman United Insurance","OUIC.OM","87272729","0.831169","Oman"
"9960","CBAK Energy Technology","CBAT","87262960","0.9844","China"
"9961","Charlotte's Web","CWEB.TO","87068431","0.32094","United States"
"9962","Amana Cooperative Insurance Company","8310.SR","87019037","2.0237","Saudi Arabia"
"9963","Velo3D","VLDX","86513896","6.15","United States"
"9964","XXL ASA","XXL.OL","86472902","0.988001","Norway"
"9965","Panasonic Manufacturing Malaysia Berhad","3719.KL","86459701","1.4233","Malaysia"
"9966","Union Insurance Company","UNION.AE","86451015","0.35","United Arab Emirates"
"9967","Fortress Biotech","FBIO","86379064","2.59","United States"
"9968","Taageer Finance","TFCI.OM","86212526","0.303896","Oman"
"9969","Vitura SA","VTR.PA","85912747","5.03948","France"
"9970","Alliance Aviation Services","AQZ.AX","85826147","0.416397","Australia"
"9971","Pharol, SGPS S.A.","PHR.LS","85789468","0.104389","Portugal"
"9972","SAICO (Saudi Arabian Cooperative Insurance Company)","8100.SR","85394753","2.84649","Saudi Arabia"
"9973","Aldeyra Therapeutics","ALDX","85361880","1.415","United States"
"9974","Zephyr Energy plc","ZPHR.L","85267988","0.0405899","United Kingdom"
"9975","Antalpha Platform","ANTA","85250920","3.55","Singapore"
"9976","Verrica Pharmaceuticals","VRCA","84949112","4.945","United States"
"9977","Alan Allman Associates","AAA.PA","84929496","1.86948","France"
"9978","Kuwait Resorts Company","MUNTAZAHAT.KW","84842595","404.436","Kuwait"
"9979","Acrivon Therapeutics","ACRV","84635384","1.975","United States"
"9980","Elevate Uranium","EL8.AX","84476595","0.179482","Australia"
"9981","Hyperfine","HYPR","84467768","0.7965","United States"
"9982","Micware Co., Ltd.","MWC","84375568","1.42","Japan"
"9983","Athos Immobilien","ATH.VI","84261396","48.3047","Austria"
"9984","OEX S.A.","OEX.WA","84244537","13.2621","Poland"
"9985","Accendra Health","ACH","84210656","1.095","United States"
"9986","Casino Guichard-Perrachon","CO.PA","84099204","0.210172","France"
"9987","Groupe LDLC","ALLDL.PA","84062780","13.7715","France"
"9988","11 bit studios","11B.WA","83960282","34.7345","Poland"
"9989","Senergy Holding Company K.S.C.P.","SENERGY.KW","83929177","831.702","Kuwait"
"9990","Quick Heal","QUICKHEAL.NS","83801956","1.54407","India"
"9991","Summit State Bank","SSBI","83770704","12.38","United States"
"9992","Omer-Decugis & Cie","ALODC.PA","83608818","9.84673","France"
"9993","Al Fujairah National Insurance Company","AFNIC.AE","83352848","62.62","United Arab Emirates"
"9994","Dlala Brokerage and Investment Holding Company","DBIS.QA","83320551","0.437637","Qatar"
"9995","Ispire Technology","ISPR","83229128","1.45","United States"
"9996","Great Elm Capital","GECC","83205160","5.9904","United States"
"9997","IBU-tec advanced materials AG","IBU.DE","83009180","17.4756","Germany"
"9998","Emperor International","0163.HK","83002727","0.0150468","Hong Kong"
"9999","High Co.","HCO.PA","82954624","4.18602","France"
"10000","Abitare In S.p.A.","ABT.MI","82810258","3.23967","Italy"
"10001","Aura Energy","AURA.L","82758086","0.0811798","Australia"
"10002","Air T, Inc.","AIRT","82648000","30.65","United States"
"10003","DelfinGroup AS","DGR1R.RG","82634094","1.81723","Latvia"
"10004","Scherzer &amp; Co. AG","PZS.DE","82564536","3.08871","Germany"
"10005","Asetek","ASTK.CO","82564016","0.260469","Denmark"
"10006","LUDWIG BECK am Rathauseck - Textilhaus Feldmeier","ECK.DE","82378079","22.2945","Germany"
"10007","Nexstim","NXTMH.HE","82329292","11.3795","Finland"
"10008","Quantum Graphite","QGL.AX","82270797","0.233326","Australia"
"10009","Jushi Holdings","JUSHF","82261016","0.41193","United States"
"10010","Al Madar Kuwait Holding Company","MADAR.KW","82201551","397.913","Kuwait"
"10011","The InterGroup Corporation","INTG","82041640","38.18","United States"
"10012","Kokuyo Camlin","KOKUYOCMLN.NS","81794743","0.81547","India"
"10013","Galfar Engineering and Contracting","GECS.OM","81721818","0.402597","Oman"
"10014","Warba Capital Holding Company","WARBACAP.KW","81702386","2723.42","Kuwait"
"10015","Hily Holding","HH.AE","81688226","0.68","United Arab Emirates"
"10016","Western Bulk","WEST.OL","81684814","2.49601","Norway"
"10017","Sterling Tools","STERTOOLS.NS","81658930","2.24681","India"
"10018","Ebixcash India","EBIXFOREX.NS","81507586","7.31","India"
"10019","Chegg","CHGG","81405352","0.7332","United States"
"10020","United Finance Co. SAOG","UFCI.OM","81400527","0.228571","Oman"
"10021","Ideal Power","IPWR","81351536","4.95","United States"
"10022","Creo Medical Group","CREO.L","81340249","0.167433","United Kingdom"
"10023","Hennessy Advisors","HNNA","81218600","10.2751","United States"
"10024","Rottneros","RROS.ST","81195835","0.304103","Sweden"
"10025","Banader Hotels Company","BANADER.BH","81106824","0.695145","Bahrain"
"10026","Wallbox","WBX","81011448","3.34","Spain"
"10027","Noodles &amp; Company","NDLS","80907912","13.56","United States"
"10028","Heidmar Maritime Holdings","HMR","80819032","1.37","Greece"
"10029","Wiener Privatbank","WPB.VI","80776314","16.1403","Austria"
"10030","Prevas AB","PREV-B.ST","80630732","6.25761","Sweden"
"10031","Corero Network Security","CNS.L","80556349","0.157286","United Kingdom"
"10032","PWO AG","PWO.DE","80556203","25.778","Germany"
"10033","Telomir Pharmaceuticals","TELO","80466704","1.17","United States"
"10034","National Hotels Company (Bahrain)","NHOTEL.BH","80421087","0.899204","Bahrain"
"10035","Thryv","THRY","80212592","1.805","United States"
"10036","Pulmonx","LUNG","80098520","1.865","United States"
"10037","LanzaTech Global","LNZA","79778448","6.095","United States"
"10038","Sera Prognostics","SERA","79687920","2.02","United States"
"10039","Premier Miton Group plc","PMI.L","79590434","0.500609","United Kingdom"
"10040","ALBA SE","ABA.F","79586725","8.08808","Germany"
"10041","Alithya Group","ALYA.TO","79559145","0.822185","Canada"
"10042","Advanced Flower Capital","AFCG","79554976","3.5292","United States"
"10043","Tigo Energy","TYGO","79460792","1.035","United States"
"10044","Grand Twins International Cambodia","GTI.KH","79397605","1.98","Cambodia"
"10045","Blink Charging","BLNK","79382936","0.5477","United States"
"10046","OS Therapies","OSTX","79139760","1.703","United States"
"10047","PMV Pharmaceuticals","PMVP","79117920","1.48","United States"
"10048","Home Federal Bancorp (HFB Bank)","HFBL","79073304","25.99","United States"
"10049","Moulinvest","ALMOU.PA","79056751","26.1263","France"
"10050","iBio","IBIO","78795680","1.2253","United States"
"10051","Aqar Real Estate Investments Company","AQAR.KW","78760103","352.25","Kuwait"
"10052","InterCure","INCR","78619736","5.24","Israel"
"10053","Credit Rating And Collection Company","TAHSSILAT.KW","78571427","476.19","Kuwait"
"10054","Alcadon Group AB","ALCA.ST","78461930","3.20109","Sweden"
"10055","Silvercrest Asset Management Group","SAMG","78374256","10.02","United States"
"10056","OQIC Oman Qatar Insurance Company","OQIC.OM","78306165","0.485714","Oman"
"10057","Lifevantage","LFVN","78295928","6.25","United States"
"10058","Saudi Vitrified Clay Pipe Company","2360.SR","78285180","5.21901","Saudi Arabia"
"10059","CombinedX","CX.ST","78242984","4.01685","Sweden"
"10060","Elica S.p.A.","ELC.MI","78233072","1.33535","Italy"
"10061","MAIA Biotechnology","MAIA","78171952","1.285","United States"
"10062","Blackboxstocks","BLBX","78138184","18.15","United States"
"10063","Nankai Tatsumura Construction","1850.T","77956218","2.78141","Japan"
"10064","Cantourage Group SE","HIGH.DE","77881605","6.50255","Germany"
"10065","Icape Holding","ALICA.PA","77801047","9.86995","France"
"10066","OSE Immunotherapeutics","OSE.PA","77762301","3.14445","France"
"10067","Enigmatig","EGG","77714432","2.775","Singapore"
"10068","Rent the Runway","RENT","77584648","2.31","United States"
"10069","Hoffmann Green Cement Technologies","ALHGR.PA","77227777","4.37181","France"
"10070","Steel Connect","STCN","77168096","12.18","United States"
"10071","PodcastOne","PODC","77144376","2.55","United States"
"10072","Upexi","UPXI","77124976","1.05","United States"
"10073","Umbrella Global Energy","UMB.MC","77100128","3.57641","Spain"
"10074","Llorente &amp; Cuenca","LLYC.MC","77038493","6.61867","Spain"
"10075","Microlise","SAAS.L","76893391","0.662969","United Kingdom"
"10076","GCL Global Holdings Ltd","GCL","76613208","0.5985","Singapore"
"10077","WISeKey International","WKEY","76503648","6.44","Switzerland"
"10078","ad pepper media International","APM.DE","76360155","3.13516","Germany"
"10079","SoundThinking 
 (ShotSpotter)","SSTI","76348664","5.7999","United States"
"10080","Water Intelligence plc","WATR.L","76223891","4.53254","United Kingdom"
"10081","Kellton Tech Solutions","KELLTONTEC.NS","76071495","0.144128","India"
"10082","Battalion Oil","BATL","75898856","1.325","United States"
"10083","Feiyu Technology International Company","1022.HK","75847186","0.0433551","China"
"10084","Northern Technologies International","NTIC","75841088","7.99","United States"
"10085","gumi","3903.T","75832691","1.40699","Japan"
"10086","Mubarrad Holding Company","MUBARRAD.KW","75813352","463.144","Kuwait"
"10087","Ekopak","EKOP.BR","75809324","4.33117","Belgium"
"10088","CleanCore Solutions","ZONE","75464168","0.1503","United States"
"10089","AMC Robotics Corporation","AMCI","75304840","3.245","United States"
"10090","CarParts.com","PRTS","74994440","9.26","United States"
"10091","Full House Resorts","FLL","74758408","2.0401","United States"
"10092","CMGE Technology Group","0302.HK","74755944","0.0239728","China"
"10093","Kapsch TrafficCom","KTCG.VI","74721321","5.22527","Austria"
"10094","Comscore","SCOR","74555040","4.91","United States"
"10095","Naseej International Trading Company","1213.SR","74237553","4.32166","Saudi Arabia"
"10096","CVRx","CVRX","74196848","2.785","United States"
"10097","Town Centre Securities","TOWN.L","74166269","1.76566","United Kingdom"
"10098","NSTS Bancorp","NSTS","74147944","14.115","United States"
"10099","Inseego","INSG","74059016","4.55","United States"
"10100","OKYO Pharma","OKYO","73996136","1.41","United Kingdom"
"10101","InfraCom Group AB","INFRA.ST","73871820","2.12717","Sweden"
"10102","Cingulate","CING","73852120","5.0786","United States"
"10103","Ekinops","EKI.PA","73847169","2.73456","France"
"10104","Austin Engineering","ANG.AX","73812403","0.118458","Australia"
"10105","Mashaer Holding Company K.S.C.P.","MASHAER.KW","73768642","459.883","Kuwait"
"10106","Villars Holding","VILN.SW","73654427","705.773","Switzerland"
"10107","NOVONIX","NVX","73569160","2.9493","Australia"
"10108","Lake Resources NL","LKE.AX","73544732","0.029435","Australia"
"10109","Esterad Investment Company","ESTERAD.BH","73516148","0.66313","Bahrain"
"10110","Westwater Resources","WWR","73230528","0.5696","United States"
"10111","Railcare Group AB","RAIL.ST","73164908","2.99457","Sweden"
"10112","Sono-Tek Corporation","SOTK","73161352","4.655","United States"
"10113","Elite Express","ETS","73075008","1.5","United States"
"10114","SunPower","SPWR","73058056","0.3499","United States"
"10115","Oman Reinsurance","ORIC.OM","73028381","0.220779","Oman"
"10116","Haulotte Group","PIG.PA","72815604","2.47329","France"
"10117","Research Solutions","RSSS","72724408","2.17","United States"
"10118","Development Works Food Company","6013.SR","72653436","24.2178","Saudi Arabia"
"10119","Pliant Therapeutics","PLRX","72479584","1.1705","United States"
"10120","Titanium Oyj","TITAN.HE","72436449","6.99025","Finland"
"10121","Orosur Mining","OMI.V","72302676","0.180304","Canada"
"10122","Agfa-Gevaert","AGFB.BR","72268757","0.466791","Belgium"
"10123","Artifex Mundi","ART.WA","72176480","6.004","Poland"
"10124","Airtasker","ART.AX","72041043","0.147175","Australia"
"10125","Regis Corporation","RGS","71964808","28.8","United States"
"10126","Amar Finance and Leasing Company","AMAR.KW","71954213","368.558","Kuwait"
"10127","Pyxis Tankers","PXS","71879144","7.02","Greece"
"10128","Fairwood Holdings","0052.HK","71861620","0.55469","Hong Kong"
"10129","United Homes Group","UHG","71769208","1.22","United States"
"10130","Rapala VMC Corporation","RAP1V.HE","71390911","1.87231","Finland"
"10131","FreeCast, Inc.","CAST","71371600","1.5","United States"
"10132","Hayah Insurance Company","HAYAH.AE","71333280","0.36","United Arab Emirates"
"10133","Usio","USIO","71238536","2.5","United States"
"10134","McPhy Energy","MCPHY.PA","71172382","2.53774","France"
"10135","FC Porto","FCP.LS","71063318","3.15838","Portugal"
"10136","Al Kathiri Holding Company","3008.SR","71024337","0.314206","Saudi Arabia"
"10137","Pullup Entertainment","ALPUL.PA","71007355","8.88295","France"
"10138","Manazel Holding Company","MANAZEL.KW","70896007","164.71","Kuwait"
"10139","Scana ASA","SCANA.OL","70812363","0.153311","Norway"
"10140","BRAIN Biotech","BNN.DE","70778581","3.23967","Germany"
"10141","Zepp Health","ZEPP","70685208","4.82","China"
"10142","Largo","LGO","70543656","0.684","Canada"
"10143","GTPL Hathway","GTPL.NS","70404169","0.626021","India"
"10144","MGI Digital Technology","ALMDG.PA","70323058","11.5188","France"
"10145","AMTD IDEA Group","AMTD","70233408","0.74","Hong Kong"
"10146","The Italian Sea Group","TISG.MI","70034837","1.32141","Italy"
"10147","Coffee Day Enterprises","COFFEEDAY.NS","70026605","0.331484","India"
"10148","Shuaiba Industrial Company","PAPER.KW","69822010","703.583","Kuwait"
"10149","Kuantum Papers","KUANTUM.NS","69809077","0.799979","India"
"10150","Fidelity United insurance","FIDELITYUNITED.AE","69716776","0.44","United Arab Emirates"
"10151","Ithmaar Holding","ITHMR.BH","69707365","0.171","Bahrain"
"10152","Smart Good Things Holding","MLSGT.PA","69706554","3.24751","France"
"10153","Genasys","GNSS","69679272","1.53","United States"
"10154","Gossamer Bio","GOSS","69611768","0.1424","United States"
"10155","Infas Holding AG","IFS.F","69496054","7.72178","Germany"
"10156","Widam Food Company","WDAM.QA","69230767","0.384615","Qatar"
"10157","Airgain","AIRG","69209760","5.46","United States"
"10158","ZK International Group","ZKIN","69151320","1.139","China"
"10159","Erbud","ERB.WA","68902642","5.77566","Poland"
"10160","Guillemot Corporation","GUI.PA","68840448","4.77241","France"
"10161","Planet Image International","YIBO","68711696","1.16","China"
"10162","Rein Therapeutics","RNTX","68263104","0.7913","United States"
"10163","Airship AI","AISP","68018128","1.975","United States"
"10164","Surf Air Mobility","SRFM","68004336","0.55","United States"
"10165","Salama Cooperative Insurance Company","8050.SR","67900411","2.26335","Saudi Arabia"
"10166","Forian","FORA","67792720","2.17","United States"
"10167","SolarBank","SUUN","67617776","1.44","Canada"
"10168","INVL Technology UTIB","INC1L.VS","67597568","5.64329","Lithuania"
"10169","Pricer AB","PRIC-B.ST","67324374","0.412011","Sweden"
"10170","Altisource Portfolio Solutions","ASPS","67253592","5.889","Luxembourg"
"10171","NFON AG","NFN.DE","67086690","4.01765","Germany"
"10172","Kamux","KAMUX.HE","67007889","1.75105","Finland"
"10173","American Vanguard","AVD","66966436","2.27","United States"
"10174","OSOS Holding Group Company K.P.S.C.","OSOS.KW","66958903","613.177","Kuwait"
"10175","Gentili Mosconi","GM.MI","66848585","3.51835","Italy"
"10176","XBiotech","XBIT","66768136","2.19","United States"
"10177","LeonaBio","LONA","66705372","7.08","United States"
"10178","G8 Education","GEM.AX","66470713","0.0861512","Australia"
"10179","Spero Therapeutics","SPRO","66393528","1.1401","United States"
"10180","MHP Hotel AG","CDZ0.F","66191855","1.42824","Germany"
"10181","Imagineer","4644.T","66177760","6.8656","Japan"
"10182","Geospace Technologies","GEOS","65971576","5.1","United States"
"10183","Vince Holding","VNCE","65970856","5.135","United States"
"10184","Yatra","YTRA","65909880","1.03","India"
"10185","WASGAU Produktions &amp; Handels AG","MSH.F","65908042","9.98607","Germany"
"10186","Where Food Comes From","WFCF","65731552","13.2","United States"
"10187","EML Payments","EML.AX","65709286","0.168713","Australia"
"10188","Wakamoto Pharmaceutical","4512.T","65559920","1.88902","Japan"
"10189","Gentian Diagnostics ASA","GENT.OL","65527878","4.23892","Norway"
"10190","Great Elm Group","GEG","65413712","2.2","United States"
"10191","Pelagic Credit Plc","PLGC.OL","65283675","1.76442","Cyprus"
"10192","ARN Media","A1N.AX","65176688","0.208199","Australia"
"10193","Kuwait and Gulf Link Transport Company","KGL.KW","65160949","234.91","Kuwait"
"10194","Wittchen","WTN.WA","65158177","3.52718","Poland"
"10195","Bango","BGO.L","65157642","0.845623","United Kingdom"
"10196","Sino-Entertainment Technology","6933.HK","64946325","0.151743","China"
"10197","Hour Loop","HOUR","64943668","1.845","United States"
"10198","Talphera","TLPH","64882244","1.25","United States"
"10199","Gambling.com Group","GAMB","64852964","1.84","Jersey"
"10200","Rekor Systems","REKR","64840552","0.4711","United States"
"10201","LumenRadio","LUMEN.ST","64830959","5.15272","Sweden"
"10202","DocCheck","AJ91.DE","64807220","12.7729","Germany"
"10203","Gold Hydrogen Limited","GHY.AX","64776470","0.358963","Australia"
"10204","Gabriel Holding A/S","GABR.CO","64735991","35.4089","Denmark"
"10205","Talenom","TNOM.HE","64667131","1.41663","Finland"
"10206","Nightingale Health","HEALTH.HE","64622431","1.0706","Finland"
"10207","Fermentalg","ALGAE.PA","64541535","0.538783","France"
"10208","Boundless Bio","BOLD","64490536","2.835","United States"
"10209","AMCON Distributing Company","DIT","64420160","66","United States"
"10210","MDxHealth","MDXH","64406736","0.675","Belgium"
"10211","Solutions 30","S30.PA","64276551","0.600325","Luxembourg"
"10212","Off the Hook YS Inc","OTH","64247460","2.57","United States"
"10213","Azure Power","AZREF","64166360","1","India"
"10214","Marks Electrical Group","MRK.L","64042015","0.615614","United Kingdom"
"10215","Allied Cooperative Insurance Group","8150.SR","64003727","2.19944","Saudi Arabia"
"10216","INmune Bio","INMB","63833712","2.3","United States"
"10217","Saudi Enaya Cooperative Insurance Company","8311.SR","63693244","2.76927","Saudi Arabia"
"10218","3P Learning","3PL.AX","63676227","0.233326","Australia"
"10219","Al-Omran Industrial Trading Company","4141.SR","63618691","5.30156","Saudi Arabia"
"10220","Energous","WATT","63616588","11.51","United States"
"10221","Mobilicom","MOB","63437528","4.93","Australia"
"10222","Wakou Shokuhin","2813.T","63384587","25.404","Japan"
"10223","Apollo Minerals Limited","AON.AX","63318757","0.0502549","Australia"
"10224","Alfajar Al Alamia Co. SAOG","AFAI.OM","63296478","1.28312","Oman"
"10225","Coheris SA","COH.PA","63246411","11.124","France"
"10226","The9","NCTY","63230732","4.14","China"
"10227","BranchOut Food","BOF","63168956","3.885","United States"
"10228","Identiv","INVE","63012952","2.6","United States"
"10229","Freightos","CRGO","63008916","1.21","Israel"
"10230","Jaypee Group","JPASSOCIAT.NS","62935016","0.0256397","India"
"10231","Verde Clean Fuels","VGAS","62814968","1.41","United States"
"10232","Pelican Aqua Holding","PLCAN.OL","62762061","1.49008","Cyprus"
"10233","WM Technology","MAPS","62695868","0.36","United States"
"10234","Nordisk Bergteknik AB","NORB-B.ST","62650585","1.09457","Sweden"
"10235","STV Group plc","STVG.L","62554514","1.36653","United Kingdom"
"10236","MindWalk Holdings","HYFT","62493104","1.33","United States"
"10237","N.B.I. Industrial Finance","NBIFIN.NS","62474326","21.143","India"
"10238","MiNK Therapeutics","INKT","62297960","12.2081","United States"
"10239","Aram Group","ARAM.AE","62297681","0.79","United Arab Emirates"
"10240","Zentek","ZTEK","62296812","0.492","Canada"
"10241","Mercor","MCR.WA","62266274","4.06982","Poland"
"10242","Rapid Micro Biosystems","RPID","62197848","1.24","United States"
"10243","Musandam Power","MSPW.OM","62162599","0.883117","Oman"
"10244","LightInTheBox Holding","LITB","62138736","3.15","Singapore"
"10245","TTEC","TTEC","62112884","1.26","United States"
"10246","Sharjah Insurance","SICO.AE","62081359","0.41","United Arab Emirates"
"10247","Travelzoo","TZOO","61724140","6.05","United States"
"10248","Chinese Gamer International","3083.TWO","61717063","0.713608","Taiwan"
"10249","Outset Medical","OM","61654696","3.28","United States"
"10250","AgEagle Aerial Systems","UAVS","61653880","0.9801","United States"
"10251","Idaho Copper Corporation","COPR","61628268","3.48","United States"
"10252","Hindustan Media Ventures","HMVL.NS","61611440","0.836299","India"
"10253","Marchex","MCHX","61567592","1.3886","United States"
"10254","iHuman","IH","61335440","1.2","China"
"10255","Solidion Technology","STI","61249388","7.195","United States"
"10256","Thinkific Labs","THNC.TO","61238553","0.90873","Canada"
"10257","Intchains Group","ICG","61184672","0.9999","China"
"10258","Trophy Games","TGAMES.CO","61172157","2.1587","Denmark"
"10259","Heron Therapeutics","HRTX","61132440","0.322","United States"
"10260","hVIVO","HVO.L","61006999","0.0886213","United Kingdom"
"10261","AEye","LIDR","60899688","1.31","United States"
"10262","5E Advanced Materials","FEAM","60819804","1.465","United States"
"10263","Thimar Development Holding Company","4160.SR","60577818","9.31966","Saudi Arabia"
"10264","Caspian Sunrise","CASP.L","60573418","0.0257069","United Kingdom"
"10265","Serina Therapeutics","SER","60326120","2.375","United States"
"10266","Catana Group","ALCAT.PA","60324382","2.11565","France"
"10267","Universal Electronics","UEIC","60237668","4.675","United States"
"10268","SYLA Technologies","SYT","60158036","2.26","Japan"
"10269","Castellum","CTM","60110292","0.6342","United States"
"10270","W5 Solutions AB","W5.ST","60016451","3.41794","Sweden"
"10271","Oman National Engineering and Investment Co. (SAOG)","ONES.OM","60000001","0.4","Oman"
"10272","Nano Labs","NA","59892352","2.58","China"
"10273","Odysight.ai","ODYS","59755264","3.5554","Israel"
"10274","SAF Tehnika A/S","SAF1R.RG","59665715","20.0882","Latvia"
"10275","WeShop Holdings","WSHP","59640208","5.09","British Virgin Islands"
"10276","Kandi Technologies Group","KNDI","59576436","0.5933","China"
"10277","Ascot Resources","AOT.TO","59394492","0.0399384","Canada"
"10278","GreenMobility A/S","GREENM.CO","59382623","10.1568","Denmark"
"10279","tinyBuild","8Z3.F","59366727","0.150952","United States"
"10280","GEN Restaurant Group","GENK","59333016","1.7999","United States"
"10281","iLearningEngines","AILE","59292656","0.42","United States"
"10282","Postmedia Network Canada","PNC-A.TO","59288060","0.598608","Canada"
"10283","VITA 34","V3V.DE","59104451","3.39062","Germany"
"10284","Playstudios","MYPS","59075696","0.4918","United States"
"10285","MacroWell OMG Digital Entertainment","3687.TWO","59008838","1.95886","Taiwan"
"10286","Cimbeton","CMBTN.IS","59008134","33.3379","Turkey"
"10287","RAPCO Investment","RAPCO.AE","59003732","0.62","United Arab Emirates"
"10288","Global Self Storage","SELF","58884272","5.1556","United States"
"10289","Cyberoo","CYB.MI","58819491","1.43985","Italy"
"10290","Solitario Resources","XPL","58789580","0.6209","United States"
"10291","Agile Content","AGIL.MC","58561878","2.55458","Spain"
"10292","eXoZymes","EXOZ","58472564","6.3","United States"
"10293","Leifras","LFS","58442824","2.234","Japan"
"10294","Branicks Group","BRNK.DE","58414350","0.699025","Germany"
"10295","Cabka","7GW.F","58189649","2.34556","Germany"
"10296","Metal and Recycling Company K.S.C.","MRC.KW","58178505","645.793","Kuwait"
"10297","Nordwest Handel","NWX.F","58056202","18.1143","Germany"
"10298","ImageneBio","IMA","57894324","5.09","United States"
"10299","Ferrum S.A. de Cerámica y Metalurgia","FERR.BA","57884927","0.0125372","Argentina"
"10300","374Water","SCWO","57793096","3.2618","United States"
"10301","TechPrecision","TPCS","57759584","5.7","United States"
"10302","System1 Group","SYS1.L","57685408","4.54607","United Kingdom"
"10303","Naked Wines","WINE.L","57618208","0.87133","United Kingdom"
"10304","Gulf Mushroom Products Company SAOG","GMPI.OM","57534147","1.14286","Oman"
"10305","Linz Textil","LTH.VI","57477939","191.593","Austria"
"10306","Bilendi SA","ALBLD.PA","57337768","12.3781","France"
"10307","Saga Communications","SGA","57325528","9.0163","United States"
"10308","Fire Rock","1909.HK","57282116","0.235903","China"
"10309","Nano-X Imaging","NNOX","56803872","0.7228","Israel"
"10310","Exasol AG","EXL.DE","56798915","2.13655","Germany"
"10311","Garo Aktiebolag","GARO.ST","56793482","1.13587","Sweden"
"10312","FUJI UNITED HOLDINGS CO LTD","416A.T","56744612","8.59828","Japan"
"10313","SunCar Technology Group","SDA","56727408","0.5561","China"
"10314","Ultimate Products","ULTP.L","56328309","0.675145","United Kingdom"
"10315","Watkin Jones Plc","WJG.L","55758373","0.217021","United Kingdom"
"10316","Vivid Seats","SEAT","55643912","4.95","United States"
"10317","Hyperion DeFi","HYPD","55631172","3.58","United States"
"10318","Tuniu Corporation","TOUR","55622436","5.12","China"
"10319","Gamesparcs","6542.TWO","55597330","1.35601","Taiwan"
"10320","Senzime AB","SEZI.ST","55520839","0.353152","Sweden"
"10321","Sequana Medical","SEQUA.BR","55461116","0.709475","Belgium"
"10322","Bever Holding","BEVER.AS","55458817","3.25128","Netherlands"
"10323","The Children's Place","PLCE","55370300","2.49","United States"
"10324","SHW AG","SW10.HM","55304168","8.59266","Germany"
"10325","BG Staffing","BGSF","55197572","5.15","United States"
"10326","audius SE","3ITN.DE","55138153","11.2053","Germany"
"10327","NaaS Technology","NAAS","55088820","3.23","China"
"10328","Churchill China","CHH.L","55056135","5.00609","United Kingdom"
"10329","LiveOne","LVO","54778596","3.995","United States"
"10330","Poujoulat","ALPJT.PA","54677558","6.99025","France"
"10331","Ebusco Holding","EBUS.AS","54519937","0.236879","Netherlands"
"10332","Allied Esports","AESE","54324936","1.3899","United States"
"10333","Columbus Energy","CLC.WA","54316571","0.789788","Poland"
"10334","Future Kid Entertainment and Real Estate Company","FUTUREKID.KW","54260762","456.621","Kuwait"
"10335","Muscat Finance","MFCI.OM","54249222","0.176623","Oman"
"10336","TransAct Technologies","TACT","54203472","5.25","United States"
"10337","Pekabex","PBX.WA","53687668","2.16251","Poland"
"10338","Viscom SE","V6C.DE","53648761","6.03809","Germany"
"10339","Dr. Hönle AG","HNL.DE","53636007","8.84812","Germany"
"10340","Itera ASA","ITERA.OL","53631838","0.660583","Norway"
"10341","Aptech","APTECHT.NS","53546663","0.923174","India"
"10342","OT Logistics","OTS.WA","53485667","4.08326","Poland"
"10343","Poulaillon","ALPOU.PA","53432539","10.4542","France"
"10344","The Arena Group","AREN","53323932","1.12","United States"
"10345","VEEM Ltd","VEE.AX","53204417","0.362553","Australia"
"10346","Hain Celestial","HAIN","53114176","0.5885","United States"
"10347","Intellicheck","IDN","53098868","2.62","United States"
"10348","CDON AB","CDON.ST","53042152","4.62609","Sweden"
"10349","Unikai Foods","UNIKAI.AE","52980867","1.36404","United Arab Emirates"
"10350","Shimao Property","0813.HK","52920445","0.0051006","Hong Kong"
"10351","Greenland Energy Company","GLND","52913532","1.21","United States"
"10352","Gold Road International p.l.c.","GOLDR.OL","52669330","0.918791","Malta"
"10353","Aurelion Inc.","AURE","52640000","1.4","Hong Kong"
"10354","Aiming Inc","3911.T","52590224","1.1269","Japan"
"10355","Immutep","IMMP","52420264","0.3557","Australia"
"10356","ORBIS AG","OBS.DE","52339881","5.52717","Germany"
"10357","Prairie Operating","PROP","52281876","0.4635","United States"
"10358","Amoéba S.A.","ALMIB.PA","52114827","0.669995","France"
"10359","Sensus Healthcare","SRTS","52102416","3.165","United States"
"10360","Abundia Global Impact Group","AGIG","52097376","1.18","United States"
"10361","Luna Innovations","LUNA","52045528","1.5","United States"
"10362","Cettire Limited","CTT.AX","52003199","0.136406","Australia"
"10363","Bahrain Ship Repairing and Engineering Company","BASREC.BH","51994694","0.061008","Bahrain"
"10364","MarketWise","MKTW","51804788","18.55","United States"
"10365","BLG Logistics","BLH.F","51723178","13.4696","Germany"
"10366","Greenidge Generation Holdings","GREE","51500392","2.84","United States"
"10367","Renalytix","RENX.L","51469805","0.0852388","United Kingdom"
"10368","Kuwait Hotels Company K.S.C.P.","KHOT.KW","51426826","828.441","Kuwait"
"10369","BBX Capital Corporation","BBXIA","51157092","3.7","United States"
"10370","IZEA Worldwide","IZEA","51116800","2.935","United States"
"10371","Regal Hotels International","0078.HK","51001629","0.0567441","Hong Kong"
"10372","Bayan Investment Holding Company","BAYANINV.KW","50946151","234.834","Kuwait"
"10373","Vantiva","VANTI.PA","50896746","0.103809","France"
"10374","Myomo","MYO","50698056","1.28","United States"
"10375","Sylogist","SYZ.TO","50606708","2.16364","Canada"
"10376","MicroVision","MVIS","50489956","1.6506","United States"
"10377","Gogoro","GGR","50384684","2.51","Taiwan"
"10378","Seres Therapeutics","MCRB","50324356","5.01","United States"
"10379","Instil Bio","TIL","50322268","7.42","United States"
"10380","Vroom","VRM","50144604","9.5799","United States"
"10381","Kestrel Group","KG","50112912","6.405","Bermuda"
"10382","Schwälbchen Molkerei","SMB.F","49930331","49.9303","Germany"
"10383","The ONE Group Hospitality","STKS","49751768","1.57","United States"
"10384","Fernheizwerk Neukölln","FHW.F","49674874","21.5978","Germany"
"10385","Shengfeng Development","SFWL","49663500","9.03","China"
"10386","3i Infotech","3IINFOLTD.NS","49604102","0.239167","India"
"10387","Swiss Steel","STLN.SW","49532747","1.60943","Switzerland"
"10388","Culp, Inc.","CULP","49353300","3.88","United States"
"10389","cyan AG","CYR.DE","49337303","2.27589","Germany"
"10390","SCYNEXIS","SCYX","49001828","4.925","United States"
"10391","RYTHM, Inc.","RYM","48806696","22.71","United States"
"10392","Phnom Penh SEZ","PPSP.KH","48733243","0.34","Cambodia"
"10393","Stem, Inc","STEM","48711324","5.06","United States"
"10394","Heritage Global","HGBL","48668416","1.405","United States"
"10395","Precipio","PRPO","48567800","27.13","United States"
"10396","Navigo Invest","NAVIGO-STAM.ST","48534225","0.32837","Sweden"
"10397","Reading International","RDI","48527068","2.12","United States"
"10398","G5 Entertainment","G5EN.ST","48488830","6.52609","Sweden"
"10399","Cato Fashion","CATO","48473648","2.4344","United States"
"10400","Annovis Bio","ANVS","48426152","1.1366","United States"
"10401","HWA AG","H9W.DE","48368594","3.36739","Germany"
"10402","Hopscotch Global PR Group","ALHOP.PA","48320605","15.85","France"
"10403","Qatar Electronic Systems","TQES.QA","48285713","0.571429","Qatar"
"10404","Gulf Franchising Holding Company","GFC.KW","48248176","1206.78","Kuwait"
"10405","Dish TV","DISHTV.NS","48180245","0.026167","India"
"10406","Hinduja Ventures","NXTDIGITAL.NS","48138727","1.43","India"
"10407","Dhofar Generating Company","DGEN.OM","47911482","0.215584","Oman"
"10408","Mobile Factory","3912.T","47841186","7.36717","Japan"
"10409","Meds Apotek AB","MEDS.ST","47752707","2.5712","Sweden"
"10410","Werewolf Therapeutics","HOWL","47593064","0.9793","United States"
"10411","Elauwit Connection","ELWT","47541392","7.1817","United States"
"10412","Sportsman's Warehouse","SPWH","47361172","1.21","United States"
"10413","Mr.Bricolage","ALMRB.PA","47343884","4.38922","France"
"10414","Devolver Digital","DEVO.L","47330100","0.0980923","United States"
"10415","GenFlat Holdings","GFLT","47309892","3.61","United States"
"10416","Indonesia Energy","INDO","47237596","3.07","Indonesia"
"10417","Grace Therapeutics","GRCE","47120484","2.24","United States"
"10418","Hvidbjerg Bank","HVID.CO","47098033","28.032","Denmark"
"10419","Palms Agro Production Company","PAPCO.KW","47094458","900.196","Kuwait"
"10420","GBK Beteiligungen AG","GBQ.HM","47027405","6.96702","Germany"
"10421","İşbir Holding","ISBIR.IS","46987677","1.45082","Turkey"
"10422","Toro Energy","TOE.AX","46891846","0.38985","Australia"
"10423","Hutter &amp; Schrantz Stahlbau AG","HST.VI","46886383","31.3516","Austria"
"10424","AS Silvano Fashion Group","SFG1T.TL","46609384","1.29471","Estonia"
"10425","Wethaq Takaful Insurance Company K.S.C.P.","WETHAQ.KW","46557680","424.005","Kuwait"
"10426","Manhattan Bridge Capital","LOAN","46274452","4.0501","United States"
"10427","Doxa AB","DOXA.ST","46093967","0.0351087","Sweden"
"10428","DEMIRE Deutsche Mittelstand Real Estate","DMRE.DE","46066806","0.4366","Germany"
"10429","Celebrus Technologies","CLBS.L","45982163","1.23123","United Kingdom"
"10430","Nutun Limited","NTU.JO","45979000","0.0588983","South Africa"
"10431","Nippon Ichi Software","3851.T","45915621","9.0738","Japan"
"10432","Pattern S.p.A.","PTR.MI","45813336","3.06549","Italy"
"10433","Gigas Hosting","GIGA.MC","45759045","3.65769","Spain"
"10434","Granite Point Mortgage Trust","GPMT","45710528","0.9539","United States"
"10435","Xtant Medical","XTNT","45705820","0.3258","United States"
"10436","Shoe Zone","SHOE.L","45678665","0.994453","United Kingdom"
"10437","Teads","TEAD","45590492","0.4649","United States"
"10438","Synthaverse","SVE.WA","45341868","0.787101","Poland"
"10439","Pestech Cambodia","PEPC.KH","45331441","0.6","Cambodia"
"10440","SGT German Private Equity","GAI.DE","45152941","0.975188","Germany"
"10441","AS Ekspress Grupp","EEG1T.TL","45111673","1.45727","Estonia"
"10442","Comtech Telecommunications","CMTL","45091956","1.505","United States"
"10443","Sachem Capital","SACH","44957468","0.9375","United States"
"10444","Planet13","PLTH.CN","44739896","0.133425","United States"
"10445","People Can Fly","PCF.WA","44570309","0.967087","Poland"
"10446","Gurunavi, Inc.","2440.T","44432745","0.788176","Japan"
"10447","Grove Collaborative","GROV","44409088","1.04","United States"
"10448","Touax SCA","TOUP.PA","44392265","6.36395","France"
"10449","Metagenomi","MGX","44388096","1.175","United States"
"10450","Mirza International","MIRZAINT.NS","44307348","0.320599","India"
"10451","the Marygold Companies","MGLD","44210156","1.02","United States"
"10452","Laird Superfood","LSF","44155928","3.945","United States"
"10453","iFOREX","IFRX.L","43964988","1.96185","Guernsey"
"10454","Mereo BioPharma Group","MREO","43883080","0.2748","United Kingdom"
"10455","Bahrain Cinema Company","CINECO.BH","43832068","2.62599","Bahrain"
"10456","Vilniaus Baldai AB","VBL1L.VS","43772398","11.2634","Lithuania"
"10457","Odyssey Marine Exploration","OMEX","43725084","0.745","United States"
"10458","Paref SA","PAR.PA","43636220","28.797","France"
"10459","Tessellis","TSL.MI","43631748","0.100093","Italy"
"10460","SunScout Holding","SNSC","43624500","1.145","New Zealand"
"10461","Fujairah Cement Industries","FCI.AE","43600260","0.12","United Arab Emirates"
"10462","Orapi SA","ORAP.PA","43596174","6.69206","France"
"10463","Equipment Holding Company K.S.C.P.","EQUIPMENT.KW","43574690","544.684","Kuwait"
"10464","TH International (Tims China)","THCH","43569680","1.36","China"
"10465","Sequans Communications","SQNS","43427236","2.895","France"
"10466","Nass Corporation B.S.C.","NASS.BH","43183023","0.541114","Bahrain"
"10467","FRIWO","CEA.DE","43110210","5.03948","Germany"
"10468","Clasquin SA","ALCLA.PA","43100786","0.754761","France"
"10469","Mister Spex","MRX.F","43020596","1.25406","Germany"
"10470","Qatar Cinema and Film Distribution Company","QCFS.QA","42792232","0.681319","Qatar"
"10471","Genenta Science","GNTA","42671916","0.885","Italy"
"10472","VIDA Global Inc.","VIDA","42619884","2.13","United States"
"10473","AS Pro Kapital Grupp","PKG1T.TL","42456722","0.748955","Estonia"
"10474","Pixelworks","PXLW","42224764","6.98","United States"
"10475","aTyr Pharma","ATYR","42177592","0.43","United States"
"10476","Fractal Gaming Group","FRACTL.ST","42170401","1.44565","Sweden"
"10477","Kayak Inc","3904.T","42154941","2.73582","Japan"
"10478","Veru","VERU","42131340","2.471","United States"
"10479","freelancer.com","FLN.AX","42084092","0.0933305","Australia"
"10480","Ekso Bionics","EKSO","42047896","11.8","United States"
"10481","Diginex","DGNX","41947388","1.44","Hong Kong"
"10482","FORTEC Elektronik AG","FEV.DE","41894846","12.889","Germany"
"10483","MS Industrie","MSAG.DE","41767874","1.40502","Germany"
"10484","Qatari German Company for Medical Devices","QGMD.QA","41725964","0.361264","Qatar"
"10485","PAVmed","PAVM","41683736","4.235","United States"
"10486","DATRON AG","DAR.DE","41680410","10.5667","Germany"
"10487","Rave Restaurant Group","RAVE","41639892","2.93","United States"
"10488","Phunware","PHUN","41541280","2.0301","United States"
"10489","Actinium Pharmaceuticals","ATNM","41502696","1.32","United States"
"10490","Celularity","CELU","41392720","1.43","United States"
"10491","3U Holding","UUU.DE","41296183","1.12169","Germany"
"10492","Massimo Motor","MAMO","41074636","0.9864","United States"
"10493","AXIL Brands","AXIL","41031604","6.014","United States"
"10494","Bragg Gaming Group","BRAG","41003696","1.32","Canada"
"10495","Netgem","ALNTG.PA","40996007","1.22503","France"
"10496","Insurance House","IH.AE","40771062","0.36","United Arab Emirates"
"10497","INMA Holding Company","IHGS.QA","40765335","0.71978","Qatar"
"10498","Kuwait Real Estate Holding Company","ALAQARIA.KW","40742710","216.569","Kuwait"
"10499","Sýn hf.","SYN.IC","40709416","0.164384","Iceland"
"10500","Plutus Financial Group","PLUT","40677500","2.65","United States"
"10501","Sharqiyah Desalination Company SAOG","SHRQ.OM","40645055","0.415584","Oman"
"10502","edding AG","EDD3.F","40508362","37.7447","Germany"
"10503","Balco Group","BALCO.ST","40413003","1.75543","Sweden"
"10504","The Beachbody Company","BODI","40139624","5.5101","United States"
"10505","ATA Creativity Global","AACG","39967632","0.925","China"
"10506","TELA Bio","TELA","39866544","0.888","United States"
"10507","Wolford","WOL.VI","39863186","2.69705","Austria"
"10508","Hydrogène de France","HDF.PA","39822723","2.75197","France"
"10509","Stock3 AG","BOG.DE","39795635","35.5318","Germany"
"10510","Aiforia Technologies Oyj","AIFORIA.HE","39722184","1.06247","Finland"
"10511","Takaful Oman Insurance SAOG","TAOI.OM","39610391","0.158442","Oman"
"10512","Acanthe Développement","ACAN.PA","39553071","0.239201","France"
"10513","Dierig Holding AG","DIE.DE","39544511","9.63771","Germany"
"10514","Mentice AB","MNTC.ST","39498320","1.40435","Sweden"
"10515","Orient Paper Mills","ORIENTPPR.NS","39487737","0.1861","India"
"10516","Brera Holdings","SLMT","39468320","3.585","Ireland"
"10517","Milestone Scientific","MLSS","39334268","0.4341","United States"
"10518","SHL Telemedicine","SHLT","39255860","2.05","Israel"
"10519","Xos, Inc.","XOS","39170184","2.755","United States"
"10520","Optomed","OPTOMED.HE","39147670","1.82304","Finland"
"10521","PlaySide Studios","PLY.AX","39098394","0.0861512","Australia"
"10522","Müller - Die lila Logistik","MLL.DE","38799523","4.87692","Germany"
"10523","Berentzen-Gruppe","BEZ.DE","38792384","4.04087","Germany"
"10524","Estoril Sol","ESON.LS","38791381","3.25128","Portugal"
"10525","CervoMed","CRVO","38704884","2.56","United States"
"10526","Enapter AG","H2O.DE","38677584","1.1902","Germany"
"10527","Al Maha Ceramics","AMCI.OM","38571430","0.701299","Oman"
"10528","Skillsoft","SKIL","38494880","4.23","United States"
"10529","geechs","7060.T","38316793","3.77152","Japan"
"10530","The National Investor PRJSC","TNI.AE","38263404","0.16","United Arab Emirates"
"10531","LivePerson","LPSN","38245620","3.1","United States"
"10532","Filana Therapeutics","FLNA","38172900","0.7902","United States"
"10533","Vivoryon Therapeutics","05Y.F","37997950","1.28309","Germany"
"10534","Adval Tech","ADVN.SW","37991434","52.0431","Switzerland"
"10535","Kartoon Studios","TOON","37975604","0.6105","United States"
"10536","InspireMD","NSPR","37934872","0.8099","Israel"
"10537","Delticom AG","DEX.DE","37887825","2.55458","Germany"
"10538","Silicon Studio","3907.T","37834883","13.7833","Japan"
"10539","Canacol Energy","CNE.TO","37737619","1.10603","Canada"
"10540","Oman Chromite Company","OCCI.OM","37714287","10.3896","Oman"
"10541","Cliq Digital AG","CLIQ.DE","37682827","6.43288","Germany"
"10542","Shankara Building","SHANKARA.NS","37637978","1.55212","India"
"10543","5th Planet Games","5PG.OL","37606124","0.139863","Denmark"
"10544","Qatar Oman Investment Company","QOIS.QA","37582416","0.208791","Qatar"
"10545","The Energy House Holding Company","ENERGYH.KW","37555655","828.441","Kuwait"
"10546","PAL Next AG","PAL.DE","37517781","1.09852","Germany"
"10547","Botanix Pharmaceuticals","BOT.AX","37329058","0.0136406","Australia"
"10548","Harvard Bioscience","HBIO","37010240","8.13","United States"
"10549","Cryo-Cell International","CCEL","36765684","4.56","United States"
"10550","Al Faleh Educational Holding","FALH.QA","36659340","0.152747","Qatar"
"10551","Enzo Biochem","ENZB","36587800","0.69887","United States"
"10552","RATH Aktiengesellschaft","RAT.VI","36576871","24.3846","Austria"
"10553","PetMed Express","PETS","36528968","1.685","United States"
"10554","Franklin Street Properties","FSP","36476908","0.3507","United States"
"10555","Youlife Group Inc.","YOUL","36376324","0.449","China"
"10556","HiPay Group","ALHYP.PA","36332507","5.78263","France"
"10557","First Breach Inc.","FBDT","36260108","0.6501","United States"
"10558","Arabia Falcon Insurance Company (AFIC)","AFIC.OM","36222661","0.350649","Oman"
"10559","Gala Incorporated","4777.T","36144908","1.28974","Japan"
"10560","United Cooperative Assurance Company","8190.SR","36000532","0.900013","Saudi Arabia"
"10561","U.S. Global Investors","GROW","35972224","2.925","United States"
"10562","Forsee Power","FORSE.PA","35917580","0.307137","France"
"10563","Ekttitab Holding Company K.S.C","EKTTITAB.KW","35853020","112.524","Kuwait"
"10564","Majan University College","BACS.OM","35742858","0.361039","Oman"
"10565","Al Abraaj Restaurants Group","ABRAAJ.BH","35591994","0.530504","Bahrain"
"10566","Verimatrix","VMX.PA","35566564","0.407571","France"
"10567","Muscat City Desalination Company","MCDE.OM","35554378","0.228571","Oman"
"10568","ABO Energy","AB9.DE","35547282","3.85509","Germany"
"10569","Elutia","ELUT","35546540","0.8026","United States"
"10570","Destination XL","DXLG","35501364","0.6402","United States"
"10571","Skycorp Solar Group","PN","35411136","2.4001","China"
"10572","genOway","ALGEN.PA","35389715","2.86809","France"
"10573","Dye &amp; Durham","DND.TO","35370615","0.526487","Canada"
"10574","Mauna Kea Technologies","ALMKT.PA","35334019","0.177891","France"
"10575","Axel Mark","3624.T","35311545","0.54065","Japan"
"10576","Scilex Holding","SCLX","35279204","5.015","United States"
"10577","Laser Photonics","LASE","35129272","0.7002","United States"
"10578","DIRTT Environmental Solutions","DRTT","35057372","0.3343","Canada"
"10579","Lavoro","LVRO","34951524","0.304","Brazil"
"10580","Baird Medical Investment Holdings","BDMD","34860112","1.09","China"
"10581","Westport Fuel Systems","WPRT","34762196","1.83","Canada"
"10582","Scienjoy Holding Corporation","SJ","34734544","0.818","China"
"10583","DocGo","DCGO","34694176","0.3507","United States"
"10584","Eco Wave Power Global","WAVE","34550892","5.5373","Israel"
"10585","LianBio","LIAN","34472096","0.319","United States"
"10586","Gaia","GAIA","34451948","1.355","United States"
"10587","Halloren Schokoladenfabrik","H2RB.HM","34359163","5.81463","Germany"
"10588","Asphere Innovations","AS.BK","34211571","0.0685264","Thailand"
"10589","Elbstein AG","EBS.HM","34138413","1.13795","Germany"
"10590","SBF AG","CY1K.DE","34037874","3.50673","Germany"
"10591","Pioneer Power Solutions","PPSI","33963752","3.06","United States"
"10592","Pulsar Group","PULS.L","33939646","0.250304","United Kingdom"
"10593","Dalqan Real Estate Company","DALQAN.KW","33875237","561.178","Kuwait"
"10594","System1","SST","33834160","3.885","United States"
"10595","Varengold Bank AG","VG8.DE","33822668","3.36779","Germany"
"10596","Context Therapeutics","CNTX","33508334","0.3647","United States"
"10597","Söktas Tekstil","SKTAS.IS","33337929","0.0666759","Turkey"
"10598","VirTra","VTSI","33279696","2.94","United States"
"10599","Gulf General Cooperative Insurance Company","8260.SR","33231258","1.10771","Saudi Arabia"
"10600","Steel &amp; Tube Holdings","STU.NZ","33148506","0.180516","New Zealand"
"10601","Koss","KOSS","33132532","3.5","United States"
"10602","MoneyHero","MNY","33062052","0.75","Singapore"
"10603","Workhorse Group","WKHS","33058970","3.025","United States"
"10604","Rockwell Medical","RMTI","32949860","8.1752","United States"
"10605","Lilium","LILM","32897334","0.052","Germany"
"10606","Knightscope","KSCP","32829514","1.39","United States"
"10607","Century Casinos","CNTY","32780410","1.165","United States"
"10608","The National Detergent Company SAOG","NDTI.OM","32727274","1.63636","Oman"
"10609","Genius Group","GNS","32727048","0.1705","Singapore"
"10610","Neo-Concept International Group","NCI","32705296","12.68","Hong Kong"
"10611","PyroGenesis Canada","PYR.TO","32651307","0.144243","Canada"
"10612","Ourgame International","6899.HK","32572231","0.030221","China"
"10613","KLX Energy Services","KLXE","32507400","1.52","United States"
"10614","Kyntra Bio","KYNB","32461016","8.0168","United States"
"10615","Karyopharm Therapeutics","KPTI","32434486","1.43","United States"
"10616","Spruce Power","SPRU","32343672","1.68","United States"
"10617","Aeria","3758.T","32322569","1.60241","Japan"
"10618","Southland Holdings","SLND","32274662","0.5929","United States"
"10619","Beam Global","BEEM","31970286","1.44","United States"
"10620","SW Umwelttechnik Stoiser &amp; Wolschner AG","SWUT.VI","31865725","43.8922","Austria"
"10621","Tose Software","4728.T","31795124","4.19492","Japan"
"10622","Sporting Clube de Braga","SCB.LS","31769625","26.4747","Portugal"
"10623","Salem Media Group","SALM","31670764","1","United States"
"10624","Innovatec","INC.MI","31470078","0.326289","Italy"
"10625","Oman Chlorine","OCHL.OM","31389596","0.438961","Oman"
"10626","Barka Desalination Company","BRDE.OM","31385767","0.415584","Oman"
"10627","Warimpex Finanz- und Beteiligungs AG","WXF.VI","31313812","0.601486","Austria"
"10628","Harte Hanks","HHS","31307806","4.2","United States"
"10629","Jaguar Uranium","JAGU","31300352","1.55","Canada"
"10630","Enviva","EVA","31273630","0.4198","United States"
"10631","BioLargo","BLGO","31229478","0.095","United States"
"10632","STS Group","SF3.DE","31006736","4.80725","Germany"
"10633","Zoomd Technologies","ZOMD.V","31005051","0.306516","Canada"
"10634","Raydan Food","6012.SR","30964262","4.23379","Saudi Arabia"
"10635","Sangamo Therapeutics","SGMO","30657374","0.074","United States"
"10636","BeyondSpring","BYSI","30609596","0.7444","United States"
"10637","Lulu's Fashion Lounge","LVLU","30582284","10.65","United States"
"10638","Dhofar Tourism","DTCS.OM","30416416","2.14805","Oman"
"10639","GenSight Biologics","SIGHT.PA","30330212","0.129354","France"
"10640","Softing AG","SYT.DE","30300909","2.7752","Germany"
"10641","Barinthus Biotherapeutics","BRNS","30232266","0.7401","United Kingdom"
"10642","MariMed","MRMD","30228052","0.075","United States"
"10643","Graines Voltz","GRVO.PA","30165642","20.3785","France"
"10644","Accuray","ARAY","30038986","0.2515","United States"
"10645","IGC Pharma","IGC","30002038","0.2902","United States"
"10646","Growens S.p.A.","GROW.MI","29997718","2.14817","Italy"
"10647","111, Inc.","YI","29821708","3.39","China"
"10648","eHealth","EHTH","29804816","0.939","United States"
"10649","Latch","LTCH","29784986","0.1798","United States"
"10650","SMJ International","SMJF","29782876","1.075","Singapore"
"10651","Borealis Foods","BRLS","29726682","1.385","Canada"
"10652","Ascent Solar Technologies","ASTI","29645622","3.02","United States"
"10653","Ocean Power Technologies","OPTT","29634228","0.1097","United States"
"10654","INTERSHOP Communications","ISHA.DE","29606520","1.56177","Germany"
"10655","IT Link SA","ALITL.PA","29566880","17.4176","France"
"10656","Artmarket.com","PRC.PA","29426698","4.42406","France"
"10657","Delignit AG","DLX.DE","29257133","2.85648","Germany"
"10658","Reliance Communications","RCOM.NS","29224166","0.0105715","India"
"10659","ecotel communication","E4C.DE","29209427","8.24431","Germany"
"10660","Tubos Reunidos","TRG.MC","29111985","0.167229","Spain"
"10661","Findi Limited","FND.AX","29067049","0.29076","Australia"
"10662","Quest Resource Holding","QRHC","28897212","1.37","United States"
"10663","Ikegami Tsushinki","6771.T","28814112","4.29914","Japan"
"10664","Crown Crafts","CRWS","28783768","2.675","United States"
"10665","Beasley Broadcast Group","BBGI","28717640","15.5","United States"
"10666","Al Jazeira Services Co. SAOG","AJSS.OM","28710369","0.67013","Oman"
"10667","Hoftex Group AG","NBH.MU","28450535","5.22527","Germany"
"10668","Old Market Capital Corporation","OMCC","28360952","4.16","United States"
"10669","Katapult Holdings","KPLT","28342708","5.7","United States"
"10670","Nok Air","NOKPF","28341820","0.0076","Thailand"
"10671","Hunyvers","ALHUN.PA","28237579","7.31537","France"
"10672","Farmer Brothers","FARM","28089448","1.28","United States"
"10673","CAVE Interactive","3760.T","27775676","4.50107","Japan"
"10674","Local Bounti","LOCL","27588540","1.18","United States"
"10675","Appirits","4174.T","27544848","6.80698","Japan"
"10676","FingerTango","6860.HK","27393501","0.0142817","China"
"10677","illumin","ILLM.TO","27252133","0.519274","Canada"
"10678","Wedia SA","ALWED.PA","27123623","31.7526","France"
"10679","AB INVL Baltic Farmland","INL1L.VS","26991724","8.36043","Lithuania"
"10680","Auga Group AB","AUG1L.VS","26985665","0.11542","Lithuania"
"10681","Duxton Farms","DBF.AX","26918915","0.251274","Australia"
"10682","Bioceres Crop Solutions","BIOX","26866490","0.421","Argentina"
"10683","Spencer's Retail","SPENCERS.NS","26698093","0.296211","India"
"10684","Nebelhornbahn-Aktiengesellschaft","NHB0.MU","26688343","19.7399","Germany"
"10685","Zoom Telephonics","MINM","26534076","3.61","United States"
"10686","Edia","3935.T","26351749","4.65089","Japan"
"10687","Methaq Takaful Insurance Compnay","METHAQ.AE","26348039","0.18","United Arab Emirates"
"10688","Conduril - Engenharia","CDU.LS","26335217","14.6307","Portugal"
"10689","Cel-Sci","CVM","26207592","1.49","United States"
"10690","CROOZ","2138.T","26175539","2.73582","Japan"
"10691","Hoth Therapeutics","HOTH","26013596","1.36","United States"
"10692","GEE Group","JOB","25984418","0.2365","United States"
"10693","Nordic Mining ASA","NOM.OL","25917728","0.207212","Norway"
"10694","bet-at-home.com","ACX.DE","25914121","3.69252","Germany"
"10695","PermRock Royalty Trust","PRT","25913010","2.13","United States"
"10696","NanoViricides","NNVC","25910262","1.015","United States"
"10697","Orion Digital Corp.","ORIO","25852822","1.0959","Canada"
"10698","LakeShore Biopharma","LSB","25840356","0.627","China"
"10699","Live Ventures","LIVE","25722662","8.3742","United States"
"10700","Mercer International","MERC","25721520","0.3838","Canada"
"10701","Optimi Health Corp.","OPTH","25537368","4.46","Canada"
"10702","PopReach","INIK.V","25406704","0.0432729","Canada"
"10703","U10 Corp","ALU10.PA","25179806","1.47469","France"
"10704","TherapeuticsMD","TXMD","25174236","2.175","United States"
"10705","National Gas Company SAOG","NGCI.OM","25168832","0.296104","Oman"
"10706","NextNRG","NXXT","25018256","0.1488","United States"
"10707","Cardlytics","CDLX","24968154","4.24","United States"
"10708","Schlatter Industries AG","STRN.SW","24813837","22.462","Switzerland"
"10709","Zenvia","ZENV","24648802","0.4689","Brazil"
"10710","Atossa Therapeutics","ATOS","24598968","2.465","United States"
"10711","Hydrogen-Refueling-Solutions","ALHRS.PA","24488614","1.23084","France"
"10712","BeLive Holdings","BLIV","24445804","2.25","Singapore"
"10713","United Gulf Investment Corporation","UGIC.BH","24403183","0.32626","Bahrain"
"10714","Pineapple Financial","PAPL","24288146","0.9611","Canada"
"10715","SPI Energy","SPI","24207974","0.766","United States"
"10716","COSOL Limited","COS.AX","24171102","0.132816","Australia"
"10717","Arco Vara AS","ARC1T.TL","24100326","1.3876","Estonia"
"10718","Al Sharqiya Investment Holdings Company","SIHC.OM","24077923","0.267532","Oman"
"10719","Bahrain Flour Mills Company","BFM.BH","24042077","0.122016","Bahrain"
"10720","Cocrystal Pharma","COCP","23886368","1.24","United States"
"10721","Proximar Seafood","PROXI.OL","23649340","0.0451865","Norway"
"10722","Biofrontera","BFRI","23540990","1.585","United States"
"10723","Femasys","FEMY","23532150","2.8098","United States"
"10724","YanGuFang International Group","YGF","23462400","0.7332","China"
"10725","MAG Interactive","MAGI.ST","23459939","0.883913","Sweden"
"10726","q.beyond","QBY.DE","23433715","0.940513","Germany"
"10727","Wolftank-Adisa Holding","WOLF.VI","23427681","4.43567","Austria"
"10728","Nectar Lifesciences","NECLIFE.NS","23382888","0.120368","India"
"10729","Motorsport Gaming","MSGM","23357002","5.09","United States"
"10730","Jasper Therapeutics","JSPR","23282210","0.6997","United States"
"10731","Zee Learn","ZEELEARN.NS","23257466","0.070965","India"
"10732","NOMADAR","NOMA","23230964","1.52","United States"
"10733","Snail Inc","SNAL","22747760","2.54","China"
"10734","Radio City","RADIOCITY.NS","22616356","0.0643709","India"
"10735","HeartBeam","BEAT","22607288","0.4012","United States"
"10736","Lantern Pharma","LTRN","22500096","1.76","United States"
"10737","Zeo Energy","ZEO","22456256","0.2466","United States"
"10738","pferdewetten.de AG","EMH.F","22408547","2.41523","Germany"
"10739","Hepsor AS","HPR1T.TL","22261215","5.68974","Estonia"
"10740","DAVIDsTEA","DTEAF","22160350","0.725","Canada"
"10741","Oman &amp; Emirates Investment Holding Co.","OEIHC.AE","22124250","0.17","Oman"
"10742","ParaZero Technologies","PRZO","22116822","0.7584","Israel"
"10743","Allbirds","BIRD","22059158","2.505","United States"
"10744","Prodways Group","ALPWG.PA","22044137","0.680446","France"
"10745","Sphere 3D","ANY","22042336","2.5322","Canada"
"10746","Loop Industries","LOOP","21872766","0.4521","Canada"
"10747","Fun Yours Technology","6482.TWO","21838311","0.762658","Taiwan"
"10748","TScan Therapeutics","TCRX","21689362","0.32","United States"
"10749","Aytu BioScience","AYTU","21681080","2.02","United States"
"10750","180 Life Sciences","ATNF","21620372","3.58","United States"
"10751","Imugene","IMU.AX","21604246","0.038768","Australia"
"10752","TENDA","4198.T","21573904","3.25041","Japan"
"10753","Milkfood Limited","MLKFOOD.BO","21513223","0.840486","India"
"10754","Urban One","UONE","21505732","4.66","United States"
"10755","Muehlhan AG","M4N.HM","21469799","1.54436","Germany"
"10756","Ashford Hospitality Trust","AHT","21459224","3.205","United States"
"10757","A.S. Création Tapeten","ACWN.DE","21443976","7.77984","Germany"
"10758","Exyn Technologies","EXYN","21388190","2.689","United States"
"10759","Perpetuals.com","PDC","21204302","3.13","Japan"
"10760","Palatin Technologies","PTN","20977652","11.79","United States"
"10761","Retractable Technologies","RVP","20956012","0.7","United States"
"10762","Maternus-Kliniken","MAK.DE","20940781","0.998607","Germany"
"10763","Yuke's","4334.T","20892893","2.48178","Japan"
"10764","Performance Shipping","PSHG","20887268","1.6801","Greece"
"10765","Pyramid AG","M3B.DE","20868640","0.904662","Germany"
"10766","Primech Holdings","PMEC","20853284","0.5428","Singapore"
"10767","Beamr Imaging","BMR","20654708","1.33","Israel"
"10768","iomart Group","IOM.L","20593683","0.181302","United Kingdom"
"10769","Neuphoria Therapeutics","NEUP","20294090","3.755","United States"
"10770","Barfresh Food Group","BRFH","20254750","1.242","United States"
"10771","SM Wirtschaftsberatungs AG","SMWN.DE","20246048","5.20204","Germany"
"10772","Nordecon AS","NCN1T.TL","20214014","0.657223","Estonia"
"10773","Bahrain Family Leisure Company","FAMILY.BH","20209676","0.96817","Bahrain"
"10774","Almaden Minerals","AAU","20102876","0.1465","Canada"
"10775","Passat SA","PSAT.PA","19993730","5.08455","France"
"10776","Evolva Holding SA","EVE.SW","19916281","2.76172","Switzerland"
"10777","SUNation Energy Inc.","SUNE","19801150","3.0402","United States"
"10778","BoomBit","BBT.WA","19573989","1.41839","Poland"
"10779","WiMi Hologram Cloud","WIMI","19396232","1.055","China"
"10780","SPAR Group","SGRP","19311022","0.68","United States"
"10781","Real Good Food plc","RGF","19309624","1.25","United Kingdom"
"10782","Biosynex","ALBIO.PA","19305139","1.04738","France"
"10783","Mobix Labs","MOBX","19266486","1.135","United States"
"10784","Omani Packaging Company","OPCI.OM","19208770","0.592208","Oman"
"10785","Ultimate Games","ULG.WA","18896740","3.61314","Poland"
"10786","Arizona Metals","AMC.TO","18876921","0.137031","Canada"
"10787","Perrot Duval","PEDU.SW","18819074","139.927","Switzerland"
"10788","Lipocine","LPCN","18701264","2.2684","United States"
"10789","Offerpad","OPAD","18678574","3.865","United States"
"10790","YOC AG","YOC.DE","18649946","5.36461","Germany"
"10791","Energy Focus","EFOI","18629974","2.925","United States"
"10792","Teac Corporation","6803.T","18573210","0.644871","Japan"
"10793","Avant Technologies Inc.","AVAI","18469986","0.12","United States"
"10794","Witbe S.A.","ALWIT.PA","18462696","4.49373","France"
"10795","J-Long Group","JL","18357102","4.88","Hong Kong"
"10796","T Stamp Inc. (TrustStamp)","IDAI","18299498","3.245","United States"
"10797","DF Deutsche Forfait AG","DFTK.DE","18289500","1.53855","Germany"
"10798","Nymox Pharmaceutical","NYMX","18253022","0.2","Bahamas"
"10799","Tabuk Agricultural Development Company","6040.SR","18111904","2.36719","Saudi Arabia"
"10800","UBAR Hotels & Resorts SAOG","UBAR.OM","18005728","0.327273","Oman"
"10801","NJ Holdings","9421.T","17824305","3.36766","Japan"
"10802","Forever Entertainment","8FE.SG","17680902","0.638644","Poland"
"10803","VIA optronics AG","VIAO","17465854","0.2231","Germany"
"10804","Burgundy Diamond Mines","BDM.AX","17351523","0.0122048","Australia"
"10805","Lead Real Estate","LRE","17325214","1.27","Japan"
"10806","AEON Biopharma","AEON","17209564","0.345","United States"
"10807","Mobcast","3664.T","17200776","0.16936","Japan"
"10808","SIMPPLE","SPPL","17125824","1.75","Singapore"
"10809","Atlas Critical Minerals","ATCX","16978342","3.34","Brazil"
"10810","AltPlus","3672.T","16972064","0.188902","Japan"
"10811","SODITECH","ALSEC.PA","16908389","7.43149","France"
"10812","Know Labs","KNW","16795408","2.24","United States"
"10813","Camber Energy","CEI","16771320","0.0954","United States"
"10814","FGI Industries","FGI","16705493","8.65","United States"
"10815","America's Car-Mart","CRMT","16590235","1.9896","United States"
"10816","PDS Biotechnology","PDSB","16561918","0.2959","United States"
"10817","Inspira Technologies","IINN","16560119","0.38","Israel"
"10818","Netel Holding","NETEL.ST","16480856","0.339728","Sweden"
"10819","Starbreeze","STAR-B.ST","16343786","0.00989239","Sweden"
"10820","Smith Micro Software","SMSI","16322450","2.92","United States"
"10821","uCloudlink Group","UCL","16276818","0.4273","Hong Kong"
"10822","Murano Global Investments","MRNO","16254669","0.2039","United Kingdom"
"10823","Games Operators","GOP.WA","16250244","2.95499","Poland"
"10824","Citius Pharmaceuticals","CTXR","16194272","0.5899","United States"
"10825","Passage Bio","PASG","16057193","4.9901","United States"
"10826","All in! Games","ALG.WA","16048792","0.212222","Poland"
"10827","Austin Gold","AUST","16020811","1.17","United States"
"10828","HeartSciences Inc.","HSCS","15983679","3.5472","United States"
"10829","FORIS AG","FRS.DE","15809305","3.46029","Germany"
"10830","Psychemedics","PMD","15738209","2.67","United States"
"10831","Cyclerion Therapeutics","CYCN","15729330","23.52","United States"
"10832","DDC Enterprise","DDC","15648399","0.2753","Hong Kong"
"10833","ESS Tech","GWH","15477356","0.3843","United States"
"10834","Dragonfly Energy","DFLI","15432661","1.0303","United States"
"10835","Trigon Metals","TM.V","15430727","0.28169","Canada"
"10836","Geratherm Medical","GME.DE","15396271","2.84487","Germany"
"10837","National Biscuit Industries","NBII.OM","15327273","15.3273","Oman"
"10838","Game Your Game","GYGY","15255519","1.06","United States"
"10839","Astrotech","ASTC","15153615","7.19","United States"
"10840","GigaMedia","GIGM","15141562","1.37","Taiwan"
"10841","Forgame","0484.HK","15027003","0.0892604","China"
"10842","Pensonic Holdings Berhad","9997.KL","14968551","0.100787","Malaysia"
"10843","Synlogic","SYBX","14943719","1.22","United States"
"10844","Adial Pharmaceuticals","ADIL","14873880","5.07","United States"
"10845","Office Properties Income Trust","OPI","14795239","0.2","United States"
"10846","Semilux International","SELX","14740593","0.34","Taiwan"
"10847","Mynet","3928.T","14732878","1.54378","Japan"
"10848","Neonode","NEON","14718624","0.877","Sweden"
"10849","Scienture Holdings","SCNX","14684538","0.3576","United States"
"10850","Muscat Insurance","MCTI.OM","14604607","1.32468","Oman"
"10851","Halo Minerals PLC","HALO.L","14589397","0.131739","United Kingdom"
"10852","Adaptimmune Therapeutics","ADAP","14551333","0.0549","United Kingdom"
"10853","The Cannabist Company","CBSTF","14475953","0.0291","United States"
"10854","iCandy Interactive","ICI.AX","14449613","0.0112852","Australia"
"10855","Bionano Genomics","BNGO","14367940","1.22","United States"
"10856","The Glimpse Group","VRAR","14332026","0.68","United States"
"10857","Turbo Energy","TURB","14300397","1.19","Spain"
"10858","HOOKIPA Pharma","HOOK","14232977","1.15","United States"
"10859","Dolphin Entertainment","DLPN","14084529","1.0813","United States"
"10860","Dare Bioscience","DARE","14063395","0.715","United States"
"10861","CBL International","BANL","13850758","6.56","Malaysia"
"10862","Tempest Therapeutics","TPST","13809052","0.8349","United States"
"10863","EMB Mission Bound AB (publ)","EMB.ST","13740430","0.0462609","Sweden"
"10864","Scandinavian Enviro Systems","SES.ST","13714877","0.0122674","Sweden"
"10865","Regentis Biomaterials","RGNT","13556167","1.93","Israel"
"10866","Natural Health Trends","NHTC","13510113","1.575","United States"
"10867","SeaStar Medical","ICU","13506968","3.065","United States"
"10868","Quoin Pharmaceuticals","QNRX","13476485","6.71","United States"
"10869","Modern Dairies Limited","MODAIRY.BO","13470289","0.448713","India"
"10870","Alarum Technologies","ALAR","13374864","1.82","Israel"
"10871","Construction Materials Industries","CMII.OM","13311689","0.212987","Oman"
"10872","WonderPlanet","4199.T","13285944","5.21108","Japan"
"10873","WeTrade Group","WETG","13256907","5.05","China"
"10874","Intensity Therapeutics","INTS","13239084","4.055","United States"
"10875","FingerMotion","FNGR","13176144","0.173","United States"
"10876","Aterian","ATER","13115845","0.73","United States"
"10877","SOS Limited","SOS","13084447","0.7201","China"
"10878","Thunderful Group","THUNDR.ST","12968314","0.0317955","Sweden"
"10879","Future Retail","FRETAIL.NS","12941257","0.0238644","India"
"10880","Maxeon Solar Technologies","MAXN","12857045","0.7593","Singapore"
"10881","Clean Energy Technologies","CETY","12774411","1.05","United States"
"10882","Air Industries Group","AIRI","12713089","2.6209","United States"
"10883","Srei Infrastructure Finance","SREINFRA.NS","12675992","0.03","India"
"10884","KAP AG","IUR.F","12627251","1.62564","Germany"
"10885","Sunrise New Energy","EPOW","12625735","0.326","China"
"10886","Zwahlen &amp; Mayr SA","ZWM.SW","12605746","179.569","Switzerland"
"10887","Techstep ASA","TECH.OL","12566142","0.360416","Norway"
"10888","BioLineRx","BLRX","12534642","2.585","Israel"
"10889","Financial Services Company SAOG","FSCI.OM","12467533","0.623377","Oman"
"10890","Flux Power","FLUX","12367580","0.572","United States"
"10891","Le Slip Français","ALLSF.PA","12177764","11.3795","France"
"10892","Gaming Corps","GCOR.ST","12164921","0.0836413","Sweden"
"10893","Phio Pharmaceuticals","PHIO","12081941","1.04","United States"
"10894","Arrive AI","ARAI","12061218","0.2325","United States"
"10895","Bertelsmann SE & Co. KGaA","BTG.F","11990120","143.149","Germany"
"10896","AppTech Payments","APCX","11971122","0.285","United States"
"10897","SINTX Technologies","SINT","11862870","1.78","United States"
"10898","Urgent.ly Inc.","ULY","11787284","5.38","United States"
"10899","Jump Networks","JUMPNET.NS","11669324","0.12","India"
"10900","Cyngn","CYN","11661223","0.8085","United States"
"10901","Cambium Networks","CMBM","11325767","0.401","United States"
"10902","AS Amber Latvijas balzams","BAL1R.RG","11316733","1.50952","Latvia"
"10903","Guardforce AI","GFAI","11307879","0.3602","Singapore"
"10904","Lunai Bioworks","LNAI","11289386","2.49","United States"
"10905","Sohar Power Company SAOG","SHPS.OM","11272728","0.563636","Oman"
"10906","BrainStorm Cell Therapeutics","BCLI","11255470","1.02","United States"
"10907","KALA BIO","KALA","11213208","0.5798","United States"
"10908","Muscat Thread Mill","MTMI.OM","11199037","0.605195","Oman"
"10909","SolarMax Technology","SMXT","11140885","2.3493","United States"
"10910","FibroBiologics","FBLG","11114521","1.6693","United States"
"10911","Maris Tech","MTEK","11087264","1.05","Israel"
"10912","Sláturfélags Suðurlands","SFS-B.IC","11016720","0.020649","Iceland"
"10913","Natuzzi","NTZ","11014609","1","Italy"
"10914","Renegade Gold","RAGE.V","10981433","0.274062","Canada"
"10915","KPS AG","KSC.DE","10895207","0.264747","Germany"
"10916","Azitra","AZTR","10890493","0.1797","United States"
"10917","Mixed Martial Arts Group Limited (MMA)","MMA","10855603","0.4099","Australia"
"10918","Netmarble Joybomb","6468.TWO","10795915","0.94","Taiwan"
"10919","Digital Hollywood Interactive","2022.HK","10759727","0.00624823","China"
"10920","Muscat Gas Company","MGMC.OM","10753247","0.358442","Oman"
"10921","Reed's, Inc.","REED","10671377","0.9","United States"
"10922","Asmallworld AG","ASWN.SW","10650262","0.736458","Switzerland"
"10923","Phoenix Motor","PEV","10575262","0.23","United States"
"10924","Mainz Biomed","MYNZ","10564195","0.8441","Germany"
"10925","Biomerica","BMRA","10508737","2.29","United States"
"10926","VistaGen Therapeutics","VTGN","10504015","0.2367","United States"
"10927","CISO Global","CISO","10470901","0.23","United States"
"10928","Inuvo","INUV","10308518","0.6254","United States"
"10929","Trio Petroleum","TPET","10168662","1.91","United States"
"10930","Gaxos.ai","GXAI","10107932","0.735","United States"
"10931","Upland Software","UPLD","10054450","3.4","United States"
"10932","Ryvyl Inc.","RVYL","9994965","7.81","United States"
"10933","Yunji","YJ","9899843","2.0099","China"
"10934","Voltage","3639.T","9882066","1.51773","Japan"
"10935","Aprea Therapeutics","APRE","9826122","0.7804","United States"
"10936","CytoMed Therapeutics","GDTC","9821253","0.83","Singapore"
"10937","Ensysce Biosciences","ENSC","9728397","0.5","United States"
"10938","CR Energy","CRZK.DE","9663858","0.411054","Germany"
"10939","Senti Biosciences","SNTI","9661103","0.3102","United States"
"10940","Carver Bancorp","CARV","9620409","1.65","United States"
"10941","Xenetic Biosciences","XBIO","9607042","4.1","United States"
"10942","Superior Industries International","SUP","9576233","0.3249","United States"
"10943","enish","3667.T","9571393","0.175874","Japan"
"10944","Dhofar Beverages and Foodstuff Company","DBCI.OM","9454546","0.472727","Oman"
"10945","Global Interactive Technologies","GITS","9372922","2.23","South Korea"
"10946","Al Madina Investment Holding Co. SAOG","AMII.OM","9291689","0.215584","Oman"
"10947","Infinities Tech (Jiu Zun Digital)","1961.HK","9269801","0.012624","China"
"10948","Cielo Waste Solutions","CMC.V","9121197","0.0432729","Canada"
"10949","Global Mofy AI","GMM","9082848","2.0388","China"
"10950","Nacon","NACON.PA","9070772","0.0832559","France"
"10951","reAlpha Tech","AIRE","9066309","1.51","United States"
"10952","Skye Bioscience","SKYE","8988182","2.03","United States"
"10953","GoHealth","GOCO","8937260","0.305","United States"
"10954","Bullfrog AI","BFRG","8899993","0.48","United States"
"10955","InterServ International","6169.TWO","8884177","0.379747","Taiwan"
"10956","Rail Vision","RVSN","8862963","3.885","Israel"
"10957","Wellgistics Health","WGRX","8847256","3.52","United States"
"10958","Vivid Games","VVD.WA","8742454","0.15742","Poland"
"10959","Solo Brands","SBDS","8582289","3.342","United States"
"10960","Northann Corp","NCL","8543560","0.159","United States"
"10961","La Rosa Holdings","LRHC","8493655","2.56","United States"
"10962","Rocky Mountain Chocolate Factory","RMCF","8469197","0.8972","United States"
"10963","AMASS Brands Inc.","AMSS","8429931","0.7264","United States"
"10964","SeaChange International","SEAC","8398952","3.25","United States"
"10965","Groupe Airwell","ALAIR.PA","8386106","1.3934","France"
"10966","CCSC Technology International Holdings","CCTG","8349098","0.6148","Hong Kong"
"10967","Trinseo","TSE","8278525","0.23","United States"
"10968","Vislink Technologies","VISL","8256688","3.33","United States"
"10969","Imunon","IMNN","8220705","1.465","United States"
"10970","Groupe OKwind","ALOKW.PA","8090040","0.293776","France"
"10971","enVVeno Medical Corporation","NVNO","8077352","11.625","United States"
"10972","Linekong Interactive","8267.HK","8009697","0.0216775","China"
"10973","Soligenix","SNGX","7944400","0.365","United States"
"10974","Co-Diagnostics","CODX","7888192","1.1299","United States"
"10975","AIM ImmunoTech","AIM","7882771","0.222","United States"
"10976","HydrogenPro ASA","HYPRO.OL","7868176","0.057021","Norway"
"10977","Novaturas AB","NTU1L.VS","7848205","1.01254","Lithuania"
"10978","Gelteq Limited","GELS","7820144","0.7301","Australia"
"10979","Superior Resources","SPQ.AX","7583232","0.00287171","Australia"
"10980","AlphaTON Capital Corp","ATON","7499068","0.32","British Virgin Islands"
"10981","HomeBiogas","HMGS.TA","7482060","0.264044","Israel"
"10982","Signing Day Sports","SGN","7408163","0.5401","United States"
"10983","DSS, Inc. (Document Security Systems)","DSS","7392297","0.7361","United States"
"10984","AS Latvijas Juras medicinas centrs","LJM1R.RG","7335998","9.17","Latvia"
"10985","CS Diagnostics","CSDX","7249773","0.029","Germany"
"10986","Aurora Energy Metals","1AE.AX","7199060","0.0402039","Australia"
"10987","Innovative Eyewear","LUCY","7060401","0.8201","United States"
"10988","Reborn Coffee","REBN","7022504","0.855","United States"
"10989","Maisons du Monde","MDM.PA","7006286","0.18163","France"
"10990","Astro Corporation","3064.TWO","6958682","0.53481","Taiwan"
"10991","GreenPower Motor Company","GP","6920907","0.7872","Canada"
"10992","Perfect Moment","PMNT","6916328","0.13","United Kingdom"
"10993","Gaming Factory","GIF.WA","6889927","1.13364","Poland"
"10994","Versus Systems","VS","6864974","1.105","Canada"
"10995","Super League Enterprise","SLE","6831334","4.03","United States"
"10996","authID","AUID","6788457","0.406","United States"
"10997","Polar Resources AS","POLAR.OL","6747045","0.473382","Norway"
"10998","AHT Syngas Technology","3SQ1.DE","6729216","2.53135","Germany"
"10999","OLB Group","OLB","6720883","0.2798","United States"
"11000","zSpace","ZSPC","6668516","0.1799","United States"
"11001","Al Khazna Insurance","AKIC.AE","6481481","0.06","United Arab Emirates"
"11002","American Uranium Limited","AMU.AX","6266046","0.0481011","Australia"
"11003","Sonoma Pharmaceuticals","SNOA","6248894","1.305","United States"
"11004","Orangekloud Technology","ORKT","6248554","1.07","Singapore"
"11005","TPI Composites","TPIC","6193621","0.1271","United States"
"11006","Magic Empire Global (Giraffe Capital)","MEGL","6178141","1.22","Hong Kong"
"11007","VolitionRx","VNRX","6167431","0.3263","United States"
"11008","Trinity Biotech","TRIB","6158011","7.5732","Ireland"
"11009","Mangoceuticals","MGRX","6087713","0.3975","United States"
"11010","Bakhu Holdings","BKUH","6026059","0.02","United States"
"11011","Don't Nod Entertainment","ALDNE.PA","6005157","0.463307","France"
"11012","Nordic Fibreboard AS","SKN1T.TL","5970660","0.702508","Estonia"
"11013","SaverOne 2014","SVRE","5962737","2.53","Israel"
"11014","hGears AG","HGEA.DE","5941477","0.571296","Germany"
"11015","AquaBounty Technologies","AQB","5893548","1.145","United States"
"11016","Moolec Science","MLEC","5823466","8.02","Luxembourg"
"11017","Treasure Global","TGL","5805851","2.97","Malaysia"
"11018","Cyabra, Inc.","CYAB","5757762","0.3272","United States"
"11019","Hepion Pharmaceuticals","HEPA","5683817","0.063","United States"
"11020","Polar Power","POLA","5538207","1.315","United States"
"11021","NuCana","NCNA","5535421","1.33","United Kingdom"
"11022","Eduform'action","ALEFA.PA","5461250","0.278681","France"
"11023","CaliberCos","CWD","5451942","0.525","United States"
"11024","Phaos Technology Holdings","POAS","5430384","0.172","Singapore"
"11025","cbdMD","YCBD","5415398","0.4833","United States"
"11026","Reitar Logtech Holdings","RITR","5370163","0.086","Hong Kong"
"11027","Nitro Games","NITRO.ST","5353320","0.214783","Finland"
"11028","East Side Games","EAGR.TO","5242521","0.050485","Canada"
"11029","Sonendo","SONX","5241476","1.1","United States"
"11030","Origin Materials","ORGN","5228483","0.9501","United States"
"11031","Pulmatrix","PULM","5222767","1.43","United States"
"11032","Omani Euro Food Industries","OEFI.OM","5194805","2.5974","Oman"
"11033","Talis Biomedical","TLIS","5176808","2.84","United States"
"11034","Oncodesign Precision Medicine","ALOPM.PA","5114452","0.26823","France"
"11035","Webuy Global","WBUY","5044260","0.9203","Singapore"
"11036","Locafy","LCFY","5028390","2.24","Australia"
"11037","Lakewood-Amedex Biotherapeutics","LABT","5016392","2.1169","United States"
"11038","Brüder Mannesmann AG","BMM.F","4964004","1.10311","Germany"
"11039","Expion360","XPON","4956593","5.2","United States"
"11040","Galmed Pharmaceuticals","GLMD","4945923","4.63","Israel"
"11041","SurgePays","SURG","4943989","0.1968","United States"
"11042","bioAffinity Technologies","BIAF","4908013","8.17","United States"
"11043","Can Fite Biopharma","CANF","4906432","2.29","Israel"
"11044","DigiAsia Corp","FAAS","4897831","0.0807","Indonesia"
"11045","Vertex Energy","VTNR","4872095","0.0521","United States"
"11046","Eterna Therapeutics","ERNA","4840282","4.15","United States"
"11047","Nauticus Robotics","KITT","4798492","0.6422","United States"
"11048","Qiiwi Games","QIIWI.ST","4766002","0.515272","Sweden"
"11049","Leslie's","LESL","4760471","0.5083","United States"
"11050","ManyDev Studio","MAN.WA","4732708","0.165479","Poland"
"11051","Hydrofarm","HYFM","4675225","0.9701","United States"
"11052","Predilife","ALPRE.PA","4667106","1.18439","France"
"11053","Kidpik","PIK","4644903","2.38","United States"
"11054","Farmmi","FAMI","4642306","0.124","China"
"11055","EZGO Technologies","EZGO","4607112","0.8683","China"
"11056","Sonim Technologies","SONM","4577030","3.075","United States"
"11057","Socket Mobile","SCKT","4533891","0.5468","United States"
"11058","Mallinckrodt Pharmaceuticals","MNK","4520986","0.3402","United Kingdom"
"11059","Foresight Autonomous Holdings","FRSX","4497893","1.09","Israel"
"11060","Fragbite Group","FRAG.ST","4470469","0.553478","Sweden"
"11061","Big Cheese Studio","BCS.WA","4443226","1.07454","Poland"
"11062","Utenos Trikotazas AB","UTR1L.VS","4413841","0.464468","Lithuania"
"11063","Bark, Inc.","BARK","4377870","0.5066","United States"
"11064","Addentax Group","ATXG","4358504","3.7","China"
"11065","CASI Pharmaceuticals","CASI","4263766","0.2075","United States"
"11066","QVC Group","QVCGA","4255453","0.34","United States"
"11067","Boxlight","BOXL","4253814","5.79","United States"
"11068","BioNexus Gene Lab","BGLC","4253491","1.45","Malaysia"
"11069","Addex Therapeutics","ADXN","4253235","3.36","Switzerland"
"11070","Masonglory","MSGY","4218054","1.99","Hong Kong"
"11071","Cemtrex","CETX","4170324","2.423","United States"
"11072","Golden Minerals","AUMN","4168751","0.22065","United States"
"11073","Gameone","8282.HK","4142960","0.0726835","Hong Kong"
"11074","Focus Universal","FCUV","4125113","5.87","United States"
"11075","Cadrenal Therapeutics","CVKD","4102730","1.15","United States"
"11076","Top Ships","TOPS","4045973","0.7301","Greece"
"11077","Tivic Health Systems","TIVC","4029097","1.4","United States"
"11078","Redhill Biopharma","RDHL","3953206","0.6501","Israel"
"11079","PunkPirates","PUN.WA","3942991","0.13","Poland"
"11080","Sabre Resources","SBR.AX","3939100","0.00430756","Australia"
"11081","VivoSim Labs","VIVS","3926179","0.2932","United States"
"11082","VERSES AI","VERS.NE","3925742","0.274062","Canada"
"11083","BIO-key International","BKYI","3906855","2.72","United States"
"11084","Veganz Group","VEZ.DE","3906738","1.6837","Germany"
"11085","Cloudastructure","CSAI","3903624","4.5","United States"
"11086","Mynaric","M0YN.DE","3874750","0.613256","Germany"
"11087","Alaunos Therapeutics","TCRT","3861529","1.52","United States"
"11088","Gulf International Chemicals","GICI.OM","3818182","0.181818","Oman"
"11089","PMGC Holdings","ELAB","3813117","4.71","United States"
"11090","iSpecimen","ISPC","3752699","1.49","United States"
"11091","Titan Medical","TMD.TO","3724444","0.0326591","Canada"
"11092","Avalon GloboCare","ALBT","3707637","0.282","United States"
"11093","Cheetah Net Supply Chain Service","CTNT","3696487","1.17","United States"
"11094","Lument Finance Trust","LFT","3633614","0.6923","United States"
"11095","Ohmyhome","OMH","3529357","2.09","Singapore"
"11096","Netcapital","NCPL","3525276","0.4492","United States"
"11097","IO Biotech","IOBT","3453544","0.048","Denmark"
"11098","Unity Biotechnology","UBX","3444161","0.2001","United States"
"11099","Eagle Pharmaceuticals","EGRX","3289388","0.25","United States"
"11100","Wolverine Energy and Infrastructure","WEII.V","3274071","0.03","Canada"
"11101","ShiftPixy","PIXY","3265294","6.53","United States"
"11102","Auric Minerals","AUMC.CN","3206486","0.0540911","Canada"
"11103","Beyond Air","XAIR","3169790","3.22","United States"
"11104","Forza X1","FRZA","3150960","0.2","United States"
"11105","PainReform","PRFX","3140481","0.8975","Israel"
"11106","KMC Properties","KMCP.OL","3028471","2.49568","Norway"
"11107","Advent Technologies","ADN","3023365","0.9185","United States"
"11108","Atlantic Sapphire","ASA.OL","3008789","0.0839177","Norway"
"11109","Curis","CRIS","3007096","1.24","United States"
"11110","AS Trigon Property Development","TPD1T.TL","2977780","0.661867","Estonia"
"11111","ATI Physical Therapy","ATIP","2977762","0.675","United States"
"11112","Affimed","AFMD","2975202","0.1815","Germany"
"11113","BigBen Interactive","BIG.PA","2935092","0.158384","France"
"11114","Edible Garden","EDBL","2883744","1.4777","United States"
"11115","Sleep Number","SNBR","2881125","0.125","United States"
"11116","Fly-E Group","FLYE","2872999","1.76","United States"
"11117","Marin Software","MRIN","2863609","0.8981","United States"
"11118","MindMaze Therapeutics","V6M.F","2818783","0.219461","Switzerland"
"11119","Inotiv","NOTV","2787563","0.0799","United States"
"11120","Genprex","GNPX","2778813","3.39","United States"
"11121","Réalités","ALREA.PA","2756472","0.580585","France"
"11122","DataMEDS AI","MEDS","2725107","0.89","United States"
"11123","Matinas BioPharma","MTNB","2715228","0.1848","United States"
"11124","The Payments Group Holding","PGH.DE","2713655","0.23804","Germany"
"11125","PREIT (Pennsylvania Real Estate Investment Trust)","PRET","2690436","0.4974","United States"
"11126","Xilio Therapeutics","XLO","2676465","0.5101","United States"
"11127","Staffing 360 Solutions","STAF","2654640","1.615","United States"
"11128","AS Siguldas Ciltslietu Un Maksligas Apseklosanas Stacija","SCM1R.RG","2624308","6.21226","Latvia"
"11129","VS Media","VSME","2585340","0.935","Hong Kong"
"11130","Globavend","GVH","2512090","1.04","Australia"
"11131","Cherry SE","C3RY.DE","2468939","0.40641","Germany"
"11132","LM Funding America","LMFA","2430118","2.6","United States"
"11133","Nuwellis","NUWE","2420722","0.7624","United States"
"11134","AS PRFoods","PRF1T.TL","2406592","0.0638644","Estonia"
"11135","Agape ATP","ATPC","2376486","2.375","Malaysia"
"11136","National Aluminium Products Company SAOG","NAPI.OM","2337668","0.272727","Oman"
"11137","Erayak Power Solution","RAYA","2330909","2.21","China"
"11138","BioXcel Therapeutics","BTAI","2313476","0.0739","United States"
"11139","Videndum Plc","VID.L","2271782","4.38517","United Kingdom"
"11140","Oragenics","OGEN","2249661","0.4986","United States"
"11141","Longeveron","LGVN","2242259","0.7033","United States"
"11142","REE Automotive","REE","2239673","0.0769","Israel"
"11143","HUB Cyber Security","HUBC","2237530","0.3676","Israel"
"11144","SOBR Safe","SOBR","2235692","0.415","United States"
"11145","Golden Sun Education Group","GSUN","2207354","0.2201","China"
"11146","Sow Good","SOWG","2203871","0.1099","United States"
"11147","Alligator Bioscience AB","ATORX.ST","2176865","0.00235435","Sweden"
"11148","Virax Biolabs","VRAX","2167807","2.72","United Kingdom"
"11149","Onfolio Holdings","ONFO","2164027","0.8823","United States"
"11150","Futura Medical","FUM.L","2154317","0.00336896","United Kingdom"
"11151","Vivakor","VIVK","2149054","0.785","United States"
"11152","Clearside Biomedical","CLSD","2145948","0.41","United States"
"11153","Propanc Biopharma","PPCB","2130049","0.9349","Australia"
"11154","Blue Hat Interactive Entertainment Technology","BHAT","2091312","0.675","China"
"11155","Trinity Place Holdings","TPHS","2047465","0.031","United States"
"11156","Playgon Games","DEAL.V","2032559","0.00360607","Canada"
"11157","Jeffs' Brands","JFBR","2011480","3.08","Israel"
"11158","BioAtla","BCAB","1999320","1.2","United States"
"11159","Incannex Healthcare","IXHL","1994700","0.167","Australia"
"11160","KMD Brands","KMD.NZ","1965548","0.0414161","New Zealand"
"11161","Cutera","CUTR","1956013","0.0969","United States"
"11162","Greenlane Holdings, Inc.","GNLN","1924650","2.7711","United States"
"11163","Kaixin Holdings","KXIN","1868751","1.13","China"
"11164","Vaccinex","VCNX","1860530","0.6951","United States"
"11165","Airesis SA","AIRE.SW","1849868","0.0298641","Switzerland"
"11166","Cue Biopharma","CUE","1804119","0.5542","United States"
"11167","G Medical Innovations","GMVD","1776616","0.181","Israel"
"11168","NEXT Biometrics Group ASA","NEXT.OL","1773922","0.0286181","Norway"
"11169","Jianzhi Education Technology Group","JZ","1773722","0.7365","China"
"11170","Jet.AI","JTAI","1770042","1.245","United States"
"11171","Mobile-health Network Solutions","MNDR","1720134","1.44","Singapore"
"11172","VIP Gloves","VIP.AX","1694553","0.00215378","Malaysia"
"11173","iPower","IPW","1683850","1.76","United States"
"11174","Akanda","AKAN","1682015","3.11","United Kingdom"
"11175","Sonder Holdings","SOND","1680861","0.1263","United States"
"11176","Maximum Entertainment","8R7.F","1649863","0.0322805","Sweden"
"11177","Traeger","COOK","1642351","0.5983","United States"
"11178","CorEnergy Infrastructure Trust","CORR","1627350","0.0198","United States"
"11179","Iterum Therapeutics","ITRM","1598747","0.03","Ireland"
"11180","Lazydays Holdings","GORV","1573084","0.4211","United States"
"11181","Jaguar Health","JAGX","1562893","0.3024","United States"
"11182","Integrated Media Technology Limited","IMTE","1551929","0.4503","Australia"
"11183","Benson Hill","BHIL","1522391","0.249","United States"
"11184","Lucas GC","LGCL","1501943","0.0351","China"
"11185","Maison Solutions","MSS","1480961","1.7012","United States"
"11186","22nd Century Group","XXII","1413708","1.98","United States"
"11187","Synergy CHC","SNYR","1400589","0.094","United States"
"11188","Direct Digital Holdings","DRCT","1388557","1.7298","United States"
"11189","Davis Commodities","DTCK","1368533","1","Singapore"
"11190","Wheeler Real Estate Investment Trust","WHLR","1345058","0.3602","United States"
"11191","MEP Infrastructure","MEP.NS","1286465","0.00701277","India"
"11192","Argo Blockchain","ARBK","1265863","3.79","United Kingdom"
"11193","Purple Innovation","PRPL","1261071","0.2897","United States"
"11194","VCI Global","VCIG","1151267","1.8599","Malaysia"
"11195","Allurion Technologies","ALUR","1150479","1.15","United States"
"11196","Starbox Group","STBX","1135952","2.11","Malaysia"
"11197","Altamira Therapeutics","CYTO","1133556","0.3","Bermuda"
"11198","Aethlon Medical","AEMD","1109372","1.56","United States"
"11199","Cytosorbents","CTSO","1100062","0.3501","United States"
"11200","Actelis Networks","ASNS","1098711","0.0381","United States"
"11201","Solar Integrated Roofing","SIRC","1097545","0.0001","United States"
"11202","IM Cannabis","IMCC","1087057","1.8","Israel"
"11203","Alkaline Water Company","WTER","1068303","0.03","United States"
"11204","Danimer Scientific","DNMR","1056961","0.35","United States"
"11205","Arcadia Biosciences","RKDA","1044152","0.4334","United States"
"11206","Haoxi Health Technology","HAO","1039797","2.84","China"
"11207","LMP Automotive Holdings","LMPX","1036332","0.095","United States"
"11208","Evofem Biosciences","EVFM","980722","0.0074","United States"
"11209","BNB Plus Corp.","BNBX","929583","0.15","United States"
"11210","Lucy Scientific Discovery","LSDI","906910","0.5139","Canada"
"11211","Quince Therapeutics","QNCX","900311","0.9206","United States"
"11212","Aker Horizons","AKH.OL","898279","0.0013012","Norway"
"11213","Solid Clouds","SOLID.IC","833426","0.00116231","Iceland"
"11214","U Power","UCAR","783325","0.4328","China"
"11215","Kuuhubb","KUU.V","712506","0.01","Canada"
"11216","Yellow Corporation","YELLQ","693890","0.0102","United States"
"11217","EUDA Health","EUDA","692066","0.3661","Singapore"
"11218","Tapinator","TAPM","673183","0.247","United States"
"11219","Greene Concepts","INKW","637725","0.01","United States"
"11220","Tevogen Bio","TVGN","627896","0.1551","United States"
"11221","Playground Ventures","PLAY.CN","609007","0.00721215","Canada"
"11222","Sozap","SOZAP.ST","602380","0.0270876","Sweden"
"11223","OceanPal","SVRN","600425","0.3501","Greece"
"11224","Lifeward","LFWD","583724","0.3829","Israel"
"11225","T-Bull","TBL.WA","571405","0.480857","Poland"
"11226","Aptorum Group","APM","570062","0.7","Hong Kong"
"11227","Freight Technologies, Inc.","FRGT","526469","0.9202","United States"
"11228","Baosheng Media Group","BAOS","469706","0.3061","China"
"11229","Ayr Wellness","AYRWF","432062","0.0037","United States"
"11230","Kaival Brands Innovations","KAVL","431732","0.0221","United States"
"11231","Ontrak","OTRK","425780","0.0601","United States"
"11232","Global Bioenergies","ALGBE.PA","396471","0.0218702","France"
"11233","Gauzy","GAUZ","395961","0.3445","United States"
"11234","FBR Limited","FBR.AX","389553","0.00279642","Australia"
"11235","Viracta Therapeutics","VIRX","388698","0.00978","United States"
"11236","Impac Mortgage Holdings","IMPM","365688","0.01","United States"
"11237","Xiao-I","AIXI","364948","2.775","China"
"11238","Lyra Therapeutics","LYRA","354976","0.2","United States"
"11239","VYNE Therapeutics","VYNE","339859","0.509","United States"
"11240","ATARI","ALATA.PA","336738","0.120426","France"
"11241","NantHealth","NHIQ","329655","0.012","United States"
"11242","Vicarious Surgical","RBOT","320911","0.045","United States"
"11243","GAME HOURS","6626.TWO","285836","0.0972769","Taiwan"
"11244","Petros Pharmaceuticals","PTPI","279657","0.0066","United States"
"11245","Ocean Biomedical","OCEA","255601","0.0011","United States"
"11246","Leafly Holdings","LFLY","232138","37","United States"
"11247","ProPhase Labs","PRPH","218295","0.014","United States"
"11248","Aker Carbon Capture","ACC.OL","212397","0.00035151","Norway"
"11249","Trulite","TRUL","212013","0.0001","United States"
"11250","Ampio Pharmaceuticals","AMPE","207884","0.1831","United States"
"11251","Fintech Scion (FintechCashier)","FINR","198743","0.001","United Kingdom"
"11252","CXApp","CXAI","194174","0.089","United States"
"11253","Meyer Burger Technology","MBTN.SW","192618","0.00608813","Switzerland"
"11254","BloomZ","BLMZ","187531","0.128","United States"
"11255","Wearable Health Solutions","WHSI","182670","0.0001","United States"
"11256","Faraday Future","FFAI","174605","0.0717","United States"
"11257","Hallmark Financial Services","HALL","145478","0.08","United States"
"11258","Esports Entertainment","GMBL","126057","0.11","Malta"
"11259","Cenntro Inc.","CENN","113554","0.0775","United States"
"11260","Loop Media","LPTV","103383","0.0007","United States"
"11261","Novo Integrated Sciences","NVOS","76947","0.0039","United States"
"11262","Vincerx Pharma","VINC","68045","0.013","United States"
"11263","PaxMedica","PXMD","63132","0.0005","United States"
"11264","Exela Technologies","XELA","55502","0.002","United States"
"11265","Epiminder","EPI.AX","52809","0.243728","Australia"
"11266","ToughBuilt Industries","TBLT","47699","0.011","United States"
"11267","Presto Automation","PRST","41851","0.0001","United States"
"11268","Vinco Ventures","BBIG","41600","0.0032","United States"
"11269","AiRWA Inc.","YYAI","39582","0.7514","United States"
"11270","Compleo Charging Solutions","C0M.F","38264","0.00754761","Germany"
"11271","Remark Holdings","MARK","37141","0.0006","United States"
"11272","Adler Group","ADJ.DE","34993","0.000230787","Luxembourg"
"11273","Carisma Therapeutics","CARM","33476","0.0008","United States"
"11274","T2 Biosystems","TTOO","28045","0.001","United States"
"11275","Gaming Technologies (Gametech)","GMGT","27420","0.0006","United States"
"11276","Movella","MVLA","20362","0.0004","United States"
"11277","Gamer Pakistan","GPAK","15347","0.0006","United States"
"11278","Mobile Global Esports (Mogo)","MGAM","15091","0.0002","United States"
"11279","iEntertainment Network","IENT","13087","0.0001","United States"
"11280","Vaxxinity","VAXX","12678","0.0001","United States"
"11281","Syros Pharmaceuticals","SYRS","10732","0.0004","United States"
"11282","Trevena","TRVN","9501","0.011","United States"
"11283","4Front Ventures","FFNTF","9152","1.0E-5","United States"
"11284","Triterras","TRIRF","7652","0.0001","Singapore"
"11285","Adamas One","JEWL","7609","0.0002","United States"
"11286","Freeze Tag","FRZT","7505","0.0001","United States"
"11287","USD Partners","USDP","6754","0.0002","United States"
"11288","Stryve Foods","SNAX","4792","0.0011","United States"
"11289","eFFECTOR Therapeutics","EFTR","3763","0.0008","United States"
"11290","Virtual Interactive Technologies","VRVR","2475","0.0003","Bermuda"
"11291","Lipella Pharmaceuticals","LIPO","2310","0.0005","United States"
"11292","Viveve Medical","VIVE","2144","0.0002","United States"
"11293","Telesis Bio","TBIO","1775","0.001","United States"
"11294","Hempacco","HPCO","1184","0.0002","United States"
"11295","Grom Social Enterprises","GROM","902","0.0001","United States"
"11296","Minerva Surgical","UTRS","887","0.0001","United States"
"11297","Lightning eMotors","ZEVY","659","0.0001","United States"
"11298","Calithera Biosciences","CALA","487","0.0001","United States"
"11299","Hogy Medical","3593.T","123","41.0184","Japan"
"11300","Star Micronics","7718.T","70","14.0138","Japan"
"11301","Qiwi","QIWI.ME","0","2.56","Cyprus"
"11302","Rosseti","RSTI.ME","0","0","Russia"
"11303","X5 Retail Group","FIVE.ME","0","32.42","Netherlands"
"11304","Pollux Properti Indonesia","POLL.JK","0","0.00690974","Indonesia"
"11305","Tunas Ridean","TURI.JK","0","0.1","Indonesia"
"11306","Agility Global","AGILITY.AE","0","0","United Arab Emirates"
"11307","Amlak Finance","AMLAK.AE","0","0","United Arab Emirates"
"11308","Drake and Scull International","DSI.AE","0","0","United Arab Emirates"
"11309","Dubai Islamic Insurance &amp; Reinsurance","AMAN.AE","0","0","United Arab Emirates"
"11310","Air Arabia","AIRARABIA.AE","0","0","United Arab Emirates"
"11311","Aramex","ARMX.AE","0","0","United Arab Emirates"
"11312","Dubai Taxi Company","DTC.AE","0","0","United Arab Emirates"
"11313","Emirates Central Cooling Systems","EMPOWER.AE","0","0","United Arab Emirates"
"11314","Ajman Bank","AJMANBANK.AE","0","0","United Arab Emirates"
"11315","Al Ansari Financial Services","ALANSARI.AE","0","0","United Arab Emirates"
"11316","Watania International","WATANIA.AE","0","0","United Arab Emirates"
"11317","Carasent ASA","CARA.OL","0","1.57626","Norway"
"11318","Sultan Center Food Products Company","SULTAN.KW","0","0","Kuwait"
"11319","Lassila &amp; Tikanoja Oyj","LAT1V.HE","0","9.3635","Finland"
"11320","Greenthesis S.p.A.","GTH.MI","0","2.48305","Italy"
"11321","Eckoh plc","ECK.L","0","56.8248","United Kingdom"
"11322","Anexo Group Plc","ANX.L","0","80.3296","United Kingdom"
"11323","Yaoko Co.,Ltd.","8279.T","0","65.9184","Japan"
"11324","Bank of Japan","8301.T","0","194.493","Japan"
"11325","Saluda Medical","SLD.AX","0","0","United States"
"11326","Valiant Gold","VAL.AX","0","0","Australia"
"11327","Pershing Square USA","PSUS","0","0","United States"
"11328","Giunti Psychometrics","GPSYDD.MI","0","0","Italy"
"11329","Advasa Holdings","ADBT","0","0","Japan"
